[15:07:53] [main/INFO]: Loading Minecraft 1.18.2 with Fabric Loader 0.16.3
[15:07:53] [ForkJoinPool-1-worker-3/WARN]: Mod travelersbackpack uses the version fabric-1.18.2-7.1.39 which isn't compatible with Loader's extended semantic version format (Could not parse version number component 'fabric'!), SemVer is recommended for reliably evaluating dependencies and prioritizing newer version
[15:07:53] [ForkJoinPool-1-worker-4/WARN]: Mod globaldataandresourcepacks uses the version 1.12.4_fabric which isn't compatible with Loader's extended semantic version format (Could not parse version number component '4_fabric'!), SemVer is recommended for reliably evaluating dependencies and prioritizing newer version
[15:07:53] [ForkJoinPool-1-worker-3/WARN]: Mod cccbridge uses the version v1.5.1-fabric which isn't compatible with Loader's extended semantic version format (Could not parse version number component 'v1'!), SemVer is recommended for reliably evaluating dependencies and prioritizing newer version
[15:07:53] [ForkJoinPool-1-worker-4/WARN]: Mod createaddition uses the version 20230704a which isn't compatible with Loader's extended semantic version format (Could not parse version number component '20230704a'!), SemVer is recommended for reliably evaluating dependencies and prioritizing newer version
[15:07:53] [ForkJoinPool-1-worker-4/WARN]: Mod letmedespawn uses the version fabric-1.0.2 which isn't compatible with Loader's extended semantic version format (Could not parse version number component 'fabric'!), SemVer is recommended for reliably evaluating dependencies and prioritizing newer version
[15:07:53] [ForkJoinPool-1-worker-2/WARN]: Mod ears uses the version 1.4.5_01 which isn't compatible with Loader's extended semantic version format (Could not parse version number component '5_01'!), SemVer is recommended for reliably evaluating dependencies and prioritizing newer version
[15:07:53] [ForkJoinPool-1-worker-3/WARN]: Mod com_github_rtyley_animated-gif-lib-for-java uses the version animated-gif-lib-1.7 which isn't compatible with Loader's extended semantic version format (Could not parse version number component 'animated'!), SemVer is recommended for reliably evaluating dependencies and prioritizing newer version
[15:07:54] [ForkJoinPool-1-worker-2/WARN]: Mod cem uses the version 0.7.1_S6_1.18 which isn't compatible with Loader's extended semantic version format (Could not parse version number component '1_S6_1'!), SemVer is recommended for reliably evaluating dependencies and prioritizing newer version
[15:07:54] [ForkJoinPool-1-worker-2/WARN]: Mod registrate-fabric uses the version MC1.18.2-1.1.11 which isn't compatible with Loader's extended semantic version format (Could not parse version number component 'MC1'!), SemVer is recommended for reliably evaluating dependencies and prioritizing newer version
[15:07:54] [main/WARN]: Warnings were found!
 - Mod 'Create: Steam 'n Rails' (railways) 1.4.8+fabric-mc1.18.2 recommends version 0.5.1-f-build.1333+mc1.18.2 of mod 'Create' (create), but only the wrong version is present: 0.5.1-f-build.1415+mc1.18.2!
	 - You should install version 0.5.1-f-build.1333+mc1.18.2 of mod 'Create' (create) for the optimal experience.
 - Mod 'Yttr' (yttr) 7.626+1.18.2 conflicts with any version of mod 'Roughly Enough Items' (roughlyenoughitems), which is present with the following versions: 8.4.715!
	 - While this won't prevent you from starting the game, the developer(s) of mod 'Yttr' (yttr) have found that this combination may cause issues. You should remove one of the mods or check for updates that resolve the issue.
 - Mod 'Yttr' (yttr) 7.626+1.18.2 recommends any version of emi, which is missing!
	 - You should install any version of emi for the optimal experience.
[15:07:54] [main/INFO]: Loading 262 mods:
	- ad_astra 1.0.9
	   \-- team_reborn_energy 2.2.0
	- adoptafloppa 1.1.0
	- ae2 11.7.6
	   \-- noindium 1.0.2+1.18.2
	- alternate-current 1.7.0
	- another_furniture 1.2.2-1.18.2
	- appleskin 2.5.1+mc1.18.2
	- architectury 4.12.94
	- astraladditions 1.3.8
	- astralgenerators 1.0.3.28
	- astralvinery 1.2.0
	- autoconfig1u 3.4.0
	- automobility 0.3+1.18.2
	   |-- jsonem 0.1.2
	   \-- myron 1.6.3+1.18.1
	- autos_n_rails 2.0.0
	- badpackets 0.1.3
	- balm-fabric 3.2.6
	- beautify 1.1.1+fabric-1.18.2
	- betteradvancements 0.2.0.146
	- bettercombat 1.6.2+1.18.2
	- blahaj 0.3.2
	- buildinggadgets 1.0.22
	   |-- mm 2.3
	   \-- team_reborn_energy 2.2.0
	- campanion 3.0.3
	- cardinal-components 4.2.0
	   |-- cardinal-components-base 4.2.0
	   |-- cardinal-components-block 4.2.0
	   |-- cardinal-components-chunk 4.2.0
	   |-- cardinal-components-entity 4.2.0
	   |-- cardinal-components-item 4.2.0
	   |-- cardinal-components-level 4.2.0
	   |-- cardinal-components-scoreboard 4.2.0
	   \-- cardinal-components-world 4.2.0
	- catwalksinc 1.3.0
	- cccbridge v1.5.1-fabric
	- chassis 1.1.0
	- chipped 2.0.1
	- chunky 1.2.164
	- cloth-config 6.5.116
	   \-- cloth-basic-math 0.6.1
	- clumps 8.0.0+17
	- cobblegen 5.3.4-BETA
	- companion 2.0.1
	- completeconfig 1.4.1
	- compressor 0.2.0
	   \-- crowdin-translate 1.4+1.18.2
	- computercraft 1.100.8
	   \-- cloth-utils-v1 2.0.54
	- cookingforblockheads 12.2.0
	- copycats 1.18.2-1.2.5
	- create 0.5.1-f-build.1415+mc1.18.2
	   |-- com_google_code_findbugs_jsr305 3.0.2
	   |-- flywheel 0.6.10-39
	   |-- forge_tags 2.1
	   |-- milk 0.3.2
	   |    \-- dripstone_fluid_lib 1.2.0
	   |-- porting_lib 1.2.1304-beta+1.18.2
	   |    |-- forge_tags 2.1
	   |    \-- serialization_hooks 0.3.23
	   \-- registrate-fabric MC1.18.2-1.1.11
	        \-- forge_tags 2.1
	- createaddition 20230704a
	   \-- team_reborn_energy 2.2.0
	- createbigcannons 5.5.1+mc.1.18.2-fabric
	   \-- ritchiesprojectilelib 2.0.0-dev+mc.1.18.2-fabric-build.179
	- createcustomportalapiintegration 1.1.0+1.18.2
	- createdeco 1.3.3-1.18.2
	- createendertransmission 2.0.6-1.18.2-fabric
	- custommachinery 0.8.9
	- custommachinerycreate 1.0.2
	- datapackportals 1.1.1-1.18
	   |-- blue_endless_jankson 1.2.1
	   \-- customportalapi 0.0.1-beta50-1.18
	- dbe 1.18.2-1.0.0
	- debugify 1.11.0
	- disableportals 0.2.0-1.18-pre5
	- doodads 0.1.2-1.18.2
	- drinkbeer 3.2.0
	- drippyloadingscreen 3.0.1
	- dustrial_decor 0.5
	- environmentalcreepers 1.6.0
	- estrogen 4.1.0+1.18.2-fabric
	- explorerscompass 1.18.2-2.2.0-fabric
	- extended_drawers 1.3.7+mc.1.18.2
	   |-- graphlib 0.2.4+1.18.2
	   \-- mconfig 1.2.0
	        \-- de_poiu_apron_apron 2.1.1
	- extractinator 2.0.1
	   \-- resourcefullib 0.0.4
	- fabric-api 0.77.0+1.18.2
	   |-- fabric-api-base 0.4.5+64b7c69360
	   |-- fabric-api-lookup-api-v1 1.6.3+2373a54560
	   |-- fabric-biome-api-v1 8.0.7+e83becad60
	   |-- fabric-block-api-v1 1.0.0+ee3621fc60
	   |-- fabric-blockrenderlayer-v1 1.1.13+3ac43d9560
	   |-- fabric-command-api-v1 1.1.10+d7c144a860
	   |-- fabric-commands-v0 0.2.9+b4f4f6cd60
	   |-- fabric-containers-v0 0.1.24+d7c144a860
	   |-- fabric-content-registries-v0 3.1.3+c85f2e3860
	   |-- fabric-convention-tags-v1 1.1.0+43ce63a460
	   |-- fabric-crash-report-info-v1 0.2.1+ee261a3e60
	   |-- fabric-data-generation-api-v1 3.1.0+6c70b68e60
	   |-- fabric-dimensions-v1 2.1.21+489d6f8260
	   |-- fabric-entity-events-v1 1.4.9+d7c144a860
	   |-- fabric-events-interaction-v0 0.4.20+d7c144a860
	   |-- fabric-events-lifecycle-v0 0.2.22+d7c144a860
	   |-- fabric-game-rule-api-v1 1.0.13+d7c144a860
	   |-- fabric-item-api-v1 1.6.2+8165403660
	   |-- fabric-item-groups-v0 0.3.16+91896a4960
	   |-- fabric-key-binding-api-v1 1.0.12+54e5b2ec60
	   |-- fabric-keybindings-v0 0.2.10+b4f4f6cd60
	   |-- fabric-lifecycle-events-v1 2.1.1+cc71601c60
	   |-- fabric-loot-api-v2 1.1.2+1997ad1260
	   |-- fabric-loot-tables-v1 1.1.4+e747827960
	   |-- fabric-mining-level-api-v1 2.1.6+cc71601c60
	   |-- fabric-models-v0 0.3.7+d7c144a860
	   |-- fabric-networking-api-v1 1.0.24+2d30af4b60
	   |-- fabric-networking-v0 0.3.11+b4f4f6cd60
	   |-- fabric-object-builder-api-v1 2.1.5+032c981d60
	   |-- fabric-particles-v1 0.2.13+526dc1ac60
	   |-- fabric-registry-sync-v0 0.9.12+bb2e047760
	   |-- fabric-renderer-api-v1 0.5.0+bf48649860
	   |-- fabric-renderer-indigo 0.6.1+03e2b68760
	   |-- fabric-renderer-registries-v1 3.2.13+b4f4f6cd60
	   |-- fabric-rendering-data-attachment-v1 0.3.9+ee3621fc60
	   |-- fabric-rendering-fluids-v1 2.0.3+54e5b2ec60
	   |-- fabric-rendering-v0 1.1.15+b4f4f6cd60
	   |-- fabric-rendering-v1 1.11.0+b7f3cf3460
	   |-- fabric-resource-conditions-api-v1 2.0.3+91b7aa6660
	   |-- fabric-resource-loader-v0 0.5.3+047a5ecb60
	   |-- fabric-screen-api-v1 1.0.11+d882b91560
	   |-- fabric-screen-handler-api-v1 1.2.3+1f6558e860
	   |-- fabric-textures-v0 1.0.13+3ac43d9560
	   |-- fabric-transfer-api-v1 1.6.4+f4563ac860
	   \-- fabric-transitive-access-wideners-v1 1.1.0+e747827960
	- fabric-language-kotlin 1.10.19+kotlin.1.9.23
	   |-- org_jetbrains_kotlin_kotlin-reflect 1.9.23
	   |-- org_jetbrains_kotlin_kotlin-stdlib 1.9.23
	   |-- org_jetbrains_kotlin_kotlin-stdlib-jdk7 1.9.23
	   |-- org_jetbrains_kotlin_kotlin-stdlib-jdk8 1.9.23
	   |-- org_jetbrains_kotlinx_atomicfu-jvm 0.23.2
	   |-- org_jetbrains_kotlinx_kotlinx-coroutines-core-jvm 1.8.0
	   |-- org_jetbrains_kotlinx_kotlinx-coroutines-jdk8 1.8.0
	   |-- org_jetbrains_kotlinx_kotlinx-datetime-jvm 0.5.0
	   |-- org_jetbrains_kotlinx_kotlinx-serialization-cbor-jvm 1.6.3
	   |-- org_jetbrains_kotlinx_kotlinx-serialization-core-jvm 1.6.3
	   \-- org_jetbrains_kotlinx_kotlinx-serialization-json-jvm 1.6.3
	- fabricloader 0.16.3
	   \-- mixinextras 0.4.1
	- fancymenu 3.2.3
	   |-- com_github_keksuccino_japng 0.5.3
	   \-- com_github_rtyley_animated-gif-lib-for-java animated-gif-lib-1.7
	- farmersdelight 1.18.2-1.2.5
	- fastfurnace 1.18.2-4.1
	- ferritecore 4.2.1
	- forgeconfigapiport 3.2.4
	- ftbbackups2 1.0.23
	- ftbchunks 1802.3.17-build.265
	- ftblibrary 1802.3.11-build.177
	- ftbquests 1802.3.15-build.298
	   \-- team_reborn_energy 2.2.0
	- ftbteams 1802.2.11-build.107
	- gearreborn 1.18.2-0.1.14
	- geckolib3 3.0.80
	   \-- com_eliotlash_mclib_mclib 20
	- globaldataandresourcepacks 1.12.4_fabric
	- harvestwithease 8.0.1.0
	- iceberg 1.0.38
	- idwtialsimmoedm 0.1.1+1.18
	- immersive_aircraft 0.5.2+1.18.2
	- immersive_paintings 0.6.7+1.18.2
	- interiors 0.5.3
	- itemfilters 1802.2.8-build.50
	- jade 5.100.0
	- jadeaddons 2.2.0
	- java 17
	- jmi 0.13-43
	- journeymap-fabric 5.9.8
	   \-- journeymap-api-fabric 1.18.2-1.9-fabric-SNAPSHOT
	- konkrete 1.8.0
	- krypton 0.1.9
	   \-- com_velocitypowered_velocity-native 1.1.0-SNAPSHOT
	- kubejs 1802.5.5-build.569
	- kubejs_create 1802.2.4-build.23
	- lazydfu 0.1.2
	- leaves_us_in_peace 1.0.11
	   \-- crowdin-translate 1.4+1.18.2
	- letmedespawn fabric-1.0.2
	- limitedchunks 1.18.2-2.5
	- lithium 0.10.3
	- lootr 0.3.28.65
	- melody 1.0.1
	- memoryleakfix 1.1.2
	- midnightlib 0.4.4
	- minecraft 1.18.2
	- mixintrace 1.1.1+1.17
	- modernfix 5.16.1+mc1.18.2
	   \-- fabric-resource-loader-v0 0.5.3+047a5ecb60
	- morejs 0.0.6
	- mysticaloaktree 1.18.2-1.0
	- naturalist 1.1.1
	- nerb 0.3
	- neruina 1.3.0
	   \-- mixinsquared 0.1.1
	- observable 2.2.3
	- packages 3.4
	- packed-inventory 0.2.2+1.18.2
	   |-- fabric-key-binding-api-v1 1.0.11+54e5b2ecd2
	   \-- fabric-rendering-v1 1.10.6+54e5b2ecd2
	- passivepiglins 1.0.1
	- patchouli 1.18.2-71-FABRIC
	   \-- fiber 0.23.0-2
	- per_aspera 1.4.2
	- peripheralium 0.4.22-1.18.2
	- peripheralworks 0.2.9
	- phonos 0.3+1.18.2
	   |-- advanced_runtime_resource_pack 0.5.7
	   \-- libgui 5.2.0+1.18
	        |-- jankson 4.0.0+j1.2.0
	        \-- libninepatch 1.1.0
	- ping-wheel 1.8.0
	- pipeblocker 1.1.3
	- player-animator 1.0.2+1.18
	- polaroidcamera 1.2.9
	- polymorph 0.0.24-1.18.2
	- ponder_overrides 0.0.2+1.18.2
	- ponderjs 1.1.9
	- probejs 4.0.0-fix4
	- projectile_damage 3.1.0+1.18.2
	- projecttable 1.0.3
	- puzzleslib 3.3.5
	- quarrymod 0.7.3
	- questsadditions 1.4.1
	- railways 1.4.8+fabric-mc1.18.2
	- reinfchest 2.2.0+1.18
	   \-- reinfcore 3.0.3+1.18
	- rhino 1802.2.1-build.255
	- roughlyenoughitems 8.4.715
	   \-- error_notifier 1.0.9
	- searchlight 1.1.7
	- servercore 1.3.5+1.18.2
	   |-- com_electronwill_night-config_core 3.6.6
	   |-- com_electronwill_night-config_toml 3.6.6
	   |-- fabric-permissions-api-v0 0.2-SNAPSHOT
	   \-- placeholder-api 1.1.3+1.17.1
	- servertick 1.6
	   \-- com_moandjiezana_toml_toml4j 0.7.2
	- simple-rpc 3.2.4
	   |-- com_hypherionmc_rpcsdk 1.0
	   \-- me_hypherionmc_simplerpc_simple-rpc-common 4.2.21
	- simplyswords 1.40-1.18.2
	- smoothchunk 1.18.2-1.9
	- smwyg 1.0.4
	- sniffer 1.1.2
	- spark 1.10.39
	- spoutingfix 1
	- starlight 1.0.2+fabric.89b8d9f
	- subterrestrial 2.0.0
	- suggestion_tweaker 1.18.2-1.5.1
	- supermartijn642corelib 1.1.17
	- t_and_t 1.10.0.1
	- tconstruct 1.18.2-3.5.2.155
	   |-- mantle 1.18.2-1.9.156
	   |    |-- forge_tags 2.1
	   |    |-- reach-entity-attributes 2.2.0
	   |    |-- satin 1.7.2
	   |    \-- star 1.3+1.18.2
	   |-- milk 0.3.2
	   |    \-- dripstone_fluid_lib 1.2.0
	   \-- serialization_hooks 0.3.23
	- techreborn 5.2.1
	   |-- reborncore 5.2.1
	   |    \-- team_reborn_energy 2.2.0
	   \-- team_reborn_energy 2.2.0
	- trashcans 1.0.18
	   \-- team_reborn_energy 2.2.0
	- travelersbackpack fabric-1.18.2-7.1.39
	   \-- reach-entity-attributes 2.2.0
	- trinkets 3.3.1
	- trowel 1.1.0
	- vinery 1.1.4
	   \-- terraform-wood-api-v1 3.1.0
	- worldedit 7.2.10+1742f98
	- xenon 1.0.0
	   |-- net_covers1624_quack 0.4.10.109
	   \-- org_joml_joml 1.10.8
	- xlpackets 3.1-1.18.2
	- xpcrystals 1.0.2
	- yigd 1.3.15
	- yttr 7.626+1.18.2
	   \-- noindium 1.0.2+1.18.2
[15:07:54] [main/INFO]: SpongePowered MIXIN Subsystem Version=0.8.7 Source=file:/workspaces/Servertest/servidor_minecraft/libraries/net/fabricmc/sponge-mixin/0.15.2+mixin.0.8.7/sponge-mixin-0.15.2+mixin.0.8.7.jar Service=Knot/Fabric Env=SERVER
[15:07:54] [main/INFO]: Compatibility level set to JAVA_17
[15:07:55] [main/WARN]: Reference map 'cccbridge-mc1.18.2-fabric-refmap.json' for cccbridge.mixins.json could not be read. If this is a development environment you can ignore this message
[15:07:55] [main/WARN]: Reference map 'immersive_paintings-common-refmap.json' for immersive_paintings.mixin.json could not be read. If this is a development environment you can ignore this message
[15:07:55] [main/WARN]: Reference map 'interiors-fabric-refmap.json' for interiors.mixins.json could not be read. If this is a development environment you can ignore this message
[15:07:55] [main/WARN]: Mod 'yttr' attempted to override option 'mixin.entity.fast_suffocation_check', which doesn't exist, ignoring
[15:07:55] [main/INFO]: Loaded configuration file for Lithium: 105 options available, 4 override(s) found
[15:07:55] [main/INFO]: Loaded configuration file for ModernFix 5.16.1+mc1.18.2: 55 options available, 1 override(s) found
[15:07:55] [main/WARN]: Option 'mixin.bugfix.item_cache_flag' overriden (by mods [lithium]) to 'false'
[15:07:55] [main/INFO]: Applying Nashorn fix
[15:07:55] [main/WARN]: Reference map 'mysticaloaktree-fabric-refmap.json' for mysticaloaktree.mixins.json could not be read. If this is a development environment you can ignore this message
[15:07:55] [main/WARN]: Reference map 'mysticaloaktree-common-refmap.json' for mysticaloaktree-common.mixins.json could not be read. If this is a development environment you can ignore this message
[15:07:55] [main/WARN]: Reference map 'nerb-fabric-refmap.json' for nerb.mixins.json could not be read. If this is a development environment you can ignore this message
[15:07:55] [main/WARN]: Reference map 'peripheralium-refmap.json' for peripheralium.mixins.json could not be read. If this is a development environment you can ignore this message
[15:07:55] [main/WARN]: Reference map 'projecttable-refmap.json' for projecttable.mixins.json could not be read. If this is a development environment you can ignore this message
[15:07:55] [main/WARN]: Reference map 'simplyswords-common-refmap.json' for simplyswords-common.mixins.json could not be read. If this is a development environment you can ignore this message
[15:07:55] [main/WARN]: Reference map 'trashcans.mixins.refmap.json' for trashcans.mixins.json could not be read. If this is a development environment you can ignore this message
[15:07:56] [main/WARN]: Error loading class: net/minecraft/class_572 (java.lang.ClassNotFoundException: net/minecraft/class_572)
[15:07:56] [main/WARN]: @Mixin target net.minecraft.class_572 was not found porting_lib.mixins.common.json:accessor.HumanoidModelAccessor from mod porting_lib
[15:07:56] [main/WARN]: Error loading class: com/simibubi/create/content/contraptions/fluids/FluidReactions (java.lang.ClassNotFoundException: com/simibubi/create/content/contraptions/fluids/FluidReactions)
[15:07:56] [main/WARN]: Error loading class: com/simibubi/create/content/contraptions/fluids/FluidReactions (java.lang.ClassNotFoundException: com/simibubi/create/content/contraptions/fluids/FluidReactions)
[15:07:56] [main/WARN]: Error loading class: com/firemerald/additionalplacements/common/ConfigCommon (java.lang.ClassNotFoundException: com/firemerald/additionalplacements/common/ConfigCommon)
[15:07:56] [main/WARN]: Error loading class: com/firemerald/additionalplacements/block/AdditionalPlacementBlock (java.lang.ClassNotFoundException: com/firemerald/additionalplacements/block/AdditionalPlacementBlock)
[15:07:56] [main/WARN]: @Mixin target com.firemerald.additionalplacements.block.AdditionalPlacementBlock was not found copycats-common.mixins.json:compat.additionalplacements.PlacementBlockMixin from mod copycats
[15:07:56] [main/WARN]: Error loading class: me/jellysquid/mods/lithium/common/ai/pathing/PathNodeDefaults (java.lang.ClassNotFoundException: me/jellysquid/mods/lithium/common/ai/pathing/PathNodeDefaults)
[15:07:56] [main/WARN]: Error loading class: me/jellysquid/mods/sodium/client/render/chunk/compile/pipeline/BlockOcclusionCache (java.lang.ClassNotFoundException: me/jellysquid/mods/sodium/client/render/chunk/compile/pipeline/BlockOcclusionCache)
[15:07:56] [main/WARN]: Error loading class: net/minecraft/class_761 (java.lang.ClassNotFoundException: net/minecraft/class_761)
[15:07:56] [main/WARN]: @Mixin target net.minecraft.class_761 was not found custommachinery.fabric.mixins.json:LevelRendererMixin from mod custommachinery
[15:07:56] [main/WARN]: Error loading class: net/minecraft/class_636 (java.lang.ClassNotFoundException: net/minecraft/class_636)
[15:07:56] [main/WARN]: @Mixin target net.minecraft.class_636 was not found custommachinery.fabric.mixins.json:MultiplayerGameModeMixin from mod custommachinery
[15:07:56] [main/WARN]: Error loading class: net/minecraft/class_304 (java.lang.ClassNotFoundException: net/minecraft/class_304)
[15:07:56] [main/WARN]: @Mixin target net.minecraft.class_304 was not found ftblibrary-fabric.mixins.json:KeyMappingAccessor from mod ftblibrary
[15:07:56] [main/WARN]: Force-disabling mixin 'alloc.blockstate.StateMixin' as rule 'mixin.alloc.blockstate' (added by mods [ferritecore]) disables it and children
[15:07:56] [main/WARN]: Force-disabling mixin 'alloc.chunk_ticking.ServerChunkManagerMixin' as rule 'mixin.alloc.chunk_ticking' (added by mods [servercore]) disables it and children
[15:07:56] [main/WARN]: Force-disabling mixin 'entity.collisions.fluid.EntityMixin' as rule 'mixin.entity.collisions' (added by mods [yttr]) disables it and children
[15:07:56] [main/WARN]: Force-disabling mixin 'entity.collisions.intersection.CollisionViewMixin' as rule 'mixin.entity.collisions' (added by mods [yttr]) disables it and children
[15:07:56] [main/WARN]: Force-disabling mixin 'entity.collisions.movement.EntityMixin' as rule 'mixin.entity.collisions' (added by mods [yttr]) disables it and children
[15:07:56] [main/WARN]: Force-disabling mixin 'entity.collisions.suffocation.EntityMixin' as rule 'mixin.entity.collisions' (added by mods [yttr]) disables it and children
[15:07:56] [main/WARN]: Force-disabling mixin 'entity.collisions.unpushable_cramming.AbstractMinecartEntityMixin' as rule 'mixin.entity.collisions' (added by mods [yttr]) disables it and children
[15:07:56] [main/WARN]: Force-disabling mixin 'entity.collisions.unpushable_cramming.BoatEntityMixin' as rule 'mixin.entity.collisions' (added by mods [yttr]) disables it and children
[15:07:56] [main/WARN]: Force-disabling mixin 'entity.collisions.unpushable_cramming.EntityMixin' as rule 'mixin.entity.collisions' (added by mods [yttr]) disables it and children
[15:07:56] [main/WARN]: Force-disabling mixin 'entity.collisions.unpushable_cramming.EntityPredicatesMixin' as rule 'mixin.entity.collisions' (added by mods [yttr]) disables it and children
[15:07:56] [main/WARN]: Force-disabling mixin 'entity.collisions.unpushable_cramming.EntityTrackingSectionMixin' as rule 'mixin.entity.collisions' (added by mods [yttr]) disables it and children
[15:07:56] [main/WARN]: Force-disabling mixin 'entity.collisions.unpushable_cramming.LivingEntityMixin' as rule 'mixin.entity.collisions' (added by mods [yttr]) disables it and children
[15:07:56] [main/WARN]: Force-disabling mixin 'world.player_chunk_tick.ThreadedAnvilChunkStorageMixin' as rule 'mixin.world.player_chunk_tick' (added by mods [krypton]) disables it and children
[15:07:56] [main/WARN]: Error loading class: net/minecraft/class_312 (java.lang.ClassNotFoundException: net/minecraft/class_312)
[15:07:56] [main/WARN]: @Mixin target net.minecraft.class_312 was not found polaroidcamera.mixins.json:MouseMixin from mod polaroidcamera
[15:07:57] [main/WARN]: Error loading class: net/minecraft/class_5616 (java.lang.ClassNotFoundException: net/minecraft/class_5616)
[15:07:57] [main/WARN]: @Mixin target net.minecraft.class_5616 was not found registrate-fabric.mixins.json:accessor.BlockEntityRenderersAccessor from mod registrate-fabric
[15:07:57] [main/WARN]: Error loading class: nourl/mythicmetals/abilities/Abilities (java.lang.ClassNotFoundException: nourl/mythicmetals/abilities/Abilities)
[15:07:57] [main/WARN]: @Mixin target nourl.mythicmetals.abilities.Abilities was not found simplyswords.mixins.json:MythicMetalsAbilityMixin from mod simplyswords
[15:07:57] [main/WARN]: Error loading class: nourl/mythicmetals/MythicMetals (java.lang.ClassNotFoundException: nourl/mythicmetals/MythicMetals)
[15:07:57] [main/WARN]: @Mixin target nourl.mythicmetals.MythicMetals was not found simplyswords.mixins.json:MythicMetalsInitMixin from mod simplyswords
[15:07:57] [main/WARN]: Error loading class: net/minecraft/class_1092 (java.lang.ClassNotFoundException: net/minecraft/class_1092)
[15:07:57] [main/WARN]: @Mixin target net.minecraft.class_1092 was not found star.mixins.json:client.BakedModelManagerMixin from mod star
[15:07:57] [main/WARN]: Error loading class: net/minecraft/class_746 (java.lang.ClassNotFoundException: net/minecraft/class_746)
[15:07:57] [main/WARN]: @Mixin target net.minecraft.class_746 was not found star.mixins.json:client.ClientPlayerEntityMixin from mod star
[15:07:57] [main/WARN]: Error loading class: net/minecraft/class_1059 (java.lang.ClassNotFoundException: net/minecraft/class_1059)
[15:07:57] [main/WARN]: @Mixin target net.minecraft.class_1059 was not found star.mixins.json:client.SpriteAtlasTextureMixin from mod star
[15:07:57] [main/WARN]: Error loading class: draylar/magna/api/MagnaTool (java.lang.ClassNotFoundException: draylar/magna/api/MagnaTool)
[15:07:57] [main/WARN]: Error loading class: io/github/apace100/apoli/power/KeepInventoryPower (java.lang.ClassNotFoundException: io/github/apace100/apoli/power/KeepInventoryPower)
[15:07:57] [main/WARN]: Error loading class: twilightforest/util/EntityUtil (java.lang.ClassNotFoundException: twilightforest/util/EntityUtil)
[15:07:57] [main/INFO]: [MemoryLeakFix] Will be applying 3 memory leak fixes!
[15:07:57] [main/INFO]: [MemoryLeakFix] Currently enabled memory leak fixes: [tagKeyLeak, entityMemoriesLeak, biomeTemperatureLeak]
[15:07:57] [main/ERROR]: blahaj.mixins.json:AnvilScreenHandlerMixin from mod blahaj: Super class 'hibi.blahaj.mixin.ForgingScreenHandlerMixin' of AnvilScreenHandlerMixin was not found in the hierarchy of target class 'net/minecraft/class_1706'
org.spongepowered.asm.mixin.transformer.throwables.InvalidMixinException: Super class 'hibi.blahaj.mixin.ForgingScreenHandlerMixin' of AnvilScreenHandlerMixin was not found in the hierarchy of target class 'net/minecraft/class_1706'
	at org.spongepowered.asm.mixin.transformer.MixinInfo$SubType$Standard.validate(MixinInfo.java:593) ~[sponge-mixin-0.15.2+mixin.0.8.7.jar:0.15.2+mixin.0.8.7]
	at org.spongepowered.asm.mixin.transformer.MixinInfo$State.validate(MixinInfo.java:327) ~[sponge-mixin-0.15.2+mixin.0.8.7.jar:0.15.2+mixin.0.8.7]
	at org.spongepowered.asm.mixin.transformer.MixinInfo.validate(MixinInfo.java:913) ~[sponge-mixin-0.15.2+mixin.0.8.7.jar:0.15.2+mixin.0.8.7]
	at org.spongepowered.asm.mixin.transformer.MixinConfig.postInitialise(MixinConfig.java:884) [sponge-mixin-0.15.2+mixin.0.8.7.jar:0.15.2+mixin.0.8.7]
	at org.spongepowered.asm.mixin.transformer.MixinProcessor.prepareConfigs(MixinProcessor.java:568) [sponge-mixin-0.15.2+mixin.0.8.7.jar:0.15.2+mixin.0.8.7]
	at org.spongepowered.asm.mixin.transformer.MixinProcessor.select(MixinProcessor.java:462) [sponge-mixin-0.15.2+mixin.0.8.7.jar:0.15.2+mixin.0.8.7]
	at org.spongepowered.asm.mixin.transformer.MixinProcessor.checkSelect(MixinProcessor.java:438) [sponge-mixin-0.15.2+mixin.0.8.7.jar:0.15.2+mixin.0.8.7]
	at org.spongepowered.asm.mixin.transformer.MixinProcessor.applyMixins(MixinProcessor.java:290) [sponge-mixin-0.15.2+mixin.0.8.7.jar:0.15.2+mixin.0.8.7]
	at org.spongepowered.asm.mixin.transformer.MixinTransformer.transformClass(MixinTransformer.java:234) [sponge-mixin-0.15.2+mixin.0.8.7.jar:0.15.2+mixin.0.8.7]
	at org.spongepowered.asm.mixin.transformer.MixinTransformer.transformClassBytes(MixinTransformer.java:202) [sponge-mixin-0.15.2+mixin.0.8.7.jar:0.15.2+mixin.0.8.7]
	at net.fabricmc.loader.impl.launch.knot.KnotClassDelegate.getPostMixinClassByteArray(KnotClassDelegate.java:422) [fabric-loader-0.16.3.jar:?]
	at net.fabricmc.loader.impl.launch.knot.KnotClassDelegate.tryLoadClass(KnotClassDelegate.java:323) [fabric-loader-0.16.3.jar:?]
	at net.fabricmc.loader.impl.launch.knot.KnotClassDelegate.loadClass(KnotClassDelegate.java:218) [fabric-loader-0.16.3.jar:?]
	at net.fabricmc.loader.impl.launch.knot.KnotClassLoader.loadClass(KnotClassLoader.java:119) [fabric-loader-0.16.3.jar:?]
	at java.lang.ClassLoader.loadClass(ClassLoader.java:525) [?:?]
	at java.lang.Class.forName0(Native Method) ~[?:?]
	at java.lang.Class.forName(Class.java:467) [?:?]
	at net.fabricmc.loader.impl.util.DefaultLanguageAdapter.create(DefaultLanguageAdapter.java:50) [fabric-loader-0.16.3.jar:?]
	at net.fabricmc.loader.impl.entrypoint.EntrypointStorage$NewEntry.getOrCreate(EntrypointStorage.java:124) [fabric-loader-0.16.3.jar:?]
	at net.fabricmc.loader.impl.entrypoint.EntrypointContainerImpl.getEntrypoint(EntrypointContainerImpl.java:53) [fabric-loader-0.16.3.jar:?]
	at net.fabricmc.loader.impl.FabricLoaderImpl.invokeEntrypoints(FabricLoaderImpl.java:399) [fabric-loader-0.16.3.jar:?]
	at net.fabricmc.loader.impl.launch.knot.Knot.init(Knot.java:160) [fabric-loader-0.16.3.jar:?]
	at net.fabricmc.loader.impl.launch.knot.Knot.launch(Knot.java:68) [fabric-loader-0.16.3.jar:?]
	at net.fabricmc.loader.impl.launch.knot.KnotServer.main(KnotServer.java:23) [fabric-loader-0.16.3.jar:?]
	at net.fabricmc.loader.impl.launch.server.FabricServerLauncher.main(FabricServerLauncher.java:69) [fabric-loader-0.16.3.jar:?]
	at net.fabricmc.installer.ServerLauncher.main(ServerLauncher.java:69) [fabric-server-launch.jar:1.0.1]
[15:07:57] [main/WARN]: Error loading class: com/simibubi/create/content/contraptions/fluids/FluidReactions (java.lang.ClassNotFoundException: com/simibubi/create/content/contraptions/fluids/FluidReactions)
[15:07:57] [main/WARN]: Error loading class: com/simibubi/create/content/contraptions/fluids/FluidReactions (java.lang.ClassNotFoundException: com/simibubi/create/content/contraptions/fluids/FluidReactions)
[15:07:57] [main/WARN]: Error loading class: com/simibubi/create/content/contraptions/fluids/FluidReactions (java.lang.ClassNotFoundException: com/simibubi/create/content/contraptions/fluids/FluidReactions)
[15:07:57] [main/WARN]: Error loading class: com/simibubi/create/content/contraptions/fluids/FluidReactions (java.lang.ClassNotFoundException: com/simibubi/create/content/contraptions/fluids/FluidReactions)
[15:07:57] [main/WARN]: Error loading class: com/firemerald/additionalplacements/block/AdditionalPlacementBlock (java.lang.ClassNotFoundException: com/firemerald/additionalplacements/block/AdditionalPlacementBlock)
[15:07:57] [main/WARN]: Error loading class: com/firemerald/additionalplacements/block/AdditionalPlacementBlock (java.lang.ClassNotFoundException: com/firemerald/additionalplacements/block/AdditionalPlacementBlock)
[15:07:57] [main/INFO]: Discovered 134 classes in com.unascribed.yttr.mixin (skipped 69)
[15:07:57] [main/WARN]: Error loading class: net/minecraft/class_761$class_762 (java.lang.ClassNotFoundException: net/minecraft/class_761$class_762)
[15:07:57] [main/WARN]: @Mixin target net.minecraft.class_761$class_762 was not found yttr.mixins.json:accessor.client.AccessorChunkInfo from mod yttr
[15:07:57] [main/WARN]: Error loading class: net/minecraft/class_507 (java.lang.ClassNotFoundException: net/minecraft/class_507)
[15:07:57] [main/WARN]: @Mixin target net.minecraft.class_507 was not found yttr.mixins.json:accessor.client.AccessorRecipeBookWidget from mod yttr
[15:07:57] [main/WARN]: Error loading class: me/jellysquid/mods/sodium/client/world/WorldSlice (java.lang.ClassNotFoundException: me/jellysquid/mods/sodium/client/world/WorldSlice)
[15:07:57] [main/WARN]: Error loading class: net/minecraft/class_898 (java.lang.ClassNotFoundException: net/minecraft/class_898)
[15:07:57] [main/WARN]: @Mixin target net.minecraft.class_898 was not found yttr.mixins.json:neodymium.MixinEntityRenderDispatcher from mod yttr
[15:07:57] [main/WARN]: Error loading class: net/minecraft/class_916 (java.lang.ClassNotFoundException: net/minecraft/class_916)
[15:07:57] [main/WARN]: @Mixin target net.minecraft.class_916 was not found yttr.mixins.json:neodymium.MixinItemEntityRenderer from mod yttr
[15:07:57] [main/WARN]: Error loading class: net/minecraft/block/dispenser/DispenserBehavior$17 (java.lang.ClassNotFoundException: net/minecraft/block/dispenser/DispenserBehavior$17)
[15:07:57] [main/WARN]: @Mixin target net/minecraft/block/dispenser/DispenserBehavior$17 was not found yttr.mixins.json:smashing.MixinGlassBottleDispenserBehavior from mod yttr
[15:07:57] [main/WARN]: Error loading class: net/minecraft/block/dispenser/DispenserBehavior$17 (java.lang.ClassNotFoundException: net/minecraft/block/dispenser/DispenserBehavior$17)
[15:07:57] [main/WARN]: Error loading class: net/minecraft/block/dispenser/DispenserBehavior$17 (java.lang.ClassNotFoundException: net/minecraft/block/dispenser/DispenserBehavior$17)
[15:07:57] [main/INFO]: I used the json to destroy the json
[15:07:58] [main/INFO]: Successfully loaded online PipeBlocker filter with 0 entries.
[15:07:58] [main/INFO]: Initializing MixinExtras via com.llamalad7.mixinextras.service.MixinExtrasServiceImpl(version=0.4.1).
[15:08:00] [main/WARN]: Error loading class: com/firemerald/additionalplacements/block/AdditionalPlacementBlock (java.lang.ClassNotFoundException: com/firemerald/additionalplacements/block/AdditionalPlacementBlock)
[15:08:00] [main/WARN]: Error loading class: com/firemerald/additionalplacements/block/AdditionalPlacementBlock (java.lang.ClassNotFoundException: com/firemerald/additionalplacements/block/AdditionalPlacementBlock)
[15:08:00] [main/WARN]: Error loading class: com/firemerald/additionalplacements/block/AdditionalPlacementBlock (java.lang.ClassNotFoundException: com/firemerald/additionalplacements/block/AdditionalPlacementBlock)
[15:08:00] [main/WARN]: Error loading class: com/firemerald/additionalplacements/block/AdditionalPlacementBlock (java.lang.ClassNotFoundException: com/firemerald/additionalplacements/block/AdditionalPlacementBlock)
[15:08:00] [main/WARN]: Error loading class: com/firemerald/additionalplacements/block/AdditionalPlacementBlock (java.lang.ClassNotFoundException: com/firemerald/additionalplacements/block/AdditionalPlacementBlock)
[15:08:01] [main/INFO]: Injecting BlockStateBase cache population hook into getOpacityIfCached from ca.spottedleaf.starlight.mixin.common.blockstate.BlockStateBaseMixin
[15:08:01] [main/INFO]: Injecting BlockStateBase cache population hook into getNeighborPathNodeType from me.jellysquid.mods.lithium.mixin.ai.pathing.AbstractBlockStateMixin
[15:08:01] [main/INFO]: Injecting BlockStateBase cache population hook into getPathNodeType from me.jellysquid.mods.lithium.mixin.ai.pathing.AbstractBlockStateMixin
[15:08:01] [main/INFO]: Injecting BlockStateBase cache population hook into method_26229 from me.jellysquid.mods.lithium.mixin.block.flatten_states.AbstractBlockStateMixin
[15:08:01] [main/INFO]: Injecting BlockStateBase cache population hook into isConditionallyFullOpaque from ca.spottedleaf.starlight.mixin.common.blockstate.BlockStateBaseMixin
[15:08:01] [main/INFO]: Injecting BlockStateBase cache population hook into getAllFlags from me.jellysquid.mods.lithium.mixin.chunk.block_counting.AbstractBlockStateMixin
[15:08:01] [main/WARN]: @ModifyVariable(@At("FIELD")) Shift.BY=3 on yttr.mixins.json:flopper.MixinHopperBlockEntity from mod yttr::localvar$doe000$yttr$modifyExtractDirection exceeds the maximum allowed value: 0. Increase the value of maxShiftBy to suppress this warning.
[15:08:03] [main/WARN]: Static binding violation: PRIVATE @Overwrite method method_21740 in modernfix-common.mixins.json:perf.remove_biome_temperature_cache.BiomeMixin from mod modernfix cannot reduce visibiliy of PUBLIC target method, visibility will be upgraded.
[15:08:04] [main/WARN]: @ModifyConstant conflict. Skipping yttr.mixins.json:MixinShapedRecipe from mod yttr->@ModifyConstant::mojangAreCowardsAndSmellBad(I)I with priority 1000, already redirected by porting_lib.mixins.common.json:ShapedRecipeMixin from mod porting_lib->@ModifyConstant::port_lib$modifyMaxHeight(I)I with priority 1000
[15:08:04] [main/WARN]: @ModifyConstant conflict. Skipping yttr.mixins.json:MixinShapedRecipe from mod yttr->@ModifyConstant::mojangAreCowardsAndSmellBad(I)I with priority 1000, already redirected by porting_lib.mixins.common.json:ShapedRecipeMixin from mod porting_lib->@ModifyConstant::port_lib$modifyMaxWidth(I)I with priority 1000
[15:08:04] [main/WARN]: Error loading class: net/minecraft/block/dispenser/DispenserBehavior$17 (java.lang.ClassNotFoundException: net/minecraft/block/dispenser/DispenserBehavior$17)
[15:08:04] [main/ERROR]: onLoad
[15:08:04] [main/INFO]: Vanilla bootstrap took 5655 milliseconds
[15:08:05] [main/INFO]: [CobbleGen] Trying to load config file...
[15:08:05] [main/ERROR]: [CobbleGen] There was an error while loading the config file!
java.io.FileNotFoundException: ./config/cobblegen-meta.json5 (No such file or directory)
[15:08:05] [main/INFO]: [CobbleGen] Trying to create config file...
[15:08:05] [main/WARN]: [CobbleGen] Falling back to default config...
[15:08:06] [main/INFO]: Adopt a Floppa is active!
[15:08:06] [main/INFO]: Astral Additions is active!
[15:08:06] [main/WARN]: Invalid config, creating new one!
[15:08:06] [main/INFO]: Using temporary Myron fix for following mod ids:
[15:08:06] [main/INFO]: "railways"; "create"
[15:08:06] [main/INFO]: Initializing Chassis
[15:08:07] [main/INFO]: Generated Configs for "compressor"
[15:08:07] [main/INFO]: Generated Resources for "compressor"
[15:08:07] [main/INFO]: Booting up Compressor
[15:08:07] [main/WARN]: Configuration file ./config/copycats-common.toml is not correct. Correcting
[15:08:07] [main/WARN]: Incorrect key features was corrected from null to its default, SimpleCommentedConfig:{}. 
[15:08:07] [main/WARN]: Incorrect key features.copycat_board was corrected from null to its default, true. 
[15:08:07] [main/WARN]: Incorrect key features.copycat_wooden_button was corrected from null to its default, true. 
[15:08:07] [main/WARN]: Incorrect key features.copycat_trapdoor was corrected from null to its default, true. 
[15:08:07] [main/WARN]: Incorrect key features.copycat_stone_pressure_plate was corrected from null to its default, true. 
[15:08:07] [main/WARN]: Incorrect key features.copycat_byte was corrected from null to its default, true. 
[15:08:07] [main/WARN]: Incorrect key features.copycat_half_panel was corrected from null to its default, true. 
[15:08:07] [main/WARN]: Incorrect key features.copycat_vertical_slice was corrected from null to its default, true. 
[15:08:07] [main/WARN]: Incorrect key features.copycat_slice was corrected from null to its default, true. 
[15:08:07] [main/WARN]: Incorrect key features.copycat_wooden_pressure_plate was corrected from null to its default, true. 
[15:08:07] [main/WARN]: Incorrect key features.copycat_block was corrected from null to its default, true. 
[15:08:07] [main/WARN]: Incorrect key features.copycat_beam was corrected from null to its default, true. 
[15:08:07] [main/WARN]: Incorrect key features.copycat_fence was corrected from null to its default, true. 
[15:08:07] [main/WARN]: Incorrect key features.copycat_wall was corrected from null to its default, true. 
[15:08:07] [main/WARN]: Incorrect key features.copycat_vertical_step was corrected from null to its default, true. 
[15:08:07] [main/WARN]: Incorrect key features.copycat_light_weighted_pressure_plate was corrected from null to its default, true. 
[15:08:07] [main/WARN]: Incorrect key features.copycat_heavy_weighted_pressure_plate was corrected from null to its default, true. 
[15:08:07] [main/WARN]: Incorrect key features.copycat_half_layer was corrected from null to its default, true. 
[15:08:07] [main/WARN]: Incorrect key features.copycat_stairs was corrected from null to its default, true. 
[15:08:07] [main/WARN]: Incorrect key features.copycat_fence_gate was corrected from null to its default, true. 
[15:08:07] [main/WARN]: Incorrect key features.copycat_stone_button was corrected from null to its default, true. 
[15:08:07] [main/WARN]: Incorrect key features.copycat_layer was corrected from null to its default, true. 
[15:08:07] [main/WARN]: Incorrect key features.copycat_slab was corrected from null to its default, true. 
[15:08:07] [main/WARN]: Configuration file ./config/copycats-client.toml is not correct. Correcting
[15:08:07] [main/WARN]: Incorrect key useEnhancedModels was corrected from null to its default, true. 
[15:08:08] [main/WARN]: @Final field SHAPE:Lnet/minecraft/class_2754; in createcustomportalapiintegration.mixins.json:TrackBlockMixin from mod createcustomportalapiintegration should be final
[15:08:08] [main/WARN]: @Final field HAS_BE:Lnet/minecraft/class_2746; in createcustomportalapiintegration.mixins.json:TrackBlockMixin from mod createcustomportalapiintegration should be final
[15:08:09] [main/WARN]: Encountered duplicate API provider registration for item: minecraft:glass_bottle
[15:08:09] [main/WARN]: Encountered duplicate API provider registration for item: minecraft:glass_bottle
[15:08:09] [main/WARN]: Encountered duplicate API provider registration for item: minecraft:bucket
[15:08:09] [main/WARN]: Encountered duplicate API provider registration for item: minecraft:bucket
[15:08:09] [main/WARN]: Configuration file ./config/create-common.toml is not correct. Correcting
[15:08:09] [main/WARN]: Incorrect key worldgen was corrected from null to its default, SimpleCommentedConfig:{}. 
[15:08:09] [main/WARN]: Incorrect key worldgen.v2 was corrected from null to its default, SimpleCommentedConfig:{}. 
[15:08:09] [main/WARN]: Incorrect key worldgen.v2.disableWorldGen was corrected from null to its default, false. 
[15:08:09] [main/WARN]: Incorrect key worldgen.v2.striated_ores_nether was corrected from null to its default, SimpleCommentedConfig:{}. 
[15:08:09] [main/WARN]: Incorrect key worldgen.v2.striated_ores_nether.clusterSize was corrected from null to its default, 32. 
[15:08:09] [main/WARN]: Incorrect key worldgen.v2.striated_ores_nether.frequency was corrected from null to its default, 0.0555555559694767. 
[15:08:09] [main/WARN]: Incorrect key worldgen.v2.striated_ores_nether.minHeight was corrected from null to its default, 40. 
[15:08:09] [main/WARN]: Incorrect key worldgen.v2.striated_ores_nether.maxHeight was corrected from null to its default, 90. 
[15:08:09] [main/WARN]: Incorrect key worldgen.v2.striated_ores_overworld was corrected from null to its default, SimpleCommentedConfig:{}. 
[15:08:09] [main/WARN]: Incorrect key worldgen.v2.striated_ores_overworld.clusterSize was corrected from null to its default, 32. 
[15:08:09] [main/WARN]: Incorrect key worldgen.v2.striated_ores_overworld.frequency was corrected from null to its default, 0.0555555559694767. 
[15:08:09] [main/WARN]: Incorrect key worldgen.v2.striated_ores_overworld.minHeight was corrected from null to its default, -30. 
[15:08:09] [main/WARN]: Incorrect key worldgen.v2.striated_ores_overworld.maxHeight was corrected from null to its default, 70. 
[15:08:09] [main/WARN]: Incorrect key worldgen.v2.zinc_ore was corrected from null to its default, SimpleCommentedConfig:{}. 
[15:08:09] [main/WARN]: Incorrect key worldgen.v2.zinc_ore.clusterSize was corrected from null to its default, 12. 
[15:08:09] [main/WARN]: Incorrect key worldgen.v2.zinc_ore.frequency was corrected from null to its default, 8.0. 
[15:08:09] [main/WARN]: Incorrect key worldgen.v2.zinc_ore.minHeight was corrected from null to its default, -63. 
[15:08:09] [main/WARN]: Incorrect key worldgen.v2.zinc_ore.maxHeight was corrected from null to its default, 70. 
[15:08:09] [main/WARN]: Configuration file ./config/create-client.toml is not correct. Correcting
[15:08:09] [main/WARN]: Incorrect key client was corrected from null to its default, SimpleCommentedConfig:{}. 
[15:08:09] [main/WARN]: Incorrect key client.enableTooltips was corrected from null to its default, true. 
[15:08:09] [main/WARN]: Incorrect key client.enableOverstressedTooltip was corrected from null to its default, true. 
[15:08:09] [main/WARN]: Incorrect key client.explainRenderErrors was corrected from null to its default, false. 
[15:08:09] [main/WARN]: Incorrect key client.fanParticleDensity was corrected from null to its default, 0.5. 
[15:08:09] [main/WARN]: Incorrect key client.filterItemRenderDistance was corrected from null to its default, 10.0. 
[15:08:09] [main/WARN]: Incorrect key client.enableRainbowDebug was corrected from null to its default, false. 
[15:08:09] [main/WARN]: Incorrect key client.maximumContraptionLightVolume was corrected from null to its default, 16384. 
[15:08:09] [main/WARN]: Incorrect key client.mainMenuConfigButtonRow was corrected from null to its default, 2. 
[15:08:09] [main/WARN]: Incorrect key client.mainMenuConfigButtonOffsetX was corrected from null to its default, -4. 
[15:08:09] [main/WARN]: Incorrect key client.ingameMenuConfigButtonRow was corrected from null to its default, 3. 
[15:08:09] [main/WARN]: Incorrect key client.ingameMenuConfigButtonOffsetX was corrected from null to its default, -4. 
[15:08:09] [main/WARN]: Incorrect key client.ignoreFabulousWarning was corrected from null to its default, false. 
[15:08:09] [main/WARN]: Incorrect key client.fluidUnitType was corrected from null to its default, MILIBUCKETS. 
[15:08:09] [main/WARN]: Incorrect key client.simplifyFluidUnit was corrected from null to its default, true. 
[15:08:09] [main/WARN]: Incorrect key client.toolboxHotbarOverlayOffset was corrected from null to its default, 0. 
[15:08:09] [main/WARN]: Incorrect key client.fluidFogSettings was corrected from null to its default, SimpleCommentedConfig:{}. 
[15:08:09] [main/WARN]: Incorrect key client.fluidFogSettings.honey was corrected from null to its default, 1.0. 
[15:08:09] [main/WARN]: Incorrect key client.fluidFogSettings.chocolate was corrected from null to its default, 1.0. 
[15:08:09] [main/WARN]: Incorrect key client.goggleOverlay was corrected from null to its default, SimpleCommentedConfig:{}. 
[15:08:09] [main/WARN]: Incorrect key client.goggleOverlay.overlayOffsetX was corrected from null to its default, 20. 
[15:08:09] [main/WARN]: Incorrect key client.goggleOverlay.overlayOffsetY was corrected from null to its default, 0. 
[15:08:09] [main/WARN]: Incorrect key client.goggleOverlay.customColorsOverlay was corrected from null to its default, false. 
[15:08:09] [main/WARN]: Incorrect key client.goggleOverlay.customBackgroundOverlay was corrected from null to its default, -267386864. 
[15:08:09] [main/WARN]: Incorrect key client.goggleOverlay.customBorderTopOverlay was corrected from null to its default, 1347420415. 
[15:08:09] [main/WARN]: Incorrect key client.goggleOverlay.customBorderBotOverlay was corrected from null to its default, 1344798847. 
[15:08:09] [main/WARN]: Incorrect key client.placementAssist was corrected from null to its default, SimpleCommentedConfig:{}. 
[15:08:09] [main/WARN]: Incorrect key client.placementAssist.indicatorType was corrected from null to its default, TEXTURE. 
[15:08:09] [main/WARN]: Incorrect key client.placementAssist.indicatorScale was corrected from null to its default, 1.0. 
[15:08:09] [main/WARN]: Incorrect key client.ponder was corrected from null to its default, SimpleCommentedConfig:{}. 
[15:08:09] [main/WARN]: Incorrect key client.ponder.comfyReading was corrected from null to its default, false. 
[15:08:09] [main/WARN]: Incorrect key client.ponder.editingMode was corrected from null to its default, false. 
[15:08:09] [main/WARN]: Incorrect key client.sound was corrected from null to its default, SimpleCommentedConfig:{}. 
[15:08:09] [main/WARN]: Incorrect key client.sound.enableAmbientSounds was corrected from null to its default, true. 
[15:08:09] [main/WARN]: Incorrect key client.sound.ambientVolumeCap was corrected from null to its default, 0.10000000149011612. 
[15:08:09] [main/WARN]: Incorrect key client.trains was corrected from null to its default, SimpleCommentedConfig:{}. 
[15:08:09] [main/WARN]: Incorrect key client.trains.mountedZoomMultiplier was corrected from null to its default, 3.0. 
[15:08:09] [main/WARN]: Incorrect key client.trains.showTrackGraphOnF3 was corrected from null to its default, false. 
[15:08:09] [main/WARN]: Incorrect key client.trains.showExtendedTrackGraphOnF3 was corrected from null to its default, false. 
[15:08:09] [main/WARN]: Encountered duplicate API provider registration for item: minecraft:bucket
[15:08:09] [main/WARN]: Error loading class: com/simibubi/create/content/contraptions/fluids/FluidReactions (java.lang.ClassNotFoundException: com/simibubi/create/content/contraptions/fluids/FluidReactions)
[15:08:09] [main/WARN]: Error loading class: com/simibubi/create/content/contraptions/fluids/FluidReactions (java.lang.ClassNotFoundException: com/simibubi/create/content/contraptions/fluids/FluidReactions)
[15:08:09] [main/WARN]: Configuration file ./config/createaddition-common.toml is not correct. Correcting
[15:08:09] [main/WARN]: Incorrect key general was corrected from null to its default, SimpleCommentedConfig:{}. 
[15:08:09] [main/WARN]: Incorrect key general.fe_at_max_rpm was corrected from null to its default, 480. 
[15:08:09] [main/WARN]: Incorrect key general.max_stress was corrected from null to its default, 16384. 
[15:08:09] [main/WARN]: Incorrect key electric_motor was corrected from null to its default, SimpleCommentedConfig:{}. 
[15:08:09] [main/WARN]: Incorrect key electric_motor.motor_rpm_range was corrected from null to its default, 256. 
[15:08:09] [main/WARN]: Incorrect key electric_motor.motor_min_consumption was corrected from null to its default, 8. 
[15:08:09] [main/WARN]: Incorrect key electric_motor.motor_max_input was corrected from null to its default, 5000. 
[15:08:09] [main/WARN]: Incorrect key electric_motor.motor_capacity was corrected from null to its default, 5000. 
[15:08:09] [main/WARN]: Incorrect key alternator was corrected from null to its default, SimpleCommentedConfig:{}. 
[15:08:09] [main/WARN]: Incorrect key alternator.generator_max_output was corrected from null to its default, 5000. 
[15:08:09] [main/WARN]: Incorrect key alternator.generator_capacity was corrected from null to its default, 5000. 
[15:08:09] [main/WARN]: Incorrect key alternator.generator_efficiency was corrected from null to its default, 0.75. 
[15:08:09] [main/WARN]: Incorrect key rolling_mill was corrected from null to its default, SimpleCommentedConfig:{}. 
[15:08:09] [main/WARN]: Incorrect key rolling_mill.rolling_mill_processing_duration was corrected from null to its default, 100. 
[15:08:09] [main/WARN]: Incorrect key rolling_mill.rolling_mill_stress was corrected from null to its default, 16. 
[15:08:09] [main/WARN]: Incorrect key wires was corrected from null to its default, SimpleCommentedConfig:{}. 
[15:08:09] [main/WARN]: Incorrect key wires.connector_max_input was corrected from null to its default, 5000. 
[15:08:09] [main/WARN]: Incorrect key wires.connector_max_output was corrected from null to its default, 5000. 
[15:08:09] [main/WARN]: Incorrect key wires.connector_input_capacity was corrected from null to its default, 5000. 
[15:08:09] [main/WARN]: Incorrect key wires.wire_length was corrected from null to its default, 12. 
[15:08:09] [main/WARN]: Incorrect key wires.connector_ignore_face_check was corrected from null to its default, true. 
[15:08:09] [main/WARN]: Incorrect key accumulator was corrected from null to its default, SimpleCommentedConfig:{}. 
[15:08:09] [main/WARN]: Incorrect key accumulator.accumulator_max_input was corrected from null to its default, 5000. 
[15:08:09] [main/WARN]: Incorrect key accumulator.accumulator_max_output was corrected from null to its default, 5000. 
[15:08:09] [main/WARN]: Incorrect key accumulator.accumulator_capacity was corrected from null to its default, 2000000. 
[15:08:09] [main/WARN]: Incorrect key accumulator.accumulator_max_height was corrected from null to its default, 5. 
[15:08:09] [main/WARN]: Incorrect key accumulator.accumulator_max_width was corrected from null to its default, 3. 
[15:08:09] [main/WARN]: Incorrect key portable_energy_interface was corrected from null to its default, SimpleCommentedConfig:{}. 
[15:08:09] [main/WARN]: Incorrect key portable_energy_interface.pei_max_input was corrected from null to its default, 5000. 
[15:08:09] [main/WARN]: Incorrect key portable_energy_interface.pei_max_output was corrected from null to its default, 5000. 
[15:08:09] [main/WARN]: Incorrect key tesla_coil was corrected from null to its default, SimpleCommentedConfig:{}. 
[15:08:09] [main/WARN]: Incorrect key tesla_coil.tesla_coil_max_input was corrected from null to its default, 10000. 
[15:08:09] [main/WARN]: Incorrect key tesla_coil.tesla_coil_charge_rate was corrected from null to its default, 5000. 
[15:08:09] [main/WARN]: Incorrect key tesla_coil.tesla_coil_recipe_charge_rate was corrected from null to its default, 2000. 
[15:08:09] [main/WARN]: Incorrect key tesla_coil.tesla_coil_capacity was corrected from null to its default, 40000. 
[15:08:09] [main/WARN]: Incorrect key tesla_coil.tesla_coil_hurt_energy_required was corrected from null to its default, 1000. 
[15:08:09] [main/WARN]: Incorrect key tesla_coil.tesla_coil_hurt_range was corrected from null to its default, 3. 
[15:08:09] [main/WARN]: Incorrect key tesla_coil.tesla_coil_hurt_mob was corrected from null to its default, 3. 
[15:08:09] [main/WARN]: Incorrect key tesla_coil.tesla_coil_effect_time_mob was corrected from null to its default, 20. 
[15:08:09] [main/WARN]: Incorrect key tesla_coil.tesla_coil_hurt_player was corrected from null to its default, 2. 
[15:08:09] [main/WARN]: Incorrect key tesla_coil.tesla_coil_effect_time_player was corrected from null to its default, 20. 
[15:08:09] [main/WARN]: Incorrect key tesla_coil.tesla_coil_fire_cooldown was corrected from null to its default, 20. 
[15:08:09] [main/WARN]: Incorrect key misc was corrected from null to its default, SimpleCommentedConfig:{}. 
[15:08:09] [main/WARN]: Incorrect key misc.diamond_grit_sandpaper_uses was corrected from null to its default, 1024. 
[15:08:09] [main/WARN]: Incorrect key misc.barbed_wire_damage was corrected from null to its default, 2.0. 
[15:08:09] [main/INFO]: [STDOUT]: Create Crafts & Additions Initialized!
[15:08:10] [main/WARN]: Configuration file ./config/createbigcannons-client.toml is not correct. Correcting
[15:08:10] [main/WARN]: Incorrect key client was corrected from null to its default, SimpleCommentedConfig:{}. 
[15:08:10] [main/WARN]: Incorrect key client.showAutocannonPlumes was corrected from null to its default, true. 
[15:08:10] [main/WARN]: Incorrect key client.showDropMortarPlumes was corrected from null to its default, true. 
[15:08:10] [main/WARN]: Incorrect key client.showMortarStoneClouds was corrected from null to its default, true. 
[15:08:10] [main/WARN]: Incorrect key client.fluidBlobParticleCount was corrected from null to its default, 20. 
[15:08:10] [main/WARN]: Incorrect key client.blockArmorInfoPrecision was corrected from null to its default, 2. 
[15:08:10] [main/WARN]: Incorrect key client.useShaderCompatibleGraphics was corrected from null to its default, false. 
[15:08:10] [main/WARN]: Incorrect key client.blastEffectDelaySpeed was corrected from null to its default, 320.0. 
[15:08:10] [main/WARN]: Incorrect key client.projectileFlybySounds was corrected from null to its default, SimpleCommentedConfig:{}. 
[15:08:10] [main/WARN]: Incorrect key client.projectileFlybySounds.enableBigCannonProjectileFlybySounds was corrected from null to its default, true. 
[15:08:10] [main/WARN]: Incorrect key client.projectileFlybySounds.enableAutocannonProjectileFlybySounds was corrected from null to its default, true. 
[15:08:10] [main/WARN]: Incorrect key client.cannonMountGoggleTooltip was corrected from null to its default, SimpleCommentedConfig:{}. 
[15:08:10] [main/WARN]: Incorrect key client.cannonMountGoggleTooltip.anglePrecision was corrected from null to its default, 2. 
[15:08:10] [main/WARN]: Incorrect key client.cannonMountGoggleTooltip.use180_180RangeForYaw was corrected from null to its default, false. 
[15:08:10] [main/WARN]: Incorrect key client.screenShake was corrected from null to its default, SimpleCommentedConfig:{}. 
[15:08:10] [main/WARN]: Incorrect key client.screenShake.cannonScreenShakeIntensity was corrected from null to its default, 1.2999999523162842. 
[15:08:10] [main/WARN]: Incorrect key client.screenShake.cannonScreenShakeSpringiness was corrected from null to its default, 0.07999999821186066. 
[15:08:10] [main/WARN]: Incorrect key client.screenShake.cannonScreenShakeDecay was corrected from null to its default, 0.30000001192092896. 
[15:08:10] [main/WARN]: Incorrect key client.bigCannonBlast was corrected from null to its default, SimpleCommentedConfig:{}. 
[15:08:10] [main/WARN]: Incorrect key client.bigCannonBlast.showBigCannonPlumes was corrected from null to its default, true. 
[15:08:10] [main/WARN]: Incorrect key client.bigCannonBlast.showExtraSmoke was corrected from null to its default, true. 
[15:08:10] [main/WARN]: Incorrect key client.bigCannonBlast.showExtraFlames was corrected from null to its default, true. 
[15:08:10] [main/WARN]: Incorrect key client.bigCannonBlast.screenShakePowerMultiplier was corrected from null to its default, 6.0. 
[15:08:10] [main/WARN]: Incorrect key client.bigCannonBlast.screenShakePowerLimit was corrected from null to its default, 45.0. 
[15:08:10] [main/WARN]: Incorrect key client.flakClouds was corrected from null to its default, SimpleCommentedConfig:{}. 
[15:08:10] [main/WARN]: Incorrect key client.flakClouds.showFlakClouds was corrected from null to its default, true. 
[15:08:10] [main/WARN]: Incorrect key client.flakClouds.showExtraFlames was corrected from null to its default, true. 
[15:08:10] [main/WARN]: Incorrect key client.flakClouds.showExtraShockwave was corrected from null to its default, true. 
[15:08:10] [main/WARN]: Incorrect key client.flakClouds.showExtraTrails was corrected from null to its default, true. 
[15:08:10] [main/WARN]: Incorrect key client.shrapnelClouds was corrected from null to its default, SimpleCommentedConfig:{}. 
[15:08:10] [main/WARN]: Incorrect key client.shrapnelClouds.showShrapnelClouds was corrected from null to its default, true. 
[15:08:10] [main/WARN]: Incorrect key client.shrapnelClouds.showExtraFlames was corrected from null to its default, true. 
[15:08:10] [main/WARN]: Incorrect key client.shrapnelClouds.showExtraShockwave was corrected from null to its default, true. 
[15:08:10] [main/WARN]: Incorrect key client.fluidShellClouds was corrected from null to its default, SimpleCommentedConfig:{}. 
[15:08:10] [main/WARN]: Incorrect key client.fluidShellClouds.showFluidShellClouds was corrected from null to its default, true. 
[15:08:10] [main/WARN]: Incorrect key client.fluidShellClouds.showExtraFlames was corrected from null to its default, true. 
[15:08:10] [main/WARN]: Incorrect key client.fluidShellClouds.showExtraShockwave was corrected from null to its default, true. 
[15:08:10] [main/WARN]: Incorrect key client.projectileSplashes was corrected from null to its default, SimpleCommentedConfig:{}. 
[15:08:10] [main/WARN]: Incorrect key client.projectileSplashes.showProjectileSplashes was corrected from null to its default, true. 
[15:08:10] [main/WARN]: Incorrect key client.projectileImpacts was corrected from null to its default, SimpleCommentedConfig:{}. 
[15:08:10] [main/WARN]: Incorrect key client.projectileImpacts.showProjectileImpacts was corrected from null to its default, true. 
[15:08:10] [main/WARN]: Incorrect key client.sounds was corrected from null to its default, SimpleCommentedConfig:{}. 
[15:08:10] [main/WARN]: Incorrect key client.sounds.blastSoundAirAbsorption was corrected from null to its default, true. 
[15:08:10] [main/WARN]: Incorrect key client.shellExplosions was corrected from null to its default, SimpleCommentedConfig:{}. 
[15:08:10] [main/WARN]: Incorrect key client.shellExplosions.showShellExplosionClouds was corrected from null to its default, true. 
[15:08:10] [main/WARN]: Incorrect key client.shellExplosions.showExtraTrails was corrected from null to its default, true. 
[15:08:10] [main/WARN]: Incorrect key client.shellExplosions.screenShakePowerMultiplier was corrected from null to its default, 6.0. 
[15:08:10] [main/WARN]: Incorrect key client.shellExplosions.screenShakePowerLimit was corrected from null to its default, 45.0. 
[15:08:10] [main/WARN]: Incorrect key client.particleWindEffect was corrected from null to its default, SimpleCommentedConfig:{}. 
[15:08:10] [main/WARN]: Incorrect key client.particleWindEffect.maximumWindSpeed was corrected from null to its default, 1.25. 
[15:08:10] [main/WARN]: Incorrect key client.particleWindEffect.maximumWindBearingChangeSpeed was corrected from null to its default, 8.0. 
[15:08:10] [main/INFO]: Create addon mod [Create Custom Portal API Integration] is loading alongside Create [0.5.1f]!
[15:08:10] [main/INFO]: Create Custom Portal API Integration is accessing Porting Lib from the server!
[15:08:10] [main/WARN]: Configuration file ./config/createdeco-common.toml is not correct. Correcting
[15:08:10] [main/WARN]: Incorrect key general was corrected from null to its default, SimpleCommentedConfig:{}. 
[15:08:10] [main/WARN]: Incorrect key general.can_press_coins was corrected from null to its default, false. 
[15:08:10] [main/INFO]: Registering items for dbe
[15:08:10] [main/INFO]: Registering Blocks for dbe
[15:08:10] [main/INFO]: Registering Wool Blocks for dbe
[15:08:10] [main/INFO]: Saving config because the loaded bug fixes are different to stored json.
[15:08:10] [main/INFO]: Saving Debugify
[15:08:10] [main/INFO]: Successfully Debugify'd your game!
[15:08:10] [main/INFO]: Proudly fixes 33 bugs!
[15:08:11] [main/INFO]: [DRIPPY LOADING SCREEN] Loading v3.0.0 in server-side mode on FABRIC!
[15:08:11] [main/WARN]: Configuration file ./config/estrogen-common.toml is not correct. Correcting
[15:08:11] [main/WARN]: Incorrect key estrogenPatches was corrected from null to its default, SimpleCommentedConfig:{}. 
[15:08:11] [main/WARN]: Incorrect key estrogenPatches.estrogenPatchesStackSize was corrected from null to its default, 4. 
[15:08:11] [main/WARN]: Incorrect key minigame was corrected from null to its default, SimpleCommentedConfig:{}. 
[15:08:11] [main/WARN]: Incorrect key minigame.minigameEnabled was corrected from null to its default, false. 
[15:08:11] [main/WARN]: Incorrect key minigame.permaDash was corrected from null to its default, true. 
[15:08:11] [main/WARN]: Incorrect key minigame.permaDashAmount was corrected from null to its default, 0. 
[15:08:11] [main/WARN]: Configuration file ./config/estrogen-client.toml is not correct. Correcting
[15:08:11] [main/WARN]: Incorrect key chest was corrected from null to its default, SimpleCommentedConfig:{}. 
[15:08:11] [main/WARN]: Incorrect key chest.chestFeature was corrected from null to its default, true. 
[15:08:11] [main/WARN]: Incorrect key chest.chestArmor was corrected from null to its default, true. 
[15:08:11] [main/WARN]: Incorrect key ui was corrected from null to its default, SimpleCommentedConfig:{}. 
[15:08:11] [main/WARN]: Incorrect key ui.dashOverlay was corrected from null to its default, true. 
[15:08:11] [main/WARN]: Incorrect key compat was corrected from null to its default, SimpleCommentedConfig:{}. 
[15:08:11] [main/WARN]: Incorrect key compat.ears was corrected from null to its default, true. 
[15:08:11] [main/WARN]: Incorrect key compat.figura was corrected from null to its default, true. 
[15:08:11] [main/INFO]: Registering C2S receiver with id estrogen:dash
[15:08:11] [main/INFO]: Registering C2S receiver with id estrogen:dashparticles
[15:08:11] [ForkJoinPool.commonPool-worker-1/INFO]: [STDERR]: java.net.ConnectException
[15:08:11] [ForkJoinPool.commonPool-worker-1/INFO]: [STDERR]: 	at java.net.http/jdk.internal.net.http.HttpClientImpl.send(HttpClientImpl.java:574)
[15:08:11] [ForkJoinPool.commonPool-worker-1/INFO]: [STDERR]: 	at java.net.http/jdk.internal.net.http.HttpClientFacade.send(HttpClientFacade.java:123)
[15:08:11] [ForkJoinPool.commonPool-worker-1/INFO]: [STDERR]: 	at dev.isxander.debugify.api.updater.UpdateChecker.getLatestVersion(UpdateChecker.java:26)
[15:08:11] [ForkJoinPool.commonPool-worker-1/INFO]: [STDERR]: 	at dev.isxander.debugify.Debugify.lambda$onInitialize$0(Debugify.java:37)
[15:08:11] [ForkJoinPool.commonPool-worker-1/INFO]: [STDERR]: 	at java.base/java.util.concurrent.CompletableFuture$AsyncRun.run(CompletableFuture.java:1804)
[15:08:11] [ForkJoinPool.commonPool-worker-1/INFO]: [STDERR]: 	at java.base/java.util.concurrent.CompletableFuture$AsyncRun.exec(CompletableFuture.java:1796)
[15:08:11] [ForkJoinPool.commonPool-worker-1/INFO]: [STDERR]: 	at java.base/java.util.concurrent.ForkJoinTask.doExec(ForkJoinTask.java:373)
[15:08:11] [ForkJoinPool.commonPool-worker-1/INFO]: [STDERR]: 	at java.base/java.util.concurrent.ForkJoinPool$WorkQueue.topLevelExec(ForkJoinPool.java:1182)
[15:08:11] [ForkJoinPool.commonPool-worker-1/INFO]: [STDERR]: 	at java.base/java.util.concurrent.ForkJoinPool.scan(ForkJoinPool.java:1655)
[15:08:11] [ForkJoinPool.commonPool-worker-1/INFO]: [STDERR]: 	at java.base/java.util.concurrent.ForkJoinPool.runWorker(ForkJoinPool.java:1622)
[15:08:11] [ForkJoinPool.commonPool-worker-1/INFO]: [STDERR]: 	at java.base/java.util.concurrent.ForkJoinWorkerThread.run(ForkJoinWorkerThread.java:165)
[15:08:11] [ForkJoinPool.commonPool-worker-1/INFO]: [STDERR]: Caused by: java.net.ConnectException
[15:08:11] [ForkJoinPool.commonPool-worker-1/INFO]: [STDERR]: 	at java.net.http/jdk.internal.net.http.common.Utils.toConnectException(Utils.java:1083)
[15:08:11] [ForkJoinPool.commonPool-worker-1/INFO]: [STDERR]: 	at java.net.http/jdk.internal.net.http.PlainHttpConnection.connectAsync(PlainHttpConnection.java:198)
[15:08:11] [ForkJoinPool.commonPool-worker-1/INFO]: [STDERR]: 	at java.net.http/jdk.internal.net.http.AsyncSSLConnection.connectAsync(AsyncSSLConnection.java:56)
[15:08:11] [ForkJoinPool.commonPool-worker-1/INFO]: [STDERR]: 	at java.net.http/jdk.internal.net.http.Http2Connection.createAsync(Http2Connection.java:443)
[15:08:11] [ForkJoinPool.commonPool-worker-1/INFO]: [STDERR]: 	at java.net.http/jdk.internal.net.http.Http2ClientImpl.getConnectionFor(Http2ClientImpl.java:131)
[15:08:11] [ForkJoinPool.commonPool-worker-1/INFO]: [STDERR]: 	at java.net.http/jdk.internal.net.http.ExchangeImpl.get(ExchangeImpl.java:93)
[15:08:11] [ForkJoinPool.commonPool-worker-1/INFO]: [STDERR]: 	at java.net.http/jdk.internal.net.http.Exchange.establishExchange(Exchange.java:349)
[15:08:11] [ForkJoinPool.commonPool-worker-1/INFO]: [STDERR]: 	at java.net.http/jdk.internal.net.http.Exchange.responseAsyncImpl0(Exchange.java:542)
[15:08:11] [ForkJoinPool.commonPool-worker-1/INFO]: [STDERR]: 	at java.net.http/jdk.internal.net.http.Exchange.responseAsyncImpl(Exchange.java:386)
[15:08:11] [ForkJoinPool.commonPool-worker-1/INFO]: [STDERR]: 	at java.net.http/jdk.internal.net.http.Exchange.responseAsync(Exchange.java:378)
[15:08:11] [ForkJoinPool.commonPool-worker-1/INFO]: [STDERR]: 	at java.net.http/jdk.internal.net.http.MultiExchange.responseAsyncImpl(MultiExchange.java:408)
[15:08:11] [ForkJoinPool.commonPool-worker-1/INFO]: [STDERR]: 	at java.net.http/jdk.internal.net.http.MultiExchange.lambda$responseAsyncImpl$7(MultiExchange.java:449)
[15:08:11] [ForkJoinPool.commonPool-worker-1/INFO]: [STDERR]: 	at java.base/java.util.concurrent.CompletableFuture.uniHandle(CompletableFuture.java:934)
[15:08:11] [ForkJoinPool.commonPool-worker-1/INFO]: [STDERR]: 	at java.base/java.util.concurrent.CompletableFuture.uniHandleStage(CompletableFuture.java:950)
[15:08:11] [ForkJoinPool.commonPool-worker-1/INFO]: [STDERR]: 	at java.base/java.util.concurrent.CompletableFuture.handle(CompletableFuture.java:2340)
[15:08:11] [ForkJoinPool.commonPool-worker-1/INFO]: [STDERR]: 	at java.net.http/jdk.internal.net.http.MultiExchange.responseAsyncImpl(MultiExchange.java:439)
[15:08:11] [ForkJoinPool.commonPool-worker-1/INFO]: [STDERR]: 	at java.net.http/jdk.internal.net.http.MultiExchange.lambda$responseAsync0$2(MultiExchange.java:341)
[15:08:11] [ForkJoinPool.commonPool-worker-1/INFO]: [STDERR]: 	at java.base/java.util.concurrent.CompletableFuture$UniCompose.tryFire(CompletableFuture.java:1150)
[15:08:11] [ForkJoinPool.commonPool-worker-1/INFO]: [STDERR]: 	at java.base/java.util.concurrent.CompletableFuture.postComplete(CompletableFuture.java:510)
[15:08:11] [ForkJoinPool.commonPool-worker-1/INFO]: [STDERR]: 	at java.base/java.util.concurrent.CompletableFuture$AsyncSupply.run(CompletableFuture.java:1773)
[15:08:11] [ForkJoinPool.commonPool-worker-1/INFO]: [STDERR]: 	at java.net.http/jdk.internal.net.http.HttpClientImpl$DelegatingExecutor.execute(HttpClientImpl.java:158)
[15:08:11] [ForkJoinPool.commonPool-worker-1/INFO]: [STDERR]: 	at java.base/java.util.concurrent.CompletableFuture.completeAsync(CompletableFuture.java:2673)
[15:08:11] [ForkJoinPool.commonPool-worker-1/INFO]: [STDERR]: 	at java.net.http/jdk.internal.net.http.MultiExchange.responseAsync(MultiExchange.java:294)
[15:08:11] [ForkJoinPool.commonPool-worker-1/INFO]: [STDERR]: 	at java.net.http/jdk.internal.net.http.HttpClientImpl.sendAsync(HttpClientImpl.java:659)
[15:08:11] [ForkJoinPool.commonPool-worker-1/INFO]: [STDERR]: 	at java.net.http/jdk.internal.net.http.HttpClientImpl.send(HttpClientImpl.java:553)
[15:08:11] [ForkJoinPool.commonPool-worker-1/INFO]: [STDERR]: 	... 10 more
[15:08:11] [ForkJoinPool.commonPool-worker-1/INFO]: [STDERR]: Caused by: java.nio.channels.UnresolvedAddressException
[15:08:11] [ForkJoinPool.commonPool-worker-1/INFO]: [STDERR]: 	at java.base/sun.nio.ch.Net.checkAddress(Net.java:149)
[15:08:11] [ForkJoinPool.commonPool-worker-1/INFO]: [STDERR]: 	at java.base/sun.nio.ch.Net.checkAddress(Net.java:157)
[15:08:11] [ForkJoinPool.commonPool-worker-1/INFO]: [STDERR]: 	at java.base/sun.nio.ch.SocketChannelImpl.checkRemote(SocketChannelImpl.java:816)
[15:08:11] [ForkJoinPool.commonPool-worker-1/INFO]: [STDERR]: 	at java.base/sun.nio.ch.SocketChannelImpl.connect(SocketChannelImpl.java:839)
[15:08:11] [ForkJoinPool.commonPool-worker-1/INFO]: [STDERR]: 	at java.net.http/jdk.internal.net.http.PlainHttpConnection.lambda$connectAsync$0(PlainHttpConnection.java:183)
[15:08:11] [ForkJoinPool.commonPool-worker-1/INFO]: [STDERR]: 	at java.base/java.security.AccessController.doPrivileged(AccessController.java:569)
[15:08:11] [ForkJoinPool.commonPool-worker-1/INFO]: [STDERR]: 	at java.net.http/jdk.internal.net.http.PlainHttpConnection.connectAsync(PlainHttpConnection.java:185)
[15:08:11] [ForkJoinPool.commonPool-worker-1/INFO]: [STDERR]: 	... 33 more
[15:08:11] [main/INFO]: [FANCYMENU] Loading v3.2.3 in server-side mode on FABRIC!
[15:08:11] [main/INFO]: Using default implementation for ThreadExecutor
[15:08:11] [main/INFO]: Initialized Scheduler Signaller of type: class net.creeperhost.ftbbackups.repack.org.quartz.core.SchedulerSignalerImpl
[15:08:11] [main/INFO]: Quartz Scheduler v.2.0.2 created.
[15:08:11] [main/INFO]: RAMJobStore initialized.
[15:08:11] [main/INFO]: Scheduler meta-data: Quartz Scheduler (v2.0.2) 'ftbbackups2' with instanceId 'NON_CLUSTERED'
  Scheduler class: 'net.creeperhost.ftbbackups.repack.org.quartz.core.QuartzScheduler' - running locally.
  NOT STARTED.
  Currently in standby mode.
  Number of jobs executed: 0
  Using thread pool 'net.creeperhost.ftbbackups.repack.org.quartz.simpl.SimpleThreadPool' - with 1 threads.
  Using job-store 'net.creeperhost.ftbbackups.repack.org.quartz.simpl.RAMJobStore' - which does not support persistence. and is not clustered.

[15:08:11] [main/INFO]: Quartz scheduler 'ftbbackups2' initialized from an externally provided properties instance.
[15:08:11] [main/INFO]: Quartz scheduler version: 2.0.2
[15:08:11] [main/INFO]: Scheduler ftbbackups2_$_NON_CLUSTERED started.
[15:08:11] [main/INFO]: Registering C2S receiver with id ftbchunks:request_map_data
[15:08:11] [main/INFO]: Registering C2S receiver with id ftbchunks:request_chunk_change
[15:08:11] [main/INFO]: Registering C2S receiver with id ftbchunks:teleport_from_map
[15:08:11] [main/INFO]: Registering C2S receiver with id ftbchunks:sync_tx
[15:08:11] [main/INFO]: Registering C2S receiver with id ftbchunks:update_force_load_expiry
[15:08:11] [main/INFO]: Registering C2S receiver with id ftbchunks:server_config_request
[15:08:11] [main/INFO]: Registering C2S receiver with id ftblibrary:edit_nbt_response
[15:08:11] [main/INFO]: Registering C2S receiver with id ftbquests:submit_task
[15:08:11] [main/INFO]: Registering C2S receiver with id ftbquests:claim_reward
[15:08:11] [main/INFO]: Registering C2S receiver with id ftbquests:get_emergency_items
[15:08:11] [main/INFO]: Registering C2S receiver with id ftbquests:claim_all_rewards
[15:08:11] [main/INFO]: Registering C2S receiver with id ftbquests:claim_choice_reward
[15:08:11] [main/INFO]: Registering C2S receiver with id ftbquests:toggle_pinned
[15:08:11] [main/INFO]: Registering C2S receiver with id ftbquests:toggle_chapter_pinned
[15:08:11] [main/INFO]: Registering C2S receiver with id ftbquests:toggle_editing_mode
[15:08:11] [main/INFO]: Registering C2S receiver with id ftbquests:force_save
[15:08:11] [main/INFO]: Registering C2S receiver with id ftbquests:set_custom_image
[15:08:11] [main/INFO]: Registering C2S receiver with id ftbquests:task_screen_config_resp
[15:08:11] [main/INFO]: Registering C2S receiver with id ftbquests:change_progress
[15:08:11] [main/INFO]: Registering C2S receiver with id ftbquests:create_object
[15:08:11] [main/INFO]: Registering C2S receiver with id ftbquests:create_task_at
[15:08:11] [main/INFO]: Registering C2S receiver with id ftbquests:delete_object
[15:08:11] [main/INFO]: Registering C2S receiver with id ftbquests:edit_object
[15:08:11] [main/INFO]: Registering C2S receiver with id ftbquests:move_chapter
[15:08:11] [main/INFO]: Registering C2S receiver with id ftbquests:move_quest
[15:08:11] [main/INFO]: Registering C2S receiver with id ftbquests:change_chapter_group
[15:08:11] [main/INFO]: Registering C2S receiver with id ftbquests:move_chapter_group
[15:08:11] [main/INFO]: Registering C2S receiver with id ftbquests:copy_quest
[15:08:11] [main/INFO]: Registering C2S receiver with id ftbquests:copy_chapter_image
[15:08:11] [main/INFO]: Registering C2S receiver with id ftbteams:open_gui
[15:08:11] [main/INFO]: Registering C2S receiver with id ftbteams:update_settings
[15:08:11] [main/INFO]: Registering C2S receiver with id ftbteams:send_message
[15:08:11] [main/INFO]: Registering C2S receiver with id ftbteams:create_party
[15:08:11] [main/INFO]: Registering C2S receiver with id ftbteams:player_gui_operation
[15:08:11] [main/WARN]: Configuration file ./config/harvestwithease-common.toml is not correct. Correcting
[15:08:11] [main/WARN]: Incorrect key crops was corrected from null to its default, []. 
[15:08:11] [main/WARN]: Incorrect key require hoe was corrected from null to its default, false. 
[15:08:11] [main/WARN]: Incorrect key damage on harvest was corrected from null to its default, 0. 
[15:08:11] [main/WARN]: Incorrect key exp on harvest was corrected from null to its default, 0. 
[15:08:11] [main/WARN]: Incorrect key play sound was corrected from null to its default, true. 
[15:08:11] [main/WARN]: Incorrect key multi-harvest starting tier was corrected from null to its default, wood. 
[15:08:11] [main/WARN]: Incorrect key starting harvest area size was corrected from null to its default, single. 
[15:08:11] [main/WARN]: Incorrect key area increment step was corrected from null to its default, none. 
[15:08:11] [main/INFO]: Create: Interiors v0.5.3 initializing! Create version: 0.5.1f on platform: Fabric
[15:08:11] [main/INFO]: Registering C2S receiver with id itemfilters:main/14e7fa1454283aec8ae811ef844ada28
[15:08:11] [main/INFO]: Registering C2S receiver with id itemfilters:main/8f6a899247753217b9d86ab427a2b279
[15:08:11] [main/INFO]: Initializing ServerSide Packet Registries
[15:08:11] [main/INFO]: [KONKRETE] Successfully initialized!
[15:08:11] [main/INFO]: [KONKRETE] Server-side libs ready to use!
[15:08:11] [main/INFO]: Compression will use libdeflate (Linux x86_64), encryption will use OpenSSL 1.1.x (Linux x86_64)
[15:08:11] [main/INFO]: Looking for KubeJS plugins...
[15:08:11] [main/INFO]: Found plugin source kubejs
[15:08:11] [main/INFO]: Found plugin source ftbquests
[15:08:11] [main/INFO]: Found plugin source kubejs_create
[15:08:11] [main/INFO]: Found plugin source morejs
[15:08:11] [main/INFO]: Found plugin source probejs
[15:08:11] [main/INFO]: Found plugin source custommachinery
[15:08:11] [main/INFO]: Found plugin source ponderjs
[15:08:11] [main/INFO]: Found plugin source ftbchunks
[15:08:11] [main/INFO]: Done in 35.88 ms
[15:08:11] [main/INFO]: Loaded common.properties
[15:08:12] [main/INFO]: Loading Rhino Minecraft remapper...
[15:08:12] [main/INFO]: Rhino properties loaded.
[15:08:12] [main/INFO]: Loading mappings for 1.18.2
[15:08:12] [main/INFO]: Done in 0.067 s
[15:08:12] [main/INFO]: Hello, World! (You will only see this line once in console, during startup)
[15:08:12] [main/INFO]: Loaded script startup_scripts:script.js in 0.057 s
[15:08:12] [main/INFO]: Loaded 1/1 KubeJS startup scripts in 0.34 s
[15:08:12] [main/INFO]: Registering C2S receiver with id kubejs:send_data_from_client
[15:08:12] [main/WARN]: Config for limited chunks not found, recreating default
[15:08:12] [main/INFO]: limitedchunks mod initialized
[15:08:12] [main/WARN]: Configuration file ./config/mantle-client.toml is not correct. Correcting
[15:08:12] [main/WARN]: Incorrect key extraHeartRenderer was corrected from null to its default, true. 
[15:08:12] [main/WARN]: Incorrect key fluidUnit was corrected from null to its default, MILIBUCKETS. 
[15:08:12] [main/INFO]: Bypassed Mojang DFU
[15:08:12] [main/INFO]: Instantiating Mojang DFU
[15:08:12] [main/ERROR]: No data fixer registered for mantle:sign
[15:08:12] [main/INFO]: [MELODY] Disabling Melody since it's loaded server-side.
[15:08:12] [main/INFO]: Definitely not up to no good
[15:08:13] [main/INFO]: Initializing Neruina
[15:08:13] [main/INFO]: Registering class observable.net.BetterChannel$PartialPacketBegin
[15:08:13] [main/INFO]: Registering C2S receiver with id minecraft:channel/observable/61a49a35c5283c0aaa7b0dfea5b7a53a
[15:08:13] [main/INFO]: Registered class observable.net.BetterChannel$PartialPacketBegin
[15:08:13] [main/INFO]: Registering class observable.net.BetterChannel$PartialPacketData
[15:08:13] [main/INFO]: Registering C2S receiver with id minecraft:channel/observable/3dd73fd88be832559bc3a3c4a2e63b4a
[15:08:13] [main/INFO]: Registered class observable.net.BetterChannel$PartialPacketData
[15:08:13] [main/INFO]: Registering class observable.net.C2SPacket$InitTPSProfile
[15:08:13] [main/INFO]: Registering C2S receiver with id minecraft:channel/observable/b453c08f23b83b82b690c31bf8b2a45a
[15:08:13] [main/INFO]: Registered class observable.net.C2SPacket$InitTPSProfile
[15:08:13] [main/INFO]: Registering class observable.net.C2SPacket$RequestTeleport
[15:08:13] [main/INFO]: Registering C2S receiver with id minecraft:channel/observable/3a13df9e0b0a3290bb99252e1f8f68a2
[15:08:13] [main/INFO]: Registered class observable.net.C2SPacket$RequestTeleport
[15:08:13] [main/INFO]: Registering class observable.net.C2SPacket$RequestAvailability
[15:08:13] [main/INFO]: Registering C2S receiver with id minecraft:channel/observable/0c662822629034678f5a8f0e70375315
[15:08:13] [main/INFO]: Registered class observable.net.C2SPacket$RequestAvailability
[15:08:13] [main/INFO]: Registering class observable.net.S2CPacket$ProfilingStarted
[15:08:13] [main/INFO]: Registering C2S receiver with id minecraft:channel/observable/2e815604a29b3a5cbfe0208e619d86c4
[15:08:13] [main/INFO]: Registered class observable.net.S2CPacket$ProfilingStarted
[15:08:13] [main/INFO]: Registering class observable.net.S2CPacket$ProfilingCompleted
[15:08:13] [main/INFO]: Registering C2S receiver with id minecraft:channel/observable/9ae83199b65a3768862799cc5e461a02
[15:08:13] [main/INFO]: Registered class observable.net.S2CPacket$ProfilingCompleted
[15:08:13] [main/INFO]: Registering class observable.net.S2CPacket$ProfilerInactive
[15:08:13] [main/INFO]: Registering C2S receiver with id minecraft:channel/observable/ae8dfae1238e312397aa53e9d14c45ca
[15:08:13] [main/INFO]: Registered class observable.net.S2CPacket$ProfilerInactive
[15:08:13] [main/INFO]: Registering class observable.net.S2CPacket$ProfilingResult
[15:08:13] [main/INFO]: Registering C2S receiver with id minecraft:channel/observable/3a94cae7336038df9152bcb7b4b94825
[15:08:13] [main/INFO]: Registered class observable.net.S2CPacket$ProfilingResult
[15:08:13] [main/INFO]: Registering class observable.net.S2CPacket$Availability
[15:08:13] [main/INFO]: Registering C2S receiver with id minecraft:channel/observable/c86a824e756d312396d1ba30e943e6aa
[15:08:13] [main/INFO]: Registered class observable.net.S2CPacket$Availability
[15:08:13] [main/INFO]: Registering class observable.net.S2CPacket$ConsiderProfiling
[15:08:13] [main/INFO]: Registering C2S receiver with id minecraft:channel/observable/80ae5e04c32934dab1c17d27a88baf19
[15:08:13] [main/INFO]: Registered class observable.net.S2CPacket$ConsiderProfiling
[15:08:13] [main/INFO]: PassivePiglins is active!
[15:08:13] [main/WARN]: Configuration file ./config/per_aspera-common.toml is not correct. Correcting
[15:08:13] [main/WARN]: Incorrect key thrusterBootsEnabled was corrected from null to its default, true. 
[15:08:13] [main/WARN]: Incorrect key thrusterBootsJumpStrength was corrected from null to its default, 0.6. 
[15:08:13] [main/WARN]: Incorrect key thrusterBootsTimeoutTicks was corrected from null to its default, 120. 
[15:08:13] [main/WARN]: Incorrect key thrusterBootsChargeHUDAlignment was corrected from null to its default, TopRight. 
[15:08:13] [main/WARN]: Incorrect key thrusterBootsChargeHUDX was corrected from null to its default, 10. 
[15:08:13] [main/WARN]: Incorrect key thrusterBootsChargeHUDY was corrected from null to its default, 10. 
[15:08:13] [main/INFO]: Per Aspera initialized.
[15:08:13] [main/WARN]: Configuration file ./config/peripheralium-common.toml is not correct. Correcting
[15:08:13] [main/WARN]: Incorrect key limitations was corrected from null to its default, SimpleCommentedConfig:{}. 
[15:08:13] [main/WARN]: Incorrect key limitations.itemStorageTransferLimit was corrected from null to its default, 128. 
[15:08:13] [main/WARN]: Incorrect key limitations.fluidStorageTransferLimit was corrected from null to its default, 5305500. 
[15:08:13] [main/WARN]: Incorrect key cooldown was corrected from null to its default, SimpleCommentedConfig:{}. 
[15:08:13] [main/WARN]: Incorrect key cooldown.isInitialCooldownEnabled was corrected from null to its default, true. 
[15:08:13] [main/WARN]: Incorrect key cooldown.initialCooldownSensetiveLevel was corrected from null to its default, 6000. 
[15:08:13] [main/WARN]: Incorrect key cooldown.cooldownTrashholdLevel was corrected from null to its default, 100. 
[15:08:13] [main/WARN]: Incorrect key experience was corrected from null to its default, SimpleCommentedConfig:{}. 
[15:08:13] [main/WARN]: Incorrect key experience.xpToFuelRate was corrected from null to its default, 10. 
[15:08:13] [main/WARN]: Incorrect key operations was corrected from null to its default, SimpleCommentedConfig:{}. 
[15:08:13] [main/WARN]: Incorrect key operations.xpTransferCooldown was corrected from null to its default, 1000. 
[15:08:13] [main/WARN]: Incorrect key operations.xpTransferCost was corrected from null to its default, 1. 
[15:08:13] [main/INFO]: Loading integration for team_reborn_energy
[15:08:13] [main/INFO]: Mod lifts is not present, skip loading integration
[15:08:13] [main/INFO]: Loading integration for ae2
[15:08:13] [main/INFO]: Mod modern_industrialization is not present, skip loading integration
[15:08:13] [main/INFO]: Loading integration for create
[15:08:13] [main/WARN]: Configuration file ./config/peripheralworks-common.toml is not correct. Correcting
[15:08:13] [main/WARN]: Incorrect key plugins was corrected from null to its default, SimpleCommentedConfig:{}. 
[15:08:13] [main/WARN]: Incorrect key plugins.generic was corrected from null to its default, SimpleCommentedConfig:{}. 
[15:08:13] [main/WARN]: Incorrect key plugins.generic.enableGenericInventory was corrected from null to its default, true. 
[15:08:13] [main/WARN]: Incorrect key plugins.generic.enableGenericItemStorage was corrected from null to its default, true. 
[15:08:13] [main/WARN]: Incorrect key plugins.generic.enableGenericFluidStorage was corrected from null to its default, true. 
[15:08:13] [main/WARN]: Incorrect key plugins.generic.itemStorageTransferLimit was corrected from null to its default, 128. 
[15:08:13] [main/WARN]: Incorrect key plugins.generic.fluidStorageTransferLimit was corrected from null to its default, 5305500. 
[15:08:13] [main/WARN]: Incorrect key plugins.specific was corrected from null to its default, SimpleCommentedConfig:{}. 
[15:08:13] [main/WARN]: Incorrect key plugins.specific.enableBeacon was corrected from null to its default, true. 
[15:08:13] [main/WARN]: Incorrect key plugins.specific.enableNoteBlock was corrected from null to its default, true. 
[15:08:13] [main/WARN]: Incorrect key plugins.specific.enableLectern was corrected from null to its default, true. 
[15:08:13] [main/WARN]: Incorrect key plugins.specific.enableJukebox was corrected from null to its default, true. 
[15:08:13] [main/WARN]: Incorrect key plugins.specific.enablePoweredRail was corrected from null to its default, true. 
[15:08:13] [main/WARN]: Incorrect key integrations was corrected from null to its default, SimpleCommentedConfig:{}. 
[15:08:13] [main/WARN]: Incorrect key integrations.team_reborn_energy was corrected from null to its default, SimpleCommentedConfig:{}. 
[15:08:13] [main/WARN]: Incorrect key integrations.team_reborn_energy.enableEnergyStorage was corrected from null to its default, true. 
[15:08:13] [main/WARN]: Incorrect key integrations.team_reborn_energy.enableTurtleRefuelWithEnergy was corrected from null to its default, true. 
[15:08:13] [main/WARN]: Incorrect key integrations.team_reborn_energy.energyToFuelRate was corrected from null to its default, 50. 
[15:08:13] [main/WARN]: Incorrect key integrations.ae2 was corrected from null to its default, SimpleCommentedConfig:{}. 
[15:08:13] [main/WARN]: Incorrect key integrations.ae2.enableMEInterface was corrected from null to its default, true. 
[15:08:13] [main/WARN]: Incorrect key integrations.create was corrected from null to its default, SimpleCommentedConfig:{}. 
[15:08:13] [main/WARN]: Incorrect key integrations.create.enableStorage was corrected from null to its default, true. 
[15:08:13] [main/INFO]: [Ping-Wheel] Init
[15:08:13] [main/INFO]: [Ping-Wheel] Saved ServerConfig(globalChannelDisabled=false, msToRegenerate=1000, rateLimit=5)
[15:08:13] [main/WARN]: Configuration file ./config/projecttable-common.toml is not correct. Correcting
[15:08:13] [main/WARN]: Incorrect key extraStorageRows was corrected from null to its default, 2. 
[15:08:13] [main/WARN]: Incorrect key storageInteractions was corrected from null to its default, true. 
[15:08:13] [main/WARN]: Incorrect key insertIntoGrid was corrected from null to its default, false. 
[15:08:13] [main/INFO]: Project Table initialized
[15:08:13] [main/INFO]: Registering C2S receiver with id questsadditions:submit_structure
[15:08:13] [main/WARN]: Configuration file ./config/railways-client.toml is not correct. Correcting
[15:08:13] [main/WARN]: Incorrect key general was corrected from null to its default, SimpleCommentedConfig:{}. 
[15:08:13] [main/WARN]: Incorrect key general.journeymapUpdateTicks was corrected from null to its default, 1. 
[15:08:13] [main/WARN]: Incorrect key general.journeymapObsolescenceCheckTicks was corrected from null to its default, 200. 
[15:08:13] [main/WARN]: Incorrect key general.extendedCouplerDebug was corrected from null to its default, false. 
[15:08:13] [main/WARN]: Incorrect key general.skipClientsideDerailing was corrected from null to its default, false. 
[15:08:13] [main/WARN]: Incorrect key general.conductorSpyShader was corrected from null to its default, true. 
[15:08:13] [main/WARN]: Configuration file ./config/railways-common.toml is not correct. Correcting
[15:08:13] [main/WARN]: Incorrect key general was corrected from null to its default, SimpleCommentedConfig:{}. 
[15:08:13] [main/WARN]: Incorrect key general.farTrainUpdateTicks was corrected from null to its default, 200. 
[15:08:13] [main/WARN]: Incorrect key general.nearTrainUpdateTicks was corrected from null to its default, 1. 
[15:08:13] [main/WARN]: Incorrect key general.mustOwnBoundTrain was corrected from null to its default, false. 
[15:08:13] [main/WARN]: Incorrect key general.strictCoupler was corrected from null to its default, false. 
[15:08:13] [main/WARN]: Incorrect key general.registerMissingTracks was corrected from null to its default, false. 
[15:08:13] [main/WARN]: Incorrect key general.flipDistantSwitches was corrected from null to its default, true. 
[15:08:13] [main/WARN]: Incorrect key general.switchPlacementRange was corrected from null to its default, 64. 
[15:08:13] [main/WARN]: Incorrect key general.disableDatafixer was corrected from null to its default, false. 
[15:08:13] [main/WARN]: Incorrect key general.maxConductorVentLength was corrected from null to its default, 64. 
[15:08:13] [main/WARN]: Incorrect key semaphore was corrected from null to its default, SimpleCommentedConfig:{}. 
[15:08:13] [main/WARN]: Incorrect key semaphore.simplifiedSemaphorePlacement was corrected from null to its default, true. 
[15:08:13] [main/WARN]: Incorrect key semaphore.semaphoresFlipYellowOrder was corrected from null to its default, false. 
[15:08:13] [main/INFO]: Registered bogey styles from railways
[15:08:13] [main/INFO]: Registering data fixers
[15:08:13] [main/INFO]: Registering tracks for Hex Casting
[15:08:13] [main/INFO]: Registering tracks for Oh The Biomes You'll Go
[15:08:13] [main/INFO]: Registering tracks for Blue Skies
[15:08:13] [main/INFO]: Registering tracks for Twilight Forest
[15:08:13] [main/INFO]: Registering tracks for Biomes O' Plenty
[15:08:13] [main/INFO]: [REI] Registered plugin provider ProjectTableREIPluginServer [projecttable] for REIPlugin
[15:08:13] [main/INFO]: Registering C2S receiver with id roughlyenoughitems:request_tags_c2s
[15:08:13] [main/INFO]: [REI] Registered plugin provider DefaultPlugin [roughlyenoughitems] for REIPlugin
[15:08:13] [main/INFO]: [REI] Registered plugin provider DefaultRuntimePlugin [roughlyenoughitems] for REIPlugin
[15:08:13] [main/WARN]: The entrypoint used by AppleSkin, "rei" is deprecated and will be removed in a future version of Roughly Enough Items. Please use "rei_server", "rei_client" or "rei_common" instead.
[15:08:13] [main/WARN]: Rerached side issue when loading REI plugin by AppleSkin. Please use "rei_server", "rei_client" or "rei_common" instead.
[15:08:13] [main/WARN]: The entrypoint used by FTB Quests, "rei" is deprecated and will be removed in a future version of Roughly Enough Items. Please use "rei_server", "rei_client" or "rei_common" instead.
[15:08:13] [main/WARN]: Rerached side issue when loading REI plugin by FTB Quests. Please use "rei_server", "rei_client" or "rei_common" instead.
[15:08:13] [main/WARN]: The entrypoint used by Hephaestus, "rei" is deprecated and will be removed in a future version of Roughly Enough Items. Please use "rei_server", "rei_client" or "rei_common" instead.
[15:08:13] [main/INFO]: [REI] Registered plugin provider REIPluginServer [tconstruct] for REIPlugin
[15:08:13] [main/WARN]: The entrypoint used by Tech Reborn, "rei" is deprecated and will be removed in a future version of Roughly Enough Items. Please use "rei_server", "rei_client" or "rei_common" instead.
[15:08:13] [main/WARN]: Rerached side issue when loading REI plugin by Tech Reborn. Please use "rei_server", "rei_client" or "rei_common" instead.
[15:08:13] [main/WARN]: The entrypoint used by Catwalks Inc., "rei_plugins" is deprecated and will be removed in a future version of Roughly Enough Items. Please use "rei_server", "rei_client" or "rei_common" instead.
[15:08:13] [main/WARN]: Rerached side issue when loading REI plugin by Catwalks Inc.. Please use "rei_server", "rei_client" or "rei_common" instead.
[15:08:13] [main/WARN]: The entrypoint used by Farmer's Delight, "rei_plugins" is deprecated and will be removed in a future version of Roughly Enough Items. Please use "rei_server", "rei_client" or "rei_common" instead.
[15:08:13] [main/WARN]: Rerached side issue when loading REI plugin by Farmer's Delight. Please use "rei_server", "rei_client" or "rei_common" instead.
[15:08:13] [main/WARN]: The entrypoint used by FTB Library, "rei_plugins" is deprecated and will be removed in a future version of Roughly Enough Items. Please use "rei_server", "rei_client" or "rei_common" instead.
[15:08:13] [main/WARN]: Rerached side issue when loading REI plugin by FTB Library. Please use "rei_server", "rei_client" or "rei_common" instead.
[15:08:13] [main/WARN]: The entrypoint used by KubeJS, "rei_plugins" is deprecated and will be removed in a future version of Roughly Enough Items. Please use "rei_server", "rei_client" or "rei_common" instead.
[15:08:13] [main/WARN]: Rerached side issue when loading REI plugin by KubeJS. Please use "rei_server", "rei_client" or "rei_common" instead.
[15:08:13] [main/WARN]: The entrypoint used by Polymorph, "rei_plugins" is deprecated and will be removed in a future version of Roughly Enough Items. Please use "rei_server", "rei_client" or "rei_common" instead.
[15:08:13] [main/WARN]: Rerached side issue when loading REI plugin by Polymorph. Please use "rei_server", "rei_client" or "rei_common" instead.
[15:08:13] [main/WARN]: The entrypoint used by Traveler's Backpack, "rei_plugins" is deprecated and will be removed in a future version of Roughly Enough Items. Please use "rei_server", "rei_client" or "rei_common" instead.
[15:08:13] [main/INFO]: [REI] Registered plugin provider ReiCompat [travelersbackpack] for REIPlugin
[15:08:13] [main/WARN]: The entrypoint used by Traveler's Backpack, "rei_plugins" is deprecated and will be removed in a future version of Roughly Enough Items. Please use "rei_server", "rei_client" or "rei_common" instead.
[15:08:13] [main/WARN]: Rerached side issue when loading REI plugin by Traveler's Backpack. Please use "rei_server", "rei_client" or "rei_common" instead.
[15:08:13] [main/INFO]: [REI] Registered plugin provider ProjectTableREIPluginServer [projecttable] for REIServerPlugin
[15:08:13] [main/INFO]: [REI] Registered plugin provider DefaultPlugin [roughlyenoughitems] for REIServerPlugin
[15:08:13] [main/INFO]: [REI] Registered plugin provider DefaultRuntimePlugin [roughlyenoughitems] for REIServerPlugin
[15:08:13] [main/WARN]: The entrypoint used by AppleSkin, "rei" is deprecated and will be removed in a future version of Roughly Enough Items. Please use "rei_server", "rei_client" or "rei_common" instead.
[15:08:13] [main/WARN]: Rerached side issue when loading REI plugin by AppleSkin. Please use "rei_server", "rei_client" or "rei_common" instead.
[15:08:13] [main/WARN]: The entrypoint used by FTB Quests, "rei" is deprecated and will be removed in a future version of Roughly Enough Items. Please use "rei_server", "rei_client" or "rei_common" instead.
[15:08:13] [main/WARN]: Rerached side issue when loading REI plugin by FTB Quests. Please use "rei_server", "rei_client" or "rei_common" instead.
[15:08:13] [main/WARN]: The entrypoint used by Hephaestus, "rei" is deprecated and will be removed in a future version of Roughly Enough Items. Please use "rei_server", "rei_client" or "rei_common" instead.
[15:08:13] [main/INFO]: [REI] Registered plugin provider REIPluginServer [tconstruct] for REIServerPlugin
[15:08:13] [main/WARN]: The entrypoint used by Tech Reborn, "rei" is deprecated and will be removed in a future version of Roughly Enough Items. Please use "rei_server", "rei_client" or "rei_common" instead.
[15:08:13] [main/WARN]: Rerached side issue when loading REI plugin by Tech Reborn. Please use "rei_server", "rei_client" or "rei_common" instead.
[15:08:13] [main/WARN]: The entrypoint used by Catwalks Inc., "rei_plugins" is deprecated and will be removed in a future version of Roughly Enough Items. Please use "rei_server", "rei_client" or "rei_common" instead.
[15:08:13] [main/WARN]: Rerached side issue when loading REI plugin by Catwalks Inc.. Please use "rei_server", "rei_client" or "rei_common" instead.
[15:08:13] [main/WARN]: The entrypoint used by Farmer's Delight, "rei_plugins" is deprecated and will be removed in a future version of Roughly Enough Items. Please use "rei_server", "rei_client" or "rei_common" instead.
[15:08:13] [main/WARN]: Rerached side issue when loading REI plugin by Farmer's Delight. Please use "rei_server", "rei_client" or "rei_common" instead.
[15:08:13] [main/WARN]: The entrypoint used by FTB Library, "rei_plugins" is deprecated and will be removed in a future version of Roughly Enough Items. Please use "rei_server", "rei_client" or "rei_common" instead.
[15:08:13] [main/WARN]: Rerached side issue when loading REI plugin by FTB Library. Please use "rei_server", "rei_client" or "rei_common" instead.
[15:08:13] [main/WARN]: The entrypoint used by KubeJS, "rei_plugins" is deprecated and will be removed in a future version of Roughly Enough Items. Please use "rei_server", "rei_client" or "rei_common" instead.
[15:08:13] [main/WARN]: Rerached side issue when loading REI plugin by KubeJS. Please use "rei_server", "rei_client" or "rei_common" instead.
[15:08:13] [main/WARN]: The entrypoint used by Polymorph, "rei_plugins" is deprecated and will be removed in a future version of Roughly Enough Items. Please use "rei_server", "rei_client" or "rei_common" instead.
[15:08:13] [main/WARN]: Rerached side issue when loading REI plugin by Polymorph. Please use "rei_server", "rei_client" or "rei_common" instead.
[15:08:13] [main/WARN]: The entrypoint used by Traveler's Backpack, "rei_plugins" is deprecated and will be removed in a future version of Roughly Enough Items. Please use "rei_server", "rei_client" or "rei_common" instead.
[15:08:13] [main/INFO]: [REI] Registered plugin provider ReiCompat [travelersbackpack] for REIServerPlugin
[15:08:13] [main/WARN]: The entrypoint used by Traveler's Backpack, "rei_plugins" is deprecated and will be removed in a future version of Roughly Enough Items. Please use "rei_server", "rei_client" or "rei_common" instead.
[15:08:13] [main/WARN]: Rerached side issue when loading REI plugin by Traveler's Backpack. Please use "rei_server", "rei_client" or "rei_common" instead.
[15:08:13] [main/INFO]: [REI] Registered plugin provider FabricFluidAPISupportPlugin for REIServerPlugin
[15:08:13] [main/INFO]: [REI] Registered plugin provider FabricFluidAPISupportPlugin for REIPlugin
[15:08:13] [main/INFO]: Registering C2S receiver with id roughlyenoughitems:delete_item
[15:08:13] [main/INFO]: Registering C2S receiver with id roughlyenoughitems:create_item
[15:08:13] [main/INFO]: Registering C2S receiver with id roughlyenoughitems:create_item_grab
[15:08:13] [main/INFO]: Registering C2S receiver with id roughlyenoughitems:create_item_hotbar
[15:08:13] [main/INFO]: Registering C2S receiver with id roughlyenoughitems:move_items
[15:08:13] [main/INFO]: Registering C2S receiver with id roughlyenoughitems:move_items_new
[15:08:13] [main/INFO]: [ServerCore] Loaded V1.3.5+1.18.2!
[15:08:14] [main/INFO]: [STDOUT]: /workspaces/Servertest/servidor_minecraft/config
[15:08:14] [main/WARN]: Config not found, recreating default
[15:08:14] [main/INFO]: Config 'snifferconfig' is missing, generating default one...
[15:08:14] [main/INFO]: [STDOUT]: All 4 have been set properly
[15:08:14] [main/INFO]: [STDOUT]: Registered Mod Items for sniffer
[15:08:14] [main/INFO]: Loading Towns and Towers!
[15:08:14] [main/WARN]: Configuration file ./config/tconstruct-common.toml is not correct. Correcting
[15:08:14] [main/WARN]: Incorrect key gameplay was corrected from null to its default, SimpleCommentedConfig:{}. 
[15:08:14] [main/WARN]: Incorrect key gameplay.shouldSpawnWithTinkersBook was corrected from null to its default, true. 
[15:08:14] [main/WARN]: Incorrect key gameplay.damageTweaks was corrected from null to its default, SimpleCommentedConfig:{}. 
[15:08:14] [main/WARN]: Incorrect key gameplay.damageTweaks.wither was corrected from null to its default, true. 
[15:08:14] [main/WARN]: Incorrect key gameplay.damageTweaks.dragon_breath was corrected from null to its default, true. 
[15:08:14] [main/WARN]: Incorrect key gameplay.damageTweaks.falling_block was corrected from null to its default, false. 
[15:08:14] [main/WARN]: Incorrect key gameplay.damageTweaks.lightning was corrected from null to its default, true. 
[15:08:14] [main/WARN]: Incorrect key gameplay.showOnlyToolMaterial was corrected from null to its default, . 
[15:08:14] [main/WARN]: Incorrect key gameplay.showOnlyPartMaterial was corrected from null to its default, . 
[15:08:14] [main/WARN]: Incorrect key gameplay.showAllTableVariants was corrected from null to its default, true. 
[15:08:14] [main/WARN]: Incorrect key gameplay.showAllAnvilVariants was corrected from null to its default, true. 
[15:08:14] [main/WARN]: Incorrect key recipes was corrected from null to its default, SimpleCommentedConfig:{}. 
[15:08:14] [main/WARN]: Incorrect key recipes.addGravelToFlintRecipe was corrected from null to its default, true. 
[15:08:14] [main/WARN]: Incorrect key recipes.cheaperNetheriteAlloy was corrected from null to its default, true. 
[15:08:14] [main/WARN]: Incorrect key recipes.witherBoneDrop was corrected from null to its default, true. 
[15:08:14] [main/WARN]: Incorrect key recipes.witherBoneConversion was corrected from null to its default, true. 
[15:08:14] [main/WARN]: Incorrect key recipes.slimeRecipeFix was corrected from null to its default, true. 
[15:08:14] [main/WARN]: Incorrect key recipes.glassRecipeFix was corrected from null to its default, true. 
[15:08:14] [main/WARN]: Incorrect key recipes.ore_rates was corrected from null to its default, SimpleCommentedConfig:{}. 
[15:08:14] [main/WARN]: Incorrect key recipes.ore_rates.melter was corrected from null to its default, SimpleCommentedConfig:{}. 
[15:08:14] [main/WARN]: Incorrect key recipes.ore_rates.melter.nuggetsPerMetal was corrected from null to its default, 12. 
[15:08:14] [main/WARN]: Incorrect key recipes.ore_rates.melter.shardsPerGem was corrected from null to its default, 8. 
[15:08:14] [main/WARN]: Incorrect key recipes.ore_rates.smeltery was corrected from null to its default, SimpleCommentedConfig:{}. 
[15:08:14] [main/WARN]: Incorrect key recipes.ore_rates.smeltery.nuggetsPerMetal was corrected from null to its default, 12. 
[15:08:14] [main/WARN]: Incorrect key recipes.ore_rates.smeltery.shardsPerGem was corrected from null to its default, 8. 
[15:08:14] [main/WARN]: Incorrect key recipes.ore_rates.foundry was corrected from null to its default, SimpleCommentedConfig:{}. 
[15:08:14] [main/WARN]: Incorrect key recipes.ore_rates.foundry.nuggetsPerMetal was corrected from null to its default, 9. 
[15:08:14] [main/WARN]: Incorrect key recipes.ore_rates.foundry.shardsPerGem was corrected from null to its default, 4. 
[15:08:14] [main/WARN]: Incorrect key recipes.ore_rates.foundry_byproduct was corrected from null to its default, SimpleCommentedConfig:{}. 
[15:08:14] [main/WARN]: Incorrect key recipes.ore_rates.foundry_byproduct.nuggetsPerMetal was corrected from null to its default, 3. 
[15:08:14] [main/WARN]: Incorrect key recipes.ore_rates.foundry_byproduct.shardsPerGem was corrected from null to its default, 4. 
[15:08:14] [main/WARN]: Incorrect key recipes.heads was corrected from null to its default, SimpleCommentedConfig:{}. 
[15:08:14] [main/WARN]: Incorrect key recipes.heads.blaze was corrected from null to its default, true. 
[15:08:14] [main/WARN]: Incorrect key recipes.heads.enderman was corrected from null to its default, true. 
[15:08:14] [main/WARN]: Incorrect key recipes.heads.stray was corrected from null to its default, true. 
[15:08:14] [main/WARN]: Incorrect key recipes.heads.husk was corrected from null to its default, true. 
[15:08:14] [main/WARN]: Incorrect key recipes.heads.drowned was corrected from null to its default, true. 
[15:08:14] [main/WARN]: Incorrect key recipes.heads.spider was corrected from null to its default, true. 
[15:08:14] [main/WARN]: Incorrect key recipes.heads.cave_spider was corrected from null to its default, true. 
[15:08:14] [main/WARN]: Incorrect key recipes.heads.piglin was corrected from null to its default, true. 
[15:08:14] [main/WARN]: Incorrect key recipes.heads.piglin_brute was corrected from null to its default, true. 
[15:08:14] [main/WARN]: Incorrect key recipes.heads.zombified_piglin was corrected from null to its default, true. 
[15:08:14] [main/WARN]: Incorrect key loot was corrected from null to its default, SimpleCommentedConfig:{}. 
[15:08:14] [main/WARN]: Incorrect key loot.slimy_loot was corrected from null to its default, true. 
[15:08:14] [main/WARN]: Incorrect key loot.barter_blazing_blood was corrected from null to its default, 20. 
[15:08:14] [main/WARN]: Incorrect key loot.tinker_tool_bonus_chest was corrected from null to its default, 2. 
[15:08:14] [main/WARN]: Incorrect key loot.drop_dragon_Scales was corrected from null to its default, true. 
[15:08:14] [main/WARN]: Incorrect key worldgen was corrected from null to its default, SimpleCommentedConfig:{}. 
[15:08:14] [main/WARN]: Incorrect key worldgen.generateCobalt was corrected from null to its default, true. 
[15:08:14] [main/WARN]: Incorrect key worldgen.veinCountCobalt was corrected from null to its default, 8. 
[15:08:14] [main/WARN]: Incorrect key worldgen.geodes was corrected from null to its default, SimpleCommentedConfig:{}. 
[15:08:14] [main/WARN]: Incorrect key worldgen.geodes.forceRecipes was corrected from null to its default, false. 
[15:08:14] [main/WARN]: Incorrect key worldgen.geodes.earth was corrected from null to its default, true. 
[15:08:14] [main/WARN]: Incorrect key worldgen.geodes.sky was corrected from null to its default, true. 
[15:08:14] [main/WARN]: Incorrect key worldgen.geodes.ichor was corrected from null to its default, true. 
[15:08:14] [main/WARN]: Incorrect key worldgen.geodes.ender was corrected from null to its default, true. 
[15:08:14] [main/WARN]: Incorrect key debug was corrected from null to its default, SimpleCommentedConfig:{}. 
[15:08:14] [main/WARN]: Incorrect key debug.forceIntegrationMaterials was corrected from null to its default, false. 
[15:08:14] [main/WARN]: Configuration file ./config/tconstruct-client.toml is not correct. Correcting
[15:08:14] [main/WARN]: Incorrect key client was corrected from null to its default, SimpleCommentedConfig:{}. 
[15:08:14] [main/WARN]: Incorrect key client.tankFluidModel was corrected from null to its default, false. 
[15:08:14] [main/WARN]: Incorrect key client.extraToolTips was corrected from null to its default, true. 
[15:08:14] [main/WARN]: Incorrect key client.logMissingMaterialTextures was corrected from null to its default, false. 
[15:08:14] [main/WARN]: Incorrect key client.logMissingModifierTextures was corrected from null to its default, false. 
[15:08:14] [main/WARN]: Incorrect key client.showModifiersInJEI was corrected from null to its default, true. 
[15:08:14] [main/WARN]: Incorrect key client.maxSmelteryItemQuads was corrected from null to its default, 3500. 
[15:08:14] [main/WARN]: Incorrect key client.modifiers was corrected from null to its default, SimpleCommentedConfig:{}. 
[15:08:14] [main/WARN]: Incorrect key client.modifiers.renderShieldSlotItem was corrected from null to its default, true. 
[15:08:14] [main/WARN]: Incorrect key client.modifiers.itemFrame was corrected from null to its default, SimpleCommentedConfig:{}. 
[15:08:14] [main/WARN]: Incorrect key client.modifiers.itemFrame.render was corrected from null to its default, true. 
[15:08:14] [main/WARN]: Incorrect key client.modifiers.itemFrame.xOffset was corrected from null to its default, 0. 
[15:08:14] [main/WARN]: Incorrect key client.modifiers.itemFrame.yOffset was corrected from null to its default, 0. 
[15:08:14] [main/WARN]: Incorrect key client.modifiers.itemFrame.location was corrected from null to its default, TOP_LEFT. 
[15:08:14] [main/WARN]: Incorrect key client.modifiers.itemFrame.itemsPerRow was corrected from null to its default, 5. 
[15:08:14] [main/WARN]: Incorrect key client.compatibility was corrected from null to its default, SimpleCommentedConfig:{}. 
[15:08:14] [main/WARN]: Incorrect key client.compatibility.inventoryTabs was corrected from null to its default, true. 
[15:08:14] [main/WARN]: Incorrect key client.compatibility.disableREIMessage was corrected from null to its default, false. 
[15:08:14] [main/ERROR]: No data fixer registered for tconstruct:crafting_station
[15:08:14] [main/ERROR]: No data fixer registered for tconstruct:tinker_station
[15:08:14] [main/ERROR]: No data fixer registered for tconstruct:part_builder
[15:08:14] [main/ERROR]: No data fixer registered for tconstruct:modifier_chest
[15:08:14] [main/ERROR]: No data fixer registered for tconstruct:part_chest
[15:08:14] [main/ERROR]: No data fixer registered for tconstruct:cast_chest
[15:08:14] [main/ERROR]: No data fixer registered for tconstruct:smeltery_component
[15:08:14] [main/ERROR]: No data fixer registered for tconstruct:drain
[15:08:14] [main/ERROR]: No data fixer registered for tconstruct:chute
[15:08:14] [main/ERROR]: No data fixer registered for tconstruct:duct
[15:08:14] [main/ERROR]: No data fixer registered for tconstruct:tank
[15:08:14] [main/ERROR]: No data fixer registered for tconstruct:lantern
[15:08:14] [main/ERROR]: No data fixer registered for tconstruct:melter
[15:08:14] [main/ERROR]: No data fixer registered for tconstruct:smeltery
[15:08:14] [main/ERROR]: No data fixer registered for tconstruct:foundry
[15:08:14] [main/ERROR]: No data fixer registered for tconstruct:heater
[15:08:14] [main/ERROR]: No data fixer registered for tconstruct:alloyer
[15:08:14] [main/ERROR]: No data fixer registered for tconstruct:faucet
[15:08:14] [main/ERROR]: No data fixer registered for tconstruct:channel
[15:08:14] [main/ERROR]: No data fixer registered for tconstruct:basin
[15:08:14] [main/ERROR]: No data fixer registered for tconstruct:table
[15:08:15] [main/INFO]: TechReborn setup done!
[15:08:15] [main/INFO]: Registered the FluidEffect with Unique ID of minecraft:water for minecraft:water 81000 with the ID 0
[15:08:15] [main/INFO]: Registered the FluidEffect with Unique ID of minecraft:lava for minecraft:lava 81000 with the ID 1
[15:08:15] [main/INFO]: Registered the FluidEffect with Unique ID of travelersbackpack:potion for travelersbackpack:potion_still 27000 with the ID 2
[15:08:15] [main/INFO]: Registered the FluidEffect with Unique ID of travelersbackpack:milk for travelersbackpack:milk_still 81000 with the ID 3
[15:08:15] [main/INFO]: Registered the FluidEffect with Unique ID of create:potion for create:potion 27000 with the ID 4
[15:08:15] [main/INFO]: Seizing the means of block placement!
[15:08:15] [main/INFO]: Got request to register class com.sk89q.worldedit.fabric.FabricPlatform with WorldEdit [com.sk89q.worldedit.extension.platform.PlatformManager@68d4d4e]
[15:08:15] [main/INFO]: WorldEdit for Fabric (version 7.2.10+1742f98) is loaded
[15:08:15] [main/INFO]: XPCrystals is active!
[15:08:15] [main/WARN]: Tried to register an overly high cookTime: 200000 > 32767! (compressed_ultrapure_carbon_block)
[15:08:16] [main/INFO]: Registering C2S receiver with id custommachinery:add_machine
[15:08:16] [main/INFO]: Registering C2S receiver with id custommachinery:remove_machine
[15:08:16] [main/INFO]: Registering C2S receiver with id custommachinery:element_clicked
[15:08:16] [main/INFO]: Registering C2S receiver with id custommachinery:change_side_mode
[15:08:16] [main/INFO]: Registering C2S receiver with id custommachinery:button_gui_element
[15:08:16] [main/INFO]: Krypton is now accelerating your Minecraft server's networking stack 🚀
[15:08:16] [main/INFO]: Saved config to /workspaces/Servertest/servidor_minecraft/config/simple-rpc-server.toml
[15:08:16] [main/INFO]: Loading config file from /workspaces/Servertest/servidor_minecraft/config/simple-rpc-server.toml
[15:08:16] [main/INFO]: Registered simple-rpc-server.toml successfully!
[15:08:16] [main/INFO]: Adding 271217 missing blockstates to the debug world.
[15:08:16] [main/INFO]: Ok. Your debug world is now 540x540 instead of 143x143.
[15:08:16] [main/INFO]: Environment: authHost='https://authserver.mojang.com', accountsHost='https://api.mojang.com', sessionHost='https://sessionserver.mojang.com', servicesHost='https://api.minecraftservices.com', name='PROD'
[15:08:16] [main/INFO]: ARRP register - before vanilla
[15:08:16] [main/INFO]: ARRP register - after vanilla
[15:08:16] [main/INFO]: ARRP register - before vanilla
[15:08:16] [main/INFO]: ARRP register - after vanilla
[15:08:16] [main/INFO]: Hello, World! (You will see this line every time server resources reload)
[15:08:16] [main/INFO]: Loaded script server_scripts:script.js in 0.002 s
[15:08:16] [main/INFO]: Loaded 1/1 KubeJS server scripts in 0.017 s
[15:08:16] [main/INFO]: Scripts loaded
[15:08:16] [main/INFO]: Registered custom recipe handler for type kubejs:shaped
[15:08:16] [main/INFO]: Registered custom recipe handler for type kubejs:shapeless
[15:08:16] [main/INFO]: Registered custom recipe handler for type minecraft:crafting_shaped
[15:08:16] [main/INFO]: Registered custom recipe handler for type minecraft:crafting_shapeless
[15:08:16] [main/INFO]: Registered custom recipe handler for type minecraft:stonecutting
[15:08:16] [main/INFO]: Registered custom recipe handler for type minecraft:smelting
[15:08:16] [main/INFO]: Registered custom recipe handler for type minecraft:blasting
[15:08:16] [main/INFO]: Registered custom recipe handler for type minecraft:smoking
[15:08:16] [main/INFO]: Registered custom recipe handler for type minecraft:campfire_cooking
[15:08:16] [main/INFO]: Registered custom recipe handler for type minecraft:smithing
[15:08:16] [main/INFO]: Registered custom recipe handler for type techreborn:alloy_smelter
[15:08:16] [main/INFO]: Registered custom recipe handler for type techreborn:assembling_machine
[15:08:16] [main/INFO]: Registered custom recipe handler for type techreborn:centrifuge
[15:08:16] [main/INFO]: Registered custom recipe handler for type techreborn:chemical_reactor
[15:08:16] [main/INFO]: Registered custom recipe handler for type techreborn:compressor
[15:08:16] [main/INFO]: Registered custom recipe handler for type techreborn:distillation_tower
[15:08:16] [main/INFO]: Registered custom recipe handler for type techreborn:extractor
[15:08:16] [main/INFO]: Registered custom recipe handler for type techreborn:grinder
[15:08:16] [main/INFO]: Registered custom recipe handler for type techreborn:implosion_compressor
[15:08:16] [main/INFO]: Registered custom recipe handler for type techreborn:industrial_electrolyzer
[15:08:16] [main/INFO]: Registered custom recipe handler for type techreborn:recycler
[15:08:16] [main/INFO]: Registered custom recipe handler for type techreborn:scrapbox
[15:08:16] [main/INFO]: Registered custom recipe handler for type techreborn:vacuum_freezer
[15:08:16] [main/INFO]: Registered custom recipe handler for type techreborn:solid_canning_machine
[15:08:16] [main/INFO]: Registered custom recipe handler for type techreborn:wire_mill
[15:08:16] [main/INFO]: Registered custom recipe handler for type techreborn:blast_furnace
[15:08:16] [main/INFO]: Registered custom recipe handler for type techreborn:industrial_grinder
[15:08:16] [main/INFO]: Registered custom recipe handler for type techreborn:industrial_sawmill
[15:08:16] [main/INFO]: Registered custom recipe handler for type techreborn:fluid_replicator
[15:08:16] [main/INFO]: Registered custom recipe handler for type create:sequenced_assembly
[15:08:16] [main/INFO]: Registered custom recipe handler for type create:mechanical_crafting
[15:08:16] [main/INFO]: Registered custom recipe handler for type create:conversion
[15:08:16] [main/INFO]: Registered custom recipe handler for type create:crushing
[15:08:16] [main/INFO]: Registered custom recipe handler for type create:cutting
[15:08:16] [main/INFO]: Registered custom recipe handler for type create:milling
[15:08:16] [main/INFO]: Registered custom recipe handler for type create:basin
[15:08:16] [main/INFO]: Registered custom recipe handler for type create:mixing
[15:08:16] [main/INFO]: Registered custom recipe handler for type create:compacting
[15:08:16] [main/INFO]: Registered custom recipe handler for type create:pressing
[15:08:16] [main/INFO]: Registered custom recipe handler for type create:sandpaper_polishing
[15:08:16] [main/INFO]: Registered custom recipe handler for type create:splashing
[15:08:16] [main/INFO]: Registered custom recipe handler for type create:haunting
[15:08:16] [main/INFO]: Registered custom recipe handler for type create:deploying
[15:08:16] [main/INFO]: Registered custom recipe handler for type create:filling
[15:08:16] [main/INFO]: Registered custom recipe handler for type create:emptying
[15:08:16] [main/INFO]: Registered custom recipe handler for type create:item_application
[15:08:16] [main/INFO]: Registered custom recipe handler for type custommachinery:custom_machine
[15:08:16] [main/INFO]: Registered custom recipe handler for type custommachinery:custom_craft
[15:08:16] [main/INFO]: Scanning recipes...
[15:08:20] [main/WARN]: mcdw:accelerate missing from registry, but requested!
[15:08:20] [main/WARN]: mcdw:dynamo missing from registry, but requested!
[15:08:20] [main/WARN]: mcdw:pain_cycle missing from registry, but requested!
[15:08:20] [main/WARN]: mcdw:shadow_form missing from registry, but requested!
[15:08:20] [main/INFO]: [fabric-registry-sync] Loaded registry data [file 1/4]
[15:08:20] [main/INFO]: Registering commands with com.sk89q.worldedit.fabric.FabricPlatform
[15:08:20] [main/WARN]: Ambiguity between arguments [teleport, location] and [teleport, destination] with inputs: [0.1 -0.5 .9, 0 0 0]
[15:08:20] [main/WARN]: Ambiguity between arguments [teleport, location] and [teleport, targets] with inputs: [0.1 -0.5 .9, 0 0 0]
[15:08:20] [main/WARN]: Ambiguity between arguments [teleport, destination] and [teleport, targets] with inputs: [Player, 0123, @e, dd12be42-52a9-4a91-a8a1-11c01849e498]
[15:08:20] [main/WARN]: Ambiguity between arguments [teleport, targets] and [teleport, destination] with inputs: [Player, 0123, dd12be42-52a9-4a91-a8a1-11c01849e498]
[15:08:20] [main/WARN]: Ambiguity between arguments [teleport, targets, location] and [teleport, targets, destination] with inputs: [0.1 -0.5 .9, 0 0 0]
[15:08:20] [main/WARN]: Ambiguity between arguments [ftbchunks, admin, view_loaded_chunks, reset] and [ftbchunks, admin, view_loaded_chunks, dimension] with inputs: [reset]
[15:08:20] [main/WARN]: Ambiguity between arguments [ftbteams, info, server_id] and [ftbteams, info, team] with inputs: [server_id]
[15:08:20] [main/WARN]: Ambiguity between arguments [create, coupling, add, cart1] and [create, coupling, add, carts] with inputs: [Player, 0123, @e, dd12be42-52a9-4a91-a8a1-11c01849e498]
[15:08:20] [main/WARN]: Ambiguity between arguments [create, coupling, add, carts] and [create, coupling, add, cart1] with inputs: [Player, 0123, dd12be42-52a9-4a91-a8a1-11c01849e498]
[15:08:20] [main/WARN]: Ambiguity between arguments [create, coupling, add, cart1] and [create, coupling, add, carts] with inputs: [Player, 0123, @e, dd12be42-52a9-4a91-a8a1-11c01849e498]
[15:08:20] [main/WARN]: Ambiguity between arguments [create, coupling, add, carts] and [create, coupling, add, cart1] with inputs: [Player, 0123, dd12be42-52a9-4a91-a8a1-11c01849e498]
[15:08:20] [main/WARN]: Ambiguity between arguments [railways, split_train, train_id] and [railways, split_train, train_name] with inputs: [dd12be42-52a9-4a91-a8a1-11c01849e498]
[15:08:20] [main/WARN]: Ambiguity between arguments [railways, split_train, train_id] and [railways, split_train, train_name] with inputs: [dd12be42-52a9-4a91-a8a1-11c01849e498]
[15:08:20] [main/WARN]: Ambiguity between arguments [statistics, entities, byType, page] and [statistics, entities, byType, player] with inputs: [0, -123, 123]
[15:08:20] [main/WARN]: Ambiguity between arguments [statistics, entities, byType, player] and [statistics, entities, byType, page] with inputs: [0123]
[15:08:20] [main/WARN]: Ambiguity between arguments [statistics, block-entities, byType, page] and [statistics, block-entities, byType, player] with inputs: [0, -123, 123]
[15:08:20] [main/WARN]: Ambiguity between arguments [statistics, block-entities, byType, player] and [statistics, block-entities, byType, page] with inputs: [0123]
[15:08:20] [main/WARN]: Ambiguity between arguments [tb, access, pos] and [tb, access, target] with inputs: [0 0 0]
[15:08:20] [main/WARN]: Ambiguity between arguments [tb, unpack, pos] and [tb, unpack, target] with inputs: [0 0 0]
[15:08:20] [main/WARN]: Ambiguity between arguments [yttr:goto, spawn] and [yttr:goto, dimension] with inputs: [spawn]
[15:08:20] [main/INFO]: [CobbleGen] Registering command...
[15:08:21] [Worker-Main-4/ERROR]: Couldn't load tag automobility:slopes as it is missing following references: #automobility:blocks/steep_slopes (from Runtime Resource Packautomobility:data), #automobility:blocks/non_steep_slopes (from Runtime Resource Packautomobility:data), #automobility:blocks/steep_slopes (from Runtime Resource Packautomobility:data), #automobility:blocks/non_steep_slopes (from Runtime Resource Packautomobility:data)
[15:08:21] [Worker-Main-4/ERROR]: Couldn't load tag farmersdelight:mineable/knife as it is missing following references: #minecraft:wool_carpets (from Farmer's Delight)
[15:08:21] [Worker-Main-4/ERROR]: Couldn't load tag automobility:sticky_slopes as it is missing following references: #automobility:blocks/slopes (from Runtime Resource Packautomobility:data), #automobility:blocks/slopes (from Runtime Resource Packautomobility:data)
[15:08:21] [Worker-Main-6/ERROR]: Couldn't load tag minecraft:chest_boats as it is missing following references: vinery:cherry_chest_boat (from Vinery)
[15:08:22] [Worker-Main-4/INFO]: Loaded 13 substitutions
[15:08:23] [Worker-Main-5/INFO]: Scanning recipes from "compressor": found 224 recipe(s)
[15:08:23] [Worker-Main-5/WARN]: Failed to parse recipe 'dbe:rec_vocal_calculating[minecraft:stonecutting]'! Falling back to vanilla: com.google.gson.JsonSyntaxException: Unknown item 'dbe:vocal_empty'
[15:08:23] [Worker-Main-5/WARN]: Failed to parse recipe dbe:rec_vocal_calculating[minecraft:stonecutting]: com.google.gson.JsonSyntaxException: Unknown item 'dbe:vocal_empty'
[15:08:23] [Worker-Main-5/WARN]: Failed to parse recipe 'tconstruct:smeltery/seared/seared_bricks_stonecutting[minecraft:stonecutting]': Failed to parse custom ingredient ("forge:difference") from {"type":"forge:difference","base":{"tag":"tconstruct:seared_bricks"},"subtracted":{"item":"tconstruct:seared_bricks"}}: java.lang.UnsupportedOperationException: Custom ingredients are not present on Fabric!
[15:08:23] [Worker-Main-5/ERROR]: IngredientDeserializer with ID not found: [farmersdelight:tool] this can be ignored unless issues occur.
[15:08:23] [Worker-Main-5/WARN]: Failed to parse recipe 'railways:sequenced_assembly/track_biomesoplenty_redwood[create:sequenced_assembly]'! Falling back to vanilla: com.google.gson.JsonSyntaxException: Unknown item 'biomesoplenty:redwood_slab'
[15:08:23] [Worker-Main-5/WARN]: Failed to parse recipe railways:sequenced_assembly/track_biomesoplenty_redwood[create:sequenced_assembly]: com.google.gson.JsonSyntaxException: Unknown item 'biomesoplenty:redwood_slab'
[15:08:23] [Worker-Main-5/WARN]: Failed to parse recipe 'dbe:rec_vocal_facilityleave[minecraft:stonecutting]'! Falling back to vanilla: com.google.gson.JsonSyntaxException: Unknown item 'dbe:vocal_empty'
[15:08:23] [Worker-Main-5/WARN]: Failed to parse recipe dbe:rec_vocal_facilityleave[minecraft:stonecutting]: com.google.gson.JsonSyntaxException: Unknown item 'dbe:vocal_empty'
[15:08:23] [Worker-Main-5/WARN]: Failed to parse recipe 'dbe:rec_no_entry_sign[minecraft:crafting_shaped]'! Falling back to vanilla: com.google.gson.JsonSyntaxException: Unknown item 'dbe:no_entry_sign'
[15:08:23] [Worker-Main-5/WARN]: Failed to parse recipe dbe:rec_no_entry_sign[minecraft:crafting_shaped]: com.google.gson.JsonSyntaxException: Unknown item 'dbe:no_entry_sign'
[15:08:23] [Worker-Main-5/WARN]: Failed to parse recipe 'dbe:rec_arrow_left_sign[minecraft:crafting_shaped]'! Falling back to vanilla: com.google.gson.JsonSyntaxException: Unknown item 'dbe:arrow_left_sign'
[15:08:23] [Worker-Main-5/WARN]: Failed to parse recipe dbe:rec_arrow_left_sign[minecraft:crafting_shaped]: com.google.gson.JsonSyntaxException: Unknown item 'dbe:arrow_left_sign'
[15:08:23] [Worker-Main-5/WARN]: Failed to parse recipe 'dbe:rec_vocal_lifesupport[minecraft:stonecutting]'! Falling back to vanilla: com.google.gson.JsonSyntaxException: Unknown item 'dbe:vocal_empty'
[15:08:23] [Worker-Main-5/WARN]: Failed to parse recipe dbe:rec_vocal_lifesupport[minecraft:stonecutting]: com.google.gson.JsonSyntaxException: Unknown item 'dbe:vocal_empty'
[15:08:23] [Worker-Main-5/WARN]: Failed to parse recipe 'railways:sequenced_assembly/track_blue_skies_starlit[create:sequenced_assembly]'! Falling back to vanilla: com.google.gson.JsonSyntaxException: Unknown item 'blue_skies:starlit_slab'
[15:08:23] [Worker-Main-5/WARN]: Failed to parse recipe railways:sequenced_assembly/track_blue_skies_starlit[create:sequenced_assembly]: com.google.gson.JsonSyntaxException: Unknown item 'blue_skies:starlit_slab'
[15:08:23] [Worker-Main-5/WARN]: Failed to parse recipe 'dbe:rec_vocal_empty[minecraft:crafting_shapeless]'! Falling back to vanilla: com.google.gson.JsonSyntaxException: Unknown item 'dbe:vocal_empty'
[15:08:23] [Worker-Main-5/WARN]: Failed to parse recipe dbe:rec_vocal_empty[minecraft:crafting_shapeless]: com.google.gson.JsonSyntaxException: Unknown item 'dbe:vocal_empty'
[15:08:23] [Worker-Main-5/WARN]: Failed to parse recipe 'dbe:rec_isolinear_back_red[minecraft:crafting_shaped]'! Falling back to vanilla: com.google.gson.JsonSyntaxException: Unknown item 'dbe:isolinear_back_red'
[15:08:23] [Worker-Main-5/WARN]: Failed to parse recipe dbe:rec_isolinear_back_red[minecraft:crafting_shaped]: com.google.gson.JsonSyntaxException: Unknown item 'dbe:isolinear_back_red'
[15:08:23] [Worker-Main-5/WARN]: Failed to parse recipe 'dbe:rec_pc_water[minecraft:crafting_shapeless]'! Falling back to vanilla: com.google.gson.JsonSyntaxException: Unknown item 'dbe:advanced_circuit'
[15:08:23] [Worker-Main-5/WARN]: Failed to parse recipe dbe:rec_pc_water[minecraft:crafting_shapeless]: com.google.gson.JsonSyntaxException: Unknown item 'dbe:advanced_circuit'
[15:08:23] [Worker-Main-5/WARN]: Failed to parse recipe 'dbe:rec_vocals_generator[minecraft:crafting_shaped]'! Falling back to vanilla: com.google.gson.JsonSyntaxException: Unknown item 'dbe:vocal_empty'
[15:08:23] [Worker-Main-5/WARN]: Failed to parse recipe dbe:rec_vocals_generator[minecraft:crafting_shaped]: com.google.gson.JsonSyntaxException: Unknown item 'dbe:vocal_empty'
[15:08:23] [Worker-Main-5/WARN]: Failed to parse recipe 'tconstruct:smeltery/seared/seared_brick_kiln[ceramics:kiln]'! Falling back to vanilla: java.lang.NullPointerException: Unknown recipe type: ceramics:kiln
[15:08:23] [Worker-Main-5/WARN]: Failed to parse recipe 'dbe:rec_oneway_sign[minecraft:crafting_shaped]'! Falling back to vanilla: com.google.gson.JsonSyntaxException: Unknown item 'dbe:oneway_sign'
[15:08:23] [Worker-Main-5/WARN]: Failed to parse recipe dbe:rec_oneway_sign[minecraft:crafting_shaped]: com.google.gson.JsonSyntaxException: Unknown item 'dbe:oneway_sign'
[15:08:23] [Worker-Main-5/WARN]: Failed to parse recipe 'dbe:rec_electricity_block[minecraft:crafting_shaped]'! Falling back to vanilla: com.google.gson.JsonSyntaxException: Unknown item 'dbe:electricity_block'
[15:08:23] [Worker-Main-5/WARN]: Failed to parse recipe dbe:rec_electricity_block[minecraft:crafting_shaped]: com.google.gson.JsonSyntaxException: Unknown item 'dbe:electricity_block'
[15:08:23] [Worker-Main-5/WARN]: Failed to parse recipe 'railways:sequenced_assembly/track_byg_jacaranda[create:sequenced_assembly]'! Falling back to vanilla: com.google.gson.JsonSyntaxException: Unknown item 'byg:jacaranda_slab'
[15:08:23] [Worker-Main-5/WARN]: Failed to parse recipe railways:sequenced_assembly/track_byg_jacaranda[create:sequenced_assembly]: com.google.gson.JsonSyntaxException: Unknown item 'byg:jacaranda_slab'
[15:08:23] [Worker-Main-5/WARN]: Failed to parse recipe 'dbe:rec_light[minecraft:crafting_shaped]'! Falling back to vanilla: com.google.gson.JsonSyntaxException: Unknown item 'dbe:lightoff'
[15:08:23] [Worker-Main-5/WARN]: Failed to parse recipe dbe:rec_light[minecraft:crafting_shaped]: com.google.gson.JsonSyntaxException: Unknown item 'dbe:lightoff'
[15:08:23] [Worker-Main-5/WARN]: Failed to parse recipe 'railways:sequenced_assembly/track_byg_witch_hazel[create:sequenced_assembly]'! Falling back to vanilla: com.google.gson.JsonSyntaxException: Unknown item 'byg:witch_hazel_slab'
[15:08:23] [Worker-Main-5/WARN]: Failed to parse recipe railways:sequenced_assembly/track_byg_witch_hazel[create:sequenced_assembly]: com.google.gson.JsonSyntaxException: Unknown item 'byg:witch_hazel_slab'
[15:08:23] [Worker-Main-5/WARN]: Your custom createaddition:rolling/brass_ingot recipe (createaddition:rolling/brass_ingot) specified a duration. Durations have no impact on this type of recipe.
[15:08:23] [Worker-Main-5/WARN]: Failed to parse recipe 'railways:sequenced_assembly/track_byg_maple[create:sequenced_assembly]'! Falling back to vanilla: com.google.gson.JsonSyntaxException: Unknown item 'byg:maple_slab'
[15:08:23] [Worker-Main-5/WARN]: Failed to parse recipe railways:sequenced_assembly/track_byg_maple[create:sequenced_assembly]: com.google.gson.JsonSyntaxException: Unknown item 'byg:maple_slab'
[15:08:23] [Worker-Main-5/WARN]: Failed to parse recipe 'railways:sequenced_assembly/track_byg_sythian[create:sequenced_assembly]'! Falling back to vanilla: com.google.gson.JsonSyntaxException: Unknown item 'byg:sythian_slab'
[15:08:23] [Worker-Main-5/WARN]: Failed to parse recipe railways:sequenced_assembly/track_byg_sythian[create:sequenced_assembly]: com.google.gson.JsonSyntaxException: Unknown item 'byg:sythian_slab'
[15:08:23] [Worker-Main-5/WARN]: Failed to parse recipe 'dbe:rec_green_circuit_xp_ding[minecraft:crafting_shapeless]'! Falling back to vanilla: com.google.gson.JsonSyntaxException: Unknown item 'dbe:green_circuit_xp_ding'
[15:08:23] [Worker-Main-5/WARN]: Failed to parse recipe dbe:rec_green_circuit_xp_ding[minecraft:crafting_shapeless]: com.google.gson.JsonSyntaxException: Unknown item 'dbe:green_circuit_xp_ding'
[15:08:23] [Worker-Main-5/WARN]: Failed to parse recipe 'dbe:rec_vocal_standby[minecraft:stonecutting]'! Falling back to vanilla: com.google.gson.JsonSyntaxException: Unknown item 'dbe:vocal_empty'
[15:08:23] [Worker-Main-5/WARN]: Failed to parse recipe dbe:rec_vocal_standby[minecraft:stonecutting]: com.google.gson.JsonSyntaxException: Unknown item 'dbe:vocal_empty'
[15:08:23] [Worker-Main-5/WARN]: Failed to parse recipe 'vinery:cherry_chest_boat[minecraft:crafting_shapeless]'! Falling back to vanilla: com.google.gson.JsonSyntaxException: Unknown item 'vinery:cherry_chest_boat'
[15:08:23] [Worker-Main-5/WARN]: Failed to parse recipe vinery:cherry_chest_boat[minecraft:crafting_shapeless]: com.google.gson.JsonSyntaxException: Unknown item 'vinery:cherry_chest_boat'
[15:08:23] [Worker-Main-5/WARN]: Failed to parse recipe 'railways:sequenced_assembly/track_byg_embur[create:sequenced_assembly]'! Falling back to vanilla: com.google.gson.JsonSyntaxException: Unknown item 'byg:embur_slab'
[15:08:23] [Worker-Main-5/WARN]: Failed to parse recipe railways:sequenced_assembly/track_byg_embur[create:sequenced_assembly]: com.google.gson.JsonSyntaxException: Unknown item 'byg:embur_slab'
[15:08:23] [Worker-Main-5/WARN]: Your custom createaddition:rolling/copper_ingot recipe (createaddition:rolling/copper_ingot) specified a duration. Durations have no impact on this type of recipe.
[15:08:23] [Worker-Main-5/WARN]: Failed to parse recipe 'dbe:rec_green_circuit_elytra_fly[minecraft:crafting_shapeless]'! Falling back to vanilla: com.google.gson.JsonSyntaxException: Unknown item 'dbe:green_circuit_elytra_fly'
[15:08:23] [Worker-Main-5/WARN]: Failed to parse recipe dbe:rec_green_circuit_elytra_fly[minecraft:crafting_shapeless]: com.google.gson.JsonSyntaxException: Unknown item 'dbe:green_circuit_elytra_fly'
[15:08:23] [Worker-Main-5/WARN]: Failed to parse recipe 'railways:sequenced_assembly/track_byg_zelkova[create:sequenced_assembly]'! Falling back to vanilla: com.google.gson.JsonSyntaxException: Unknown item 'byg:zelkova_slab'
[15:08:23] [Worker-Main-5/WARN]: Failed to parse recipe railways:sequenced_assembly/track_byg_zelkova[create:sequenced_assembly]: com.google.gson.JsonSyntaxException: Unknown item 'byg:zelkova_slab'
[15:08:23] [Worker-Main-5/WARN]: Failed to parse recipe 'dbe:rec_isolinear_front_green[minecraft:crafting_shaped]'! Falling back to vanilla: com.google.gson.JsonSyntaxException: Unknown item 'dbe:isolinear_front_green'
[15:08:23] [Worker-Main-5/WARN]: Failed to parse recipe dbe:rec_isolinear_front_green[minecraft:crafting_shaped]: com.google.gson.JsonSyntaxException: Unknown item 'dbe:isolinear_front_green'
[15:08:23] [Worker-Main-5/WARN]: Failed to parse recipe 'dbe:rec_gauge_inner[minecraft:crafting_shapeless]'! Falling back to vanilla: com.google.gson.JsonSyntaxException: Unknown item 'dbe:gauge_inner'
[15:08:23] [Worker-Main-5/WARN]: Failed to parse recipe dbe:rec_gauge_inner[minecraft:crafting_shapeless]: com.google.gson.JsonSyntaxException: Unknown item 'dbe:gauge_inner'
[15:08:23] [Worker-Main-5/WARN]: Failed to parse recipe 'dbe:rec_isolinear_middle_green[minecraft:crafting_shaped]'! Falling back to vanilla: com.google.gson.JsonSyntaxException: Unknown item 'dbe:isolinear_middle_green'
[15:08:23] [Worker-Main-5/WARN]: Failed to parse recipe dbe:rec_isolinear_middle_green[minecraft:crafting_shaped]: com.google.gson.JsonSyntaxException: Unknown item 'dbe:isolinear_middle_green'
[15:08:23] [Worker-Main-5/WARN]: Failed to parse recipe 'dbe:rec_green_circuit_nuke[minecraft:crafting_shaped]'! Falling back to vanilla: com.google.gson.JsonSyntaxException: Unknown item 'dbe:green_circuit_nuke'
[15:08:23] [Worker-Main-5/WARN]: Failed to parse recipe dbe:rec_green_circuit_nuke[minecraft:crafting_shaped]: com.google.gson.JsonSyntaxException: Unknown item 'dbe:green_circuit_nuke'
[15:08:23] [Worker-Main-5/WARN]: Failed to parse recipe 'dbe:rec_vocal_close_hatch[minecraft:stonecutting]'! Falling back to vanilla: com.google.gson.JsonSyntaxException: Unknown item 'dbe:vocal_empty'
[15:08:23] [Worker-Main-5/WARN]: Failed to parse recipe dbe:rec_vocal_close_hatch[minecraft:stonecutting]: com.google.gson.JsonSyntaxException: Unknown item 'dbe:vocal_empty'
[15:08:23] [Worker-Main-5/WARN]: Failed to parse recipe 'dbe:rec_isolinear_middle_red[minecraft:crafting_shaped]'! Falling back to vanilla: com.google.gson.JsonSyntaxException: Unknown item 'dbe:isolinear_middle_red'
[15:08:23] [Worker-Main-5/WARN]: Failed to parse recipe dbe:rec_isolinear_middle_red[minecraft:crafting_shaped]: com.google.gson.JsonSyntaxException: Unknown item 'dbe:isolinear_middle_red'
[15:08:23] [Worker-Main-5/WARN]: Failed to parse recipe 'tconstruct:smeltery/seared/seared_fancy_bricks_stonecutting[minecraft:stonecutting]': Failed to parse custom ingredient ("forge:difference") from {"type":"forge:difference","base":{"tag":"tconstruct:seared_bricks"},"subtracted":{"item":"tconstruct:seared_fancy_bricks"}}: java.lang.UnsupportedOperationException: Custom ingredients are not present on Fabric!
[15:08:23] [Worker-Main-5/WARN]: Failed to parse recipe 'dbe:rec_vocal_attention[minecraft:stonecutting]'! Falling back to vanilla: com.google.gson.JsonSyntaxException: Unknown item 'dbe:vocal_empty'
[15:08:23] [Worker-Main-5/WARN]: Failed to parse recipe dbe:rec_vocal_attention[minecraft:stonecutting]: com.google.gson.JsonSyntaxException: Unknown item 'dbe:vocal_empty'
[15:08:23] [Worker-Main-5/WARN]: Failed to parse recipe 'railways:sequenced_assembly/track_byg_redwood[create:sequenced_assembly]'! Falling back to vanilla: com.google.gson.JsonSyntaxException: Unknown item 'byg:redwood_slab'
[15:08:23] [Worker-Main-5/WARN]: Failed to parse recipe railways:sequenced_assembly/track_byg_redwood[create:sequenced_assembly]: com.google.gson.JsonSyntaxException: Unknown item 'byg:redwood_slab'
[15:08:23] [Worker-Main-5/WARN]: Failed to parse recipe 'railways:sequenced_assembly/track_byg_white_mangrove[create:sequenced_assembly]'! Falling back to vanilla: com.google.gson.JsonSyntaxException: Unknown item 'byg:mangrove_slab'
[15:08:23] [Worker-Main-5/WARN]: Failed to parse recipe railways:sequenced_assembly/track_byg_white_mangrove[create:sequenced_assembly]: com.google.gson.JsonSyntaxException: Unknown item 'byg:mangrove_slab'
[15:08:23] [Worker-Main-5/WARN]: Failed to parse recipe 'railways:sequenced_assembly/track_biomesoplenty_fir[create:sequenced_assembly]'! Falling back to vanilla: com.google.gson.JsonSyntaxException: Unknown item 'biomesoplenty:fir_slab'
[15:08:23] [Worker-Main-5/WARN]: Failed to parse recipe railways:sequenced_assembly/track_biomesoplenty_fir[create:sequenced_assembly]: com.google.gson.JsonSyntaxException: Unknown item 'biomesoplenty:fir_slab'
[15:08:23] [Worker-Main-5/WARN]: Failed to parse recipe 'railways:sequenced_assembly/track_byg_pine[create:sequenced_assembly]'! Falling back to vanilla: com.google.gson.JsonSyntaxException: Unknown item 'byg:pine_slab'
[15:08:23] [Worker-Main-5/WARN]: Failed to parse recipe railways:sequenced_assembly/track_byg_pine[create:sequenced_assembly]: com.google.gson.JsonSyntaxException: Unknown item 'byg:pine_slab'
[15:08:23] [Worker-Main-5/WARN]: Failed to parse recipe 'railways:sequenced_assembly/track_biomesoplenty_palm[create:sequenced_assembly]'! Falling back to vanilla: com.google.gson.JsonSyntaxException: Unknown item 'biomesoplenty:palm_slab'
[15:08:23] [Worker-Main-5/WARN]: Failed to parse recipe railways:sequenced_assembly/track_biomesoplenty_palm[create:sequenced_assembly]: com.google.gson.JsonSyntaxException: Unknown item 'biomesoplenty:palm_slab'
[15:08:23] [Worker-Main-5/WARN]: Failed to parse recipe 'railways:sequenced_assembly/track_twilightforest_darkwood[create:sequenced_assembly]'! Falling back to vanilla: com.google.gson.JsonSyntaxException: Unknown item 'twilightforest:dark_slab'
[15:08:23] [Worker-Main-5/WARN]: Failed to parse recipe railways:sequenced_assembly/track_twilightforest_darkwood[create:sequenced_assembly]: com.google.gson.JsonSyntaxException: Unknown item 'twilightforest:dark_slab'
[15:08:23] [Worker-Main-5/WARN]: Failed to parse recipe 'railways:sequenced_assembly/track_byg_aspen[create:sequenced_assembly]'! Falling back to vanilla: com.google.gson.JsonSyntaxException: Unknown item 'byg:aspen_slab'
[15:08:23] [Worker-Main-5/WARN]: Failed to parse recipe railways:sequenced_assembly/track_byg_aspen[create:sequenced_assembly]: com.google.gson.JsonSyntaxException: Unknown item 'byg:aspen_slab'
[15:08:23] [Worker-Main-5/WARN]: Failed to parse recipe 'tconstruct:smeltery/scorched/scorched_brick_kiln[ceramics:kiln]'! Falling back to vanilla: java.lang.NullPointerException: Unknown recipe type: ceramics:kiln
[15:08:23] [Worker-Main-5/WARN]: Failed to parse recipe 'dbe:rec_green_circuit_item_burn[minecraft:crafting_shapeless]'! Falling back to vanilla: com.google.gson.JsonSyntaxException: Unknown item 'dbe:green_circuit_item_burn'
[15:08:23] [Worker-Main-5/WARN]: Failed to parse recipe dbe:rec_green_circuit_item_burn[minecraft:crafting_shapeless]: com.google.gson.JsonSyntaxException: Unknown item 'dbe:green_circuit_item_burn'
[15:08:23] [Worker-Main-5/WARN]: Failed to parse recipe 'railways:sequenced_assembly/track_byg_cherry[create:sequenced_assembly]'! Falling back to vanilla: com.google.gson.JsonSyntaxException: Unknown item 'byg:cherry_slab'
[15:08:23] [Worker-Main-5/WARN]: Failed to parse recipe railways:sequenced_assembly/track_byg_cherry[create:sequenced_assembly]: com.google.gson.JsonSyntaxException: Unknown item 'byg:cherry_slab'
[15:08:23] [Worker-Main-5/WARN]: Failed to parse recipe 'railways:sequenced_assembly/track_twilightforest_sortingwood[create:sequenced_assembly]'! Falling back to vanilla: com.google.gson.JsonSyntaxException: Unknown item 'twilightforest:sorting_slab'
[15:08:23] [Worker-Main-5/WARN]: Failed to parse recipe railways:sequenced_assembly/track_twilightforest_sortingwood[create:sequenced_assembly]: com.google.gson.JsonSyntaxException: Unknown item 'twilightforest:sorting_slab'
[15:08:23] [Worker-Main-5/WARN]: Failed to parse recipe 'railways:sequenced_assembly/track_blue_skies_maple[create:sequenced_assembly]'! Falling back to vanilla: com.google.gson.JsonSyntaxException: Unknown item 'blue_skies:maple_slab'
[15:08:23] [Worker-Main-5/WARN]: Failed to parse recipe railways:sequenced_assembly/track_blue_skies_maple[create:sequenced_assembly]: com.google.gson.JsonSyntaxException: Unknown item 'blue_skies:maple_slab'
[15:08:23] [Worker-Main-5/WARN]: Failed to parse recipe 'dbe:rec_advanced_circuit[minecraft:crafting_shapeless]'! Falling back to vanilla: com.google.gson.JsonSyntaxException: Unknown item 'dbe:advanced_circuit'
[15:08:23] [Worker-Main-5/WARN]: Failed to parse recipe dbe:rec_advanced_circuit[minecraft:crafting_shapeless]: com.google.gson.JsonSyntaxException: Unknown item 'dbe:advanced_circuit'
[15:08:23] [Worker-Main-5/WARN]: Failed to parse recipe 'tconstruct:tables/crafting_station[minecraft:crafting_shaped]': Failed to parse custom ingredient ("forge:difference") from {"type":"forge:difference","base":[{"tag":"c:workbenches"},{"tag":"tconstruct:tables"}],"subtracted":{"item":"tconstruct:crafting_station"}}: java.lang.UnsupportedOperationException: Custom ingredients are not present on Fabric!
[15:08:23] [Worker-Main-5/WARN]: Failed to parse recipe 'dbe:rec_pc_cozy_smoke[minecraft:crafting_shapeless]'! Falling back to vanilla: com.google.gson.JsonSyntaxException: Unknown item 'dbe:advanced_circuit'
[15:08:23] [Worker-Main-5/WARN]: Failed to parse recipe dbe:rec_pc_cozy_smoke[minecraft:crafting_shapeless]: com.google.gson.JsonSyntaxException: Unknown item 'dbe:advanced_circuit'
[15:08:23] [Worker-Main-5/WARN]: Failed to parse recipe 'railways:sequenced_assembly/track_byg_palm[create:sequenced_assembly]'! Falling back to vanilla: com.google.gson.JsonSyntaxException: Unknown item 'byg:palm_slab'
[15:08:23] [Worker-Main-5/WARN]: Failed to parse recipe railways:sequenced_assembly/track_byg_palm[create:sequenced_assembly]: com.google.gson.JsonSyntaxException: Unknown item 'byg:palm_slab'
[15:08:23] [Worker-Main-5/WARN]: Failed to parse recipe 'dbe:rec_vocal_meltdown[minecraft:stonecutting]'! Falling back to vanilla: com.google.gson.JsonSyntaxException: Unknown item 'dbe:vocal_empty'
[15:08:23] [Worker-Main-5/WARN]: Failed to parse recipe dbe:rec_vocal_meltdown[minecraft:stonecutting]: com.google.gson.JsonSyntaxException: Unknown item 'dbe:vocal_empty'
[15:08:23] [Worker-Main-5/WARN]: Failed to parse recipe 'dbe:rec_vocal_airlock[minecraft:stonecutting]'! Falling back to vanilla: com.google.gson.JsonSyntaxException: Unknown item 'dbe:vocal_empty'
[15:08:23] [Worker-Main-5/WARN]: Failed to parse recipe dbe:rec_vocal_airlock[minecraft:stonecutting]: com.google.gson.JsonSyntaxException: Unknown item 'dbe:vocal_empty'
[15:08:23] [Worker-Main-5/WARN]: Failed to parse recipe 'dbe:rec_vocal_containment[minecraft:stonecutting]'! Falling back to vanilla: com.google.gson.JsonSyntaxException: Unknown item 'dbe:vocal_empty'
[15:08:23] [Worker-Main-5/WARN]: Failed to parse recipe dbe:rec_vocal_containment[minecraft:stonecutting]: com.google.gson.JsonSyntaxException: Unknown item 'dbe:vocal_empty'
[15:08:23] [Worker-Main-5/WARN]: Failed to parse recipe 'railways:sequenced_assembly/track_blue_skies_cherry[create:sequenced_assembly]'! Falling back to vanilla: com.google.gson.JsonSyntaxException: Unknown item 'blue_skies:cherry_slab'
[15:08:23] [Worker-Main-5/WARN]: Failed to parse recipe railways:sequenced_assembly/track_blue_skies_cherry[create:sequenced_assembly]: com.google.gson.JsonSyntaxException: Unknown item 'blue_skies:cherry_slab'
[15:08:23] [Worker-Main-5/WARN]: Suspicious fluid amount in recipe [farmersdelight:create/filling/chocolate_pie]: 500
[15:08:23] [Worker-Main-5/WARN]: Failed to parse recipe 'railways:sequenced_assembly/track_hexcasting_edified[create:sequenced_assembly]'! Falling back to vanilla: com.google.gson.JsonSyntaxException: Unknown item 'hexcasting:akashic_slab'
[15:08:23] [Worker-Main-5/WARN]: Failed to parse recipe railways:sequenced_assembly/track_hexcasting_edified[create:sequenced_assembly]: com.google.gson.JsonSyntaxException: Unknown item 'hexcasting:akashic_slab'
[15:08:23] [Worker-Main-5/WARN]: Failed to parse recipe 'dbe:rec_vocal_open_hatch[minecraft:stonecutting]'! Falling back to vanilla: com.google.gson.JsonSyntaxException: Unknown item 'dbe:vocal_empty'
[15:08:23] [Worker-Main-5/WARN]: Failed to parse recipe dbe:rec_vocal_open_hatch[minecraft:stonecutting]: com.google.gson.JsonSyntaxException: Unknown item 'dbe:vocal_empty'
[15:08:23] [Worker-Main-5/WARN]: Your custom createaddition:rolling/iron_plate recipe (createaddition:rolling/iron_plate) specified a duration. Durations have no impact on this type of recipe.
[15:08:23] [Worker-Main-5/WARN]: Failed to parse recipe 'railways:sequenced_assembly/track_biomesoplenty_dead[create:sequenced_assembly]'! Falling back to vanilla: com.google.gson.JsonSyntaxException: Unknown item 'biomesoplenty:dead_slab'
[15:08:23] [Worker-Main-5/WARN]: Failed to parse recipe railways:sequenced_assembly/track_biomesoplenty_dead[create:sequenced_assembly]: com.google.gson.JsonSyntaxException: Unknown item 'biomesoplenty:dead_slab'
[15:08:23] [Worker-Main-5/WARN]: Failed to parse recipe 'dbe:rec_hard_air[minecraft:crafting_shaped]'! Falling back to vanilla: com.google.gson.JsonSyntaxException: Unknown item 'dbe:hard_air'
[15:08:23] [Worker-Main-5/WARN]: Failed to parse recipe dbe:rec_hard_air[minecraft:crafting_shaped]: com.google.gson.JsonSyntaxException: Unknown item 'dbe:hard_air'
[15:08:23] [Worker-Main-5/WARN]: Failed to parse recipe 'railways:sequenced_assembly/track_byg_mahogany[create:sequenced_assembly]'! Falling back to vanilla: com.google.gson.JsonSyntaxException: Unknown item 'byg:mahogany_slab'
[15:08:23] [Worker-Main-5/WARN]: Failed to parse recipe railways:sequenced_assembly/track_byg_mahogany[create:sequenced_assembly]: com.google.gson.JsonSyntaxException: Unknown item 'byg:mahogany_slab'
[15:08:23] [Worker-Main-5/WARN]: Failed to parse recipe 'railways:sequenced_assembly/track_blue_skies_frostbright[create:sequenced_assembly]'! Falling back to vanilla: com.google.gson.JsonSyntaxException: Unknown item 'blue_skies:frostbright_slab'
[15:08:23] [Worker-Main-5/WARN]: Failed to parse recipe railways:sequenced_assembly/track_blue_skies_frostbright[create:sequenced_assembly]: com.google.gson.JsonSyntaxException: Unknown item 'blue_skies:frostbright_slab'
[15:08:23] [Worker-Main-5/WARN]: Failed to parse recipe 'tconstruct:smeltery/scorched/scorched_bricks_stonecutting[minecraft:stonecutting]': Failed to parse custom ingredient ("forge:difference") from {"type":"forge:difference","base":{"tag":"tconstruct:scorched_blocks"},"subtracted":{"item":"tconstruct:scorched_bricks"}}: java.lang.UnsupportedOperationException: Custom ingredients are not present on Fabric!
[15:08:23] [Worker-Main-5/WARN]: Failed to parse recipe 'dbe:rec_exit_sign[minecraft:crafting_shaped]'! Falling back to vanilla: com.google.gson.JsonSyntaxException: Unknown item 'dbe:exit_sign'
[15:08:23] [Worker-Main-5/WARN]: Failed to parse recipe dbe:rec_exit_sign[minecraft:crafting_shaped]: com.google.gson.JsonSyntaxException: Unknown item 'dbe:exit_sign'
[15:08:23] [Worker-Main-5/WARN]: Failed to parse recipe 'tconstruct:smeltery/seared/seared_triangle_bricks_stonecutting[minecraft:stonecutting]': Failed to parse custom ingredient ("forge:difference") from {"type":"forge:difference","base":{"tag":"tconstruct:seared_bricks"},"subtracted":{"item":"tconstruct:seared_triangle_bricks"}}: java.lang.UnsupportedOperationException: Custom ingredients are not present on Fabric!
[15:08:23] [Worker-Main-5/WARN]: Failed to parse recipe 'dbe:rec_sound_card_vocal_none[minecraft:crafting_shapeless]'! Falling back to vanilla: com.google.gson.JsonSyntaxException: Unknown item 'dbe:deleted_mod_element'
[15:08:23] [Worker-Main-5/WARN]: Failed to parse recipe dbe:rec_sound_card_vocal_none[minecraft:crafting_shapeless]: com.google.gson.JsonSyntaxException: Unknown item 'dbe:deleted_mod_element'
[15:08:23] [Worker-Main-5/WARN]: Failed to parse recipe 'railways:sequenced_assembly/track_biomesoplenty_cherry[create:sequenced_assembly]'! Falling back to vanilla: com.google.gson.JsonSyntaxException: Unknown item 'biomesoplenty:cherry_slab'
[15:08:23] [Worker-Main-5/WARN]: Failed to parse recipe railways:sequenced_assembly/track_biomesoplenty_cherry[create:sequenced_assembly]: com.google.gson.JsonSyntaxException: Unknown item 'biomesoplenty:cherry_slab'
[15:08:23] [Worker-Main-5/WARN]: Your custom createaddition:rolling/gold_plate recipe (createaddition:rolling/gold_plate) specified a duration. Durations have no impact on this type of recipe.
[15:08:23] [Worker-Main-5/WARN]: Failed to parse recipe 'railways:sequenced_assembly/track_twilightforest_timewood[create:sequenced_assembly]'! Falling back to vanilla: com.google.gson.JsonSyntaxException: Unknown item 'twilightforest:time_slab'
[15:08:23] [Worker-Main-5/WARN]: Failed to parse recipe railways:sequenced_assembly/track_twilightforest_timewood[create:sequenced_assembly]: com.google.gson.JsonSyntaxException: Unknown item 'twilightforest:time_slab'
[15:08:23] [Worker-Main-5/WARN]: Failed to parse recipe 'dbe:rec_particle_generator[minecraft:crafting_shaped]'! Falling back to vanilla: com.google.gson.JsonSyntaxException: Unknown item 'dbe:advanced_circuit'
[15:08:23] [Worker-Main-5/WARN]: Failed to parse recipe dbe:rec_particle_generator[minecraft:crafting_shaped]: com.google.gson.JsonSyntaxException: Unknown item 'dbe:advanced_circuit'
[15:08:23] [Worker-Main-5/WARN]: Failed to parse recipe 'dbe:rec_2_track_end[create:mixing]'! Falling back to vanilla: com.google.gson.JsonSyntaxException: Missing results, expected to find a JsonArray
[15:08:23] [Worker-Main-5/WARN]: Failed to parse recipe dbe:rec_2_track_end[create:mixing]: com.google.gson.JsonSyntaxException: Missing results, expected to find a JsonArray
[15:08:23] [Worker-Main-5/WARN]: Failed to parse recipe 'railways:sequenced_assembly/track_byg_rainbow_eucalyptus[create:sequenced_assembly]'! Falling back to vanilla: com.google.gson.JsonSyntaxException: Unknown item 'byg:rainbow_eucalyptus_slab'
[15:08:23] [Worker-Main-5/WARN]: Failed to parse recipe railways:sequenced_assembly/track_byg_rainbow_eucalyptus[create:sequenced_assembly]: com.google.gson.JsonSyntaxException: Unknown item 'byg:rainbow_eucalyptus_slab'
[15:08:23] [Worker-Main-5/WARN]: Failed to parse recipe 'railways:sequenced_assembly/track_biomesoplenty_jacaranda[create:sequenced_assembly]'! Falling back to vanilla: com.google.gson.JsonSyntaxException: Unknown item 'biomesoplenty:jacaranda_slab'
[15:08:23] [Worker-Main-5/WARN]: Failed to parse recipe railways:sequenced_assembly/track_biomesoplenty_jacaranda[create:sequenced_assembly]: com.google.gson.JsonSyntaxException: Unknown item 'biomesoplenty:jacaranda_slab'
[15:08:23] [Worker-Main-5/WARN]: Failed to parse recipe 'railways:sequenced_assembly/track_byg_ebony[create:sequenced_assembly]'! Falling back to vanilla: com.google.gson.JsonSyntaxException: Unknown item 'byg:ebony_slab'
[15:08:23] [Worker-Main-5/WARN]: Failed to parse recipe railways:sequenced_assembly/track_byg_ebony[create:sequenced_assembly]: com.google.gson.JsonSyntaxException: Unknown item 'byg:ebony_slab'
[15:08:23] [Worker-Main-5/WARN]: Failed to parse recipe 'railways:sequenced_assembly/track_twilightforest_transwood[create:sequenced_assembly]'! Falling back to vanilla: com.google.gson.JsonSyntaxException: Unknown item 'twilightforest:transformation_slab'
[15:08:23] [Worker-Main-5/WARN]: Failed to parse recipe railways:sequenced_assembly/track_twilightforest_transwood[create:sequenced_assembly]: com.google.gson.JsonSyntaxException: Unknown item 'twilightforest:transformation_slab'
[15:08:23] [Worker-Main-5/WARN]: Failed to parse recipe 'dbe:rec_isolinear_front_red[minecraft:crafting_shaped]'! Falling back to vanilla: com.google.gson.JsonSyntaxException: Unknown item 'dbe:isolinear_front_red'
[15:08:23] [Worker-Main-5/WARN]: Failed to parse recipe dbe:rec_isolinear_front_red[minecraft:crafting_shaped]: com.google.gson.JsonSyntaxException: Unknown item 'dbe:isolinear_front_red'
[15:08:23] [Worker-Main-5/WARN]: Failed to parse recipe 'dbe:rec_vocal_systemintegrity[minecraft:stonecutting]'! Falling back to vanilla: com.google.gson.JsonSyntaxException: Unknown item 'dbe:vocal_empty'
[15:08:23] [Worker-Main-5/WARN]: Failed to parse recipe dbe:rec_vocal_systemintegrity[minecraft:stonecutting]: com.google.gson.JsonSyntaxException: Unknown item 'dbe:vocal_empty'
[15:08:23] [Worker-Main-5/WARN]: Failed to parse recipe 'dbe:rec_pc_fire[minecraft:crafting_shapeless]'! Falling back to vanilla: com.google.gson.JsonSyntaxException: Unknown item 'dbe:advanced_circuit'
[15:08:23] [Worker-Main-5/WARN]: Failed to parse recipe dbe:rec_pc_fire[minecraft:crafting_shapeless]: com.google.gson.JsonSyntaxException: Unknown item 'dbe:advanced_circuit'
[15:08:23] [Worker-Main-5/WARN]: Failed to parse recipe 'dbe:rec_green_circuit_level_up[minecraft:crafting_shapeless]'! Falling back to vanilla: com.google.gson.JsonSyntaxException: Unknown item 'dbe:green_circuit_level_up'
[15:08:23] [Worker-Main-5/WARN]: Failed to parse recipe dbe:rec_green_circuit_level_up[minecraft:crafting_shapeless]: com.google.gson.JsonSyntaxException: Unknown item 'dbe:green_circuit_level_up'
[15:08:23] [Worker-Main-5/WARN]: Failed to parse recipe 'dbe:rec_green_circuit_tnt_1[minecraft:crafting_shapeless]'! Falling back to vanilla: com.google.gson.JsonSyntaxException: Unknown item 'dbe:green_circuit_tnt_1'
[15:08:23] [Worker-Main-5/WARN]: Failed to parse recipe dbe:rec_green_circuit_tnt_1[minecraft:crafting_shapeless]: com.google.gson.JsonSyntaxException: Unknown item 'dbe:green_circuit_tnt_1'
[15:08:23] [Worker-Main-5/WARN]: Failed to parse recipe 'dbe:rec_blue_light[minecraft:crafting_shaped]'! Falling back to vanilla: com.google.gson.JsonSyntaxException: Unknown item 'dbe:blue_light_off'
[15:08:23] [Worker-Main-5/WARN]: Failed to parse recipe dbe:rec_blue_light[minecraft:crafting_shaped]: com.google.gson.JsonSyntaxException: Unknown item 'dbe:blue_light_off'
[15:08:23] [Worker-Main-5/WARN]: Failed to parse recipe 'dbe:rec_green_circuit_bat_takeoff[minecraft:crafting_shapeless]'! Falling back to vanilla: com.google.gson.JsonSyntaxException: Unknown item 'dbe:green_circuit_bat_takeoff'
[15:08:23] [Worker-Main-5/WARN]: Failed to parse recipe dbe:rec_green_circuit_bat_takeoff[minecraft:crafting_shapeless]: com.google.gson.JsonSyntaxException: Unknown item 'dbe:green_circuit_bat_takeoff'
[15:08:23] [Worker-Main-5/WARN]: Failed to parse recipe 'dbe:rec_alarm_sign[minecraft:crafting_shaped]'! Falling back to vanilla: com.google.gson.JsonSyntaxException: Unknown item 'dbe:alarm_sign'
[15:08:23] [Worker-Main-5/WARN]: Failed to parse recipe dbe:rec_alarm_sign[minecraft:crafting_shaped]: com.google.gson.JsonSyntaxException: Unknown item 'dbe:alarm_sign'
[15:08:23] [Worker-Main-5/WARN]: Failed to parse recipe 'tconstruct:smeltery/scorched/chiseled_scorched_bricks_stonecutting[minecraft:stonecutting]': Failed to parse custom ingredient ("forge:difference") from {"type":"forge:difference","base":{"tag":"tconstruct:scorched_blocks"},"subtracted":{"item":"tconstruct:chiseled_scorched_bricks"}}: java.lang.UnsupportedOperationException: Custom ingredients are not present on Fabric!
[15:08:23] [Worker-Main-5/WARN]: Failed to parse recipe 'dbe:rec_cross_block[minecraft:crafting_shaped]'! Falling back to vanilla: com.google.gson.JsonSyntaxException: Unknown item 'dbe:cross_block'
[15:08:23] [Worker-Main-5/WARN]: Failed to parse recipe dbe:rec_cross_block[minecraft:crafting_shaped]: com.google.gson.JsonSyntaxException: Unknown item 'dbe:cross_block'
[15:08:23] [Worker-Main-5/WARN]: Failed to parse recipe 'dbe:rec_vocal_systemfail[minecraft:stonecutting]'! Falling back to vanilla: com.google.gson.JsonSyntaxException: Unknown item 'dbe:vocal_empty'
[15:08:23] [Worker-Main-5/WARN]: Failed to parse recipe dbe:rec_vocal_systemfail[minecraft:stonecutting]: com.google.gson.JsonSyntaxException: Unknown item 'dbe:vocal_empty'
[15:08:23] [Worker-Main-5/WARN]: Failed to parse recipe 'dbe:rec_isolinear_middle_blue[minecraft:crafting_shaped]'! Falling back to vanilla: com.google.gson.JsonSyntaxException: Unknown item 'dbe:isolinear_middle_blue'
[15:08:23] [Worker-Main-5/WARN]: Failed to parse recipe dbe:rec_isolinear_middle_blue[minecraft:crafting_shaped]: com.google.gson.JsonSyntaxException: Unknown item 'dbe:isolinear_middle_blue'
[15:08:23] [Worker-Main-5/WARN]: Failed to parse recipe 'railways:sequenced_assembly/track_byg_cypress[create:sequenced_assembly]'! Falling back to vanilla: com.google.gson.JsonSyntaxException: Unknown item 'byg:cypress_slab'
[15:08:23] [Worker-Main-5/WARN]: Failed to parse recipe railways:sequenced_assembly/track_byg_cypress[create:sequenced_assembly]: com.google.gson.JsonSyntaxException: Unknown item 'byg:cypress_slab'
[15:08:23] [Worker-Main-5/WARN]: Failed to parse recipe 'railways:sequenced_assembly/track_biomesoplenty_mahogany[create:sequenced_assembly]'! Falling back to vanilla: com.google.gson.JsonSyntaxException: Unknown item 'biomesoplenty:mahogany_slab'
[15:08:23] [Worker-Main-5/WARN]: Failed to parse recipe railways:sequenced_assembly/track_biomesoplenty_mahogany[create:sequenced_assembly]: com.google.gson.JsonSyntaxException: Unknown item 'biomesoplenty:mahogany_slab'
[15:08:23] [Worker-Main-5/WARN]: Failed to parse recipe 'dbe:rec_green_light[minecraft:crafting_shaped]'! Falling back to vanilla: com.google.gson.JsonSyntaxException: Unknown item 'dbe:green_light_off'
[15:08:23] [Worker-Main-5/WARN]: Failed to parse recipe dbe:rec_green_light[minecraft:crafting_shaped]: com.google.gson.JsonSyntaxException: Unknown item 'dbe:green_light_off'
[15:08:23] [Worker-Main-5/WARN]: Failed to parse recipe 'railways:sequenced_assembly/track_byg_lament[create:sequenced_assembly]'! Falling back to vanilla: com.google.gson.JsonSyntaxException: Unknown item 'byg:lament_slab'
[15:08:23] [Worker-Main-5/WARN]: Failed to parse recipe railways:sequenced_assembly/track_byg_lament[create:sequenced_assembly]: com.google.gson.JsonSyntaxException: Unknown item 'byg:lament_slab'
[15:08:23] [Worker-Main-5/WARN]: Failed to parse recipe 'railways:sequenced_assembly/track_byg_blue_enchanted[create:sequenced_assembly]'! Falling back to vanilla: com.google.gson.JsonSyntaxException: Unknown item 'byg:blue_enchanted_slab'
[15:08:23] [Worker-Main-5/WARN]: Failed to parse recipe railways:sequenced_assembly/track_byg_blue_enchanted[create:sequenced_assembly]: com.google.gson.JsonSyntaxException: Unknown item 'byg:blue_enchanted_slab'
[15:08:23] [Worker-Main-5/WARN]: Failed to parse recipe 'railways:sequenced_assembly/track_biomesoplenty_umbran[create:sequenced_assembly]'! Falling back to vanilla: com.google.gson.JsonSyntaxException: Unknown item 'biomesoplenty:umbran_slab'
[15:08:23] [Worker-Main-5/WARN]: Failed to parse recipe railways:sequenced_assembly/track_biomesoplenty_umbran[create:sequenced_assembly]: com.google.gson.JsonSyntaxException: Unknown item 'biomesoplenty:umbran_slab'
[15:08:23] [Worker-Main-5/WARN]: Your custom createaddition:rolling/iron_ingot recipe (createaddition:rolling/iron_ingot) specified a duration. Durations have no impact on this type of recipe.
[15:08:23] [Worker-Main-5/WARN]: Failed to parse recipe 'railways:sequenced_assembly/track_byg_imparius[create:sequenced_assembly]'! Falling back to vanilla: com.google.gson.JsonSyntaxException: Unknown item 'byg:imparius_slab'
[15:08:23] [Worker-Main-5/WARN]: Failed to parse recipe railways:sequenced_assembly/track_byg_imparius[create:sequenced_assembly]: com.google.gson.JsonSyntaxException: Unknown item 'byg:imparius_slab'
[15:08:23] [Worker-Main-5/WARN]: Failed to parse recipe 'dbe:rec_vocal_selfdestruct[minecraft:stonecutting]'! Falling back to vanilla: com.google.gson.JsonSyntaxException: Unknown item 'dbe:vocal_empty'
[15:08:23] [Worker-Main-5/WARN]: Failed to parse recipe dbe:rec_vocal_selfdestruct[minecraft:stonecutting]: com.google.gson.JsonSyntaxException: Unknown item 'dbe:vocal_empty'
[15:08:23] [Worker-Main-5/WARN]: Failed to parse recipe 'dbe:rec_alarm_light[minecraft:crafting_shaped]'! Falling back to vanilla: com.google.gson.JsonSyntaxException: Unknown item 'dbe:alarm_lightoff'
[15:08:23] [Worker-Main-5/WARN]: Failed to parse recipe dbe:rec_alarm_light[minecraft:crafting_shaped]: com.google.gson.JsonSyntaxException: Unknown item 'dbe:alarm_lightoff'
[15:08:23] [Worker-Main-5/WARN]: Failed to parse recipe 'railways:sequenced_assembly/track_biomesoplenty_hellbark[create:sequenced_assembly]'! Falling back to vanilla: com.google.gson.JsonSyntaxException: Unknown item 'biomesoplenty:hellbark_slab'
[15:08:23] [Worker-Main-5/WARN]: Failed to parse recipe railways:sequenced_assembly/track_biomesoplenty_hellbark[create:sequenced_assembly]: com.google.gson.JsonSyntaxException: Unknown item 'biomesoplenty:hellbark_slab'
[15:08:23] [Worker-Main-5/WARN]: Failed to parse recipe 'railways:sequenced_assembly/track_twilightforest_twilight_oak[create:sequenced_assembly]'! Falling back to vanilla: com.google.gson.JsonSyntaxException: Unknown item 'twilightforest:twilight_oak_slab'
[15:08:23] [Worker-Main-5/WARN]: Failed to parse recipe railways:sequenced_assembly/track_twilightforest_twilight_oak[create:sequenced_assembly]: com.google.gson.JsonSyntaxException: Unknown item 'twilightforest:twilight_oak_slab'
[15:08:23] [Worker-Main-5/WARN]: Failed to parse recipe 'railways:sequenced_assembly/track_byg_ether[create:sequenced_assembly]'! Falling back to vanilla: com.google.gson.JsonSyntaxException: Unknown item 'byg:ether_slab'
[15:08:23] [Worker-Main-5/WARN]: Failed to parse recipe railways:sequenced_assembly/track_byg_ether[create:sequenced_assembly]: com.google.gson.JsonSyntaxException: Unknown item 'byg:ether_slab'
[15:08:23] [Worker-Main-5/WARN]: Failed to parse recipe 'dbe:rec_isolinear_back_blue[minecraft:crafting_shaped]'! Falling back to vanilla: com.google.gson.JsonSyntaxException: Unknown item 'dbe:isolinear_back_blue'
[15:08:23] [Worker-Main-5/WARN]: Failed to parse recipe dbe:rec_isolinear_back_blue[minecraft:crafting_shaped]: com.google.gson.JsonSyntaxException: Unknown item 'dbe:isolinear_back_blue'
[15:08:23] [Worker-Main-5/WARN]: Failed to parse recipe 'dbe:rec_helper_paper[minecraft:crafting_shapeless]'! Falling back to vanilla: com.google.gson.JsonSyntaxException: Unknown item 'dbe:helper_paper'
[15:08:23] [Worker-Main-5/WARN]: Failed to parse recipe dbe:rec_helper_paper[minecraft:crafting_shapeless]: com.google.gson.JsonSyntaxException: Unknown item 'dbe:helper_paper'
[15:08:23] [Worker-Main-5/WARN]: Failed to parse recipe 'railways:sequenced_assembly/track_byg_skyris[create:sequenced_assembly]'! Falling back to vanilla: com.google.gson.JsonSyntaxException: Unknown item 'byg:skyris_slab'
[15:08:23] [Worker-Main-5/WARN]: Failed to parse recipe railways:sequenced_assembly/track_byg_skyris[create:sequenced_assembly]: com.google.gson.JsonSyntaxException: Unknown item 'byg:skyris_slab'
[15:08:23] [Worker-Main-5/WARN]: Your custom create:mixing recipe (createaddition:compat/tconstruct/pig_iron_2) has more item inputs (13) than supported (9).
[15:08:23] [Worker-Main-5/WARN]: Failed to parse recipe 'railways:sequenced_assembly/track_byg_baobab[create:sequenced_assembly]'! Falling back to vanilla: com.google.gson.JsonSyntaxException: Unknown item 'byg:baobab_slab'
[15:08:23] [Worker-Main-5/WARN]: Failed to parse recipe railways:sequenced_assembly/track_byg_baobab[create:sequenced_assembly]: com.google.gson.JsonSyntaxException: Unknown item 'byg:baobab_slab'
[15:08:23] [Worker-Main-5/WARN]: Failed to parse recipe 'dbe:rec_vocal_warning[minecraft:stonecutting]'! Falling back to vanilla: com.google.gson.JsonSyntaxException: Unknown item 'dbe:vocal_empty'
[15:08:23] [Worker-Main-5/WARN]: Failed to parse recipe dbe:rec_vocal_warning[minecraft:stonecutting]: com.google.gson.JsonSyntaxException: Unknown item 'dbe:vocal_empty'
[15:08:23] [Worker-Main-5/WARN]: Method overwrite conflict for getEntities in morejs-common.mixins.json:structure.StructureTemplateMixin from mod morejs, previously written by io.github.fabricators_of_create.porting_lib.mixin.common.StructureTemplateMixin. Skipping method.
[15:08:23] [Worker-Main-5/WARN]: Your custom createaddition:rolling/gold_ingot recipe (createaddition:rolling/gold_ingot) specified a duration. Durations have no impact on this type of recipe.
[15:08:23] [Worker-Main-5/WARN]: Your custom createaddition:rolling/straw recipe (createaddition:rolling/straw) specified a duration. Durations have no impact on this type of recipe.
[15:08:23] [Worker-Main-5/WARN]: Failed to parse recipe 'dbe:rec_arrow_up_sign[minecraft:crafting_shaped]'! Falling back to vanilla: com.google.gson.JsonSyntaxException: Unknown item 'dbe:arrow_up_sign'
[15:08:23] [Worker-Main-5/WARN]: Failed to parse recipe dbe:rec_arrow_up_sign[minecraft:crafting_shaped]: com.google.gson.JsonSyntaxException: Unknown item 'dbe:arrow_up_sign'
[15:08:23] [Worker-Main-5/WARN]: Failed to parse recipe 'railways:sequenced_assembly/track_blue_skies_lunar[create:sequenced_assembly]'! Falling back to vanilla: com.google.gson.JsonSyntaxException: Unknown item 'blue_skies:lunar_slab'
[15:08:23] [Worker-Main-5/WARN]: Failed to parse recipe railways:sequenced_assembly/track_blue_skies_lunar[create:sequenced_assembly]: com.google.gson.JsonSyntaxException: Unknown item 'blue_skies:lunar_slab'
[15:08:23] [Worker-Main-5/WARN]: Failed to parse recipe 'railways:sequenced_assembly/track_byg_bulbis[create:sequenced_assembly]'! Falling back to vanilla: com.google.gson.JsonSyntaxException: Unknown item 'byg:bulbis_slab'
[15:08:23] [Worker-Main-5/WARN]: Failed to parse recipe railways:sequenced_assembly/track_byg_bulbis[create:sequenced_assembly]: com.google.gson.JsonSyntaxException: Unknown item 'byg:bulbis_slab'
[15:08:23] [Worker-Main-5/WARN]: Failed to parse recipe 'dbe:rec_gauge_outer[minecraft:crafting_shapeless]'! Falling back to vanilla: com.google.gson.JsonSyntaxException: Unknown item 'dbe:gauge_outer'
[15:08:23] [Worker-Main-5/WARN]: Failed to parse recipe dbe:rec_gauge_outer[minecraft:crafting_shapeless]: com.google.gson.JsonSyntaxException: Unknown item 'dbe:gauge_outer'
[15:08:23] [Worker-Main-5/WARN]: Failed to parse recipe 'railways:sequenced_assembly/track_byg_willow[create:sequenced_assembly]'! Falling back to vanilla: com.google.gson.JsonSyntaxException: Unknown item 'byg:willow_slab'
[15:08:23] [Worker-Main-5/WARN]: Failed to parse recipe railways:sequenced_assembly/track_byg_willow[create:sequenced_assembly]: com.google.gson.JsonSyntaxException: Unknown item 'byg:willow_slab'
[15:08:23] [Worker-Main-5/WARN]: Failed to parse recipe 'dbe:rec_green_circuit_blaze_hurt[minecraft:crafting_shapeless]'! Falling back to vanilla: com.google.gson.JsonSyntaxException: Unknown item 'dbe:green_circuit_blaze_hurt'
[15:08:23] [Worker-Main-5/WARN]: Failed to parse recipe dbe:rec_green_circuit_blaze_hurt[minecraft:crafting_shapeless]: com.google.gson.JsonSyntaxException: Unknown item 'dbe:green_circuit_blaze_hurt'
[15:08:23] [Worker-Main-5/WARN]: Failed to parse recipe 'dbe:rec_arrow_return_sign[minecraft:crafting_shaped]'! Falling back to vanilla: com.google.gson.JsonSyntaxException: Unknown item 'dbe:arrow_return_sign'
[15:08:23] [Worker-Main-5/WARN]: Failed to parse recipe dbe:rec_arrow_return_sign[minecraft:crafting_shaped]: com.google.gson.JsonSyntaxException: Unknown item 'dbe:arrow_return_sign'
[15:08:23] [Worker-Main-5/WARN]: Failed to parse recipe 'tconstruct:smeltery/scorched/polished_scorched_stone_stonecutting[minecraft:stonecutting]': Failed to parse custom ingredient ("forge:difference") from {"type":"forge:difference","base":{"tag":"tconstruct:scorched_blocks"},"subtracted":{"item":"tconstruct:polished_scorched_stone"}}: java.lang.UnsupportedOperationException: Custom ingredients are not present on Fabric!
[15:08:23] [Worker-Main-5/WARN]: Failed to parse recipe 'railways:sequenced_assembly/track_byg_holly[create:sequenced_assembly]'! Falling back to vanilla: com.google.gson.JsonSyntaxException: Unknown item 'byg:holly_slab'
[15:08:23] [Worker-Main-5/WARN]: Failed to parse recipe railways:sequenced_assembly/track_byg_holly[create:sequenced_assembly]: com.google.gson.JsonSyntaxException: Unknown item 'byg:holly_slab'
[15:08:23] [Worker-Main-5/WARN]: Failed to parse recipe 'railways:sequenced_assembly/track_byg_cika[create:sequenced_assembly]'! Falling back to vanilla: com.google.gson.JsonSyntaxException: Unknown item 'byg:cika_slab'
[15:08:23] [Worker-Main-5/WARN]: Failed to parse recipe railways:sequenced_assembly/track_byg_cika[create:sequenced_assembly]: com.google.gson.JsonSyntaxException: Unknown item 'byg:cika_slab'
[15:08:23] [Worker-Main-5/WARN]: Failed to parse recipe 'railways:sequenced_assembly/track_byg_fir[create:sequenced_assembly]'! Falling back to vanilla: com.google.gson.JsonSyntaxException: Unknown item 'byg:fir_slab'
[15:08:23] [Worker-Main-5/WARN]: Failed to parse recipe railways:sequenced_assembly/track_byg_fir[create:sequenced_assembly]: com.google.gson.JsonSyntaxException: Unknown item 'byg:fir_slab'
[15:08:23] [Worker-Main-5/WARN]: Failed to parse recipe 'railways:sequenced_assembly/track_twilightforest_canopy[create:sequenced_assembly]'! Falling back to vanilla: com.google.gson.JsonSyntaxException: Unknown item 'twilightforest:canopy_slab'
[15:08:23] [Worker-Main-5/WARN]: Failed to parse recipe railways:sequenced_assembly/track_twilightforest_canopy[create:sequenced_assembly]: com.google.gson.JsonSyntaxException: Unknown item 'twilightforest:canopy_slab'
[15:08:23] [Worker-Main-5/WARN]: Failed to parse recipe 'railways:sequenced_assembly/track_twilightforest_minewood[create:sequenced_assembly]'! Falling back to vanilla: com.google.gson.JsonSyntaxException: Unknown item 'twilightforest:mining_slab'
[15:08:23] [Worker-Main-5/WARN]: Failed to parse recipe railways:sequenced_assembly/track_twilightforest_minewood[create:sequenced_assembly]: com.google.gson.JsonSyntaxException: Unknown item 'twilightforest:mining_slab'
[15:08:23] [Worker-Main-5/WARN]: Failed to parse recipe 'dbe:rec_isolinear_front_blue[minecraft:crafting_shaped]'! Falling back to vanilla: com.google.gson.JsonSyntaxException: Unknown item 'dbe:isolinear_front_blue'
[15:08:23] [Worker-Main-5/WARN]: Failed to parse recipe dbe:rec_isolinear_front_blue[minecraft:crafting_shaped]: com.google.gson.JsonSyntaxException: Unknown item 'dbe:isolinear_front_blue'
[15:08:23] [Worker-Main-5/WARN]: Failed to parse recipe 'dbe:rec_vocal_experiment[minecraft:stonecutting]'! Falling back to vanilla: com.google.gson.JsonSyntaxException: Unknown item 'dbe:vocal_empty'
[15:08:23] [Worker-Main-5/WARN]: Failed to parse recipe dbe:rec_vocal_experiment[minecraft:stonecutting]: com.google.gson.JsonSyntaxException: Unknown item 'dbe:vocal_empty'
[15:08:23] [Worker-Main-5/WARN]: Failed to parse recipe 'dbe:rec_isolinear_back_green[minecraft:crafting_shaped]'! Falling back to vanilla: com.google.gson.JsonSyntaxException: Unknown item 'dbe:isolinear_back_green'
[15:08:23] [Worker-Main-5/WARN]: Failed to parse recipe dbe:rec_isolinear_back_green[minecraft:crafting_shaped]: com.google.gson.JsonSyntaxException: Unknown item 'dbe:isolinear_back_green'
[15:08:23] [Worker-Main-5/WARN]: Failed to parse recipe 'railways:sequenced_assembly/track_blue_skies_bluebright[create:sequenced_assembly]'! Falling back to vanilla: com.google.gson.JsonSyntaxException: Unknown item 'blue_skies:bluebright_slab'
[15:08:23] [Worker-Main-5/WARN]: Failed to parse recipe railways:sequenced_assembly/track_blue_skies_bluebright[create:sequenced_assembly]: com.google.gson.JsonSyntaxException: Unknown item 'blue_skies:bluebright_slab'
[15:08:23] [Worker-Main-5/WARN]: Failed to parse recipe 'railways:sequenced_assembly/track_byg_green_enchanted[create:sequenced_assembly]'! Falling back to vanilla: com.google.gson.JsonSyntaxException: Unknown item 'byg:green_enchanted_slab'
[15:08:23] [Worker-Main-5/WARN]: Failed to parse recipe railways:sequenced_assembly/track_byg_green_enchanted[create:sequenced_assembly]: com.google.gson.JsonSyntaxException: Unknown item 'byg:green_enchanted_slab'
[15:08:23] [Worker-Main-5/WARN]: Your custom createaddition:rolling/copper_plate recipe (createaddition:rolling/copper_plate) specified a duration. Durations have no impact on this type of recipe.
[15:08:23] [Worker-Main-5/WARN]: Failed to parse recipe 'railways:sequenced_assembly/track_twilightforest_mangrove[create:sequenced_assembly]'! Falling back to vanilla: com.google.gson.JsonSyntaxException: Unknown item 'twilightforest:mangrove_slab'
[15:08:23] [Worker-Main-5/WARN]: Failed to parse recipe railways:sequenced_assembly/track_twilightforest_mangrove[create:sequenced_assembly]: com.google.gson.JsonSyntaxException: Unknown item 'twilightforest:mangrove_slab'
[15:08:23] [Worker-Main-5/WARN]: Failed to parse recipe 'railways:sequenced_assembly/track_biomesoplenty_willow[create:sequenced_assembly]'! Falling back to vanilla: com.google.gson.JsonSyntaxException: Unknown item 'biomesoplenty:willow_slab'
[15:08:23] [Worker-Main-5/WARN]: Failed to parse recipe railways:sequenced_assembly/track_biomesoplenty_willow[create:sequenced_assembly]: com.google.gson.JsonSyntaxException: Unknown item 'biomesoplenty:willow_slab'
[15:08:23] [Worker-Main-5/WARN]: Failed to parse recipe 'dbe:rec_vocal_bootup[minecraft:stonecutting]'! Falling back to vanilla: com.google.gson.JsonSyntaxException: Unknown item 'dbe:vocal_empty'
[15:08:23] [Worker-Main-5/WARN]: Failed to parse recipe dbe:rec_vocal_bootup[minecraft:stonecutting]: com.google.gson.JsonSyntaxException: Unknown item 'dbe:vocal_empty'
[15:08:23] [Worker-Main-5/WARN]: Failed to parse recipe 'dbe:rec_soft_air[minecraft:crafting_shaped]'! Falling back to vanilla: com.google.gson.JsonSyntaxException: Unknown item 'dbe:soft_air'
[15:08:23] [Worker-Main-5/WARN]: Failed to parse recipe dbe:rec_soft_air[minecraft:crafting_shaped]: com.google.gson.JsonSyntaxException: Unknown item 'dbe:soft_air'
[15:08:23] [Worker-Main-5/WARN]: Failed to parse recipe 'dbe:rec_pctnt[minecraft:crafting_shapeless]'! Falling back to vanilla: com.google.gson.JsonSyntaxException: Unknown item 'dbe:advanced_circuit'
[15:08:23] [Worker-Main-5/WARN]: Failed to parse recipe dbe:rec_pctnt[minecraft:crafting_shapeless]: com.google.gson.JsonSyntaxException: Unknown item 'dbe:advanced_circuit'
[15:08:23] [Worker-Main-5/WARN]: Failed to parse recipe 'railways:sequenced_assembly/track_byg_nightshade[create:sequenced_assembly]'! Falling back to vanilla: com.google.gson.JsonSyntaxException: Unknown item 'byg:nightshade_slab'
[15:08:23] [Worker-Main-5/WARN]: Failed to parse recipe railways:sequenced_assembly/track_byg_nightshade[create:sequenced_assembly]: com.google.gson.JsonSyntaxException: Unknown item 'byg:nightshade_slab'
[15:08:23] [Worker-Main-5/WARN]: Failed to parse recipe 'dbe:rec_pc_steam[minecraft:crafting_shapeless]'! Falling back to vanilla: com.google.gson.JsonSyntaxException: Unknown item 'dbe:advanced_circuit'
[15:08:23] [Worker-Main-5/WARN]: Failed to parse recipe dbe:rec_pc_steam[minecraft:crafting_shapeless]: com.google.gson.JsonSyntaxException: Unknown item 'dbe:advanced_circuit'
[15:08:23] [Worker-Main-5/WARN]: Suspicious fluid amount in recipe [farmersdelight:create/mixing/pie_crust_from_mixing]: 250
[15:08:23] [Worker-Main-5/WARN]: Failed to parse recipe 'dbe:rec_green_circuit_fire_charge[minecraft:crafting_shapeless]'! Falling back to vanilla: com.google.gson.JsonSyntaxException: Unknown item 'dbe:green_circuit_fire_charge'
[15:08:23] [Worker-Main-5/WARN]: Failed to parse recipe dbe:rec_green_circuit_fire_charge[minecraft:crafting_shapeless]: com.google.gson.JsonSyntaxException: Unknown item 'dbe:green_circuit_fire_charge'
[15:08:23] [Worker-Main-5/WARN]: Failed to parse recipe 'railways:sequenced_assembly/track_biomesoplenty_magic[create:sequenced_assembly]'! Falling back to vanilla: com.google.gson.JsonSyntaxException: Unknown item 'biomesoplenty:magic_slab'
[15:08:23] [Worker-Main-5/WARN]: Failed to parse recipe railways:sequenced_assembly/track_biomesoplenty_magic[create:sequenced_assembly]: com.google.gson.JsonSyntaxException: Unknown item 'biomesoplenty:magic_slab'
[15:08:23] [Worker-Main-5/WARN]: Failed to parse recipe 'dbe:rec_arrow_down_sign[minecraft:crafting_shaped]'! Falling back to vanilla: com.google.gson.JsonSyntaxException: Unknown item 'dbe:arrow_down_sign'
[15:08:23] [Worker-Main-5/WARN]: Failed to parse recipe dbe:rec_arrow_down_sign[minecraft:crafting_shaped]: com.google.gson.JsonSyntaxException: Unknown item 'dbe:arrow_down_sign'
[15:08:23] [Worker-Main-5/WARN]: Failed to parse recipe 'dbe:rec_pc_smoke[minecraft:crafting_shapeless]'! Falling back to vanilla: com.google.gson.JsonSyntaxException: Unknown item 'dbe:advanced_circuit'
[15:08:23] [Worker-Main-5/WARN]: Failed to parse recipe dbe:rec_pc_smoke[minecraft:crafting_shapeless]: com.google.gson.JsonSyntaxException: Unknown item 'dbe:advanced_circuit'
[15:08:23] [Worker-Main-5/WARN]: Failed to parse recipe 'dbe:rec_sound_generator[minecraft:crafting_shaped]'! Falling back to vanilla: com.google.gson.JsonSyntaxException: Unknown item 'dbe:sound_generator'
[15:08:23] [Worker-Main-5/WARN]: Failed to parse recipe dbe:rec_sound_generator[minecraft:crafting_shaped]: com.google.gson.JsonSyntaxException: Unknown item 'dbe:sound_generator'
[15:08:23] [Worker-Main-5/WARN]: Failed to parse recipe 'dbe:rec_arrow_right_sign[minecraft:crafting_shaped]'! Falling back to vanilla: com.google.gson.JsonSyntaxException: Unknown item 'dbe:arrow_right_sign'
[15:08:23] [Worker-Main-5/WARN]: Failed to parse recipe dbe:rec_arrow_right_sign[minecraft:crafting_shaped]: com.google.gson.JsonSyntaxException: Unknown item 'dbe:arrow_right_sign'
[15:08:23] [Worker-Main-5/WARN]: Failed to parse recipe 'railways:sequenced_assembly/track_blue_skies_dusk[create:sequenced_assembly]'! Falling back to vanilla: com.google.gson.JsonSyntaxException: Unknown item 'blue_skies:dusk_slab'
[15:08:23] [Worker-Main-5/WARN]: Failed to parse recipe railways:sequenced_assembly/track_blue_skies_dusk[create:sequenced_assembly]: com.google.gson.JsonSyntaxException: Unknown item 'blue_skies:dusk_slab'
[15:08:23] [Worker-Main-5/INFO]: Found 10903 recipes and 2 failed recipes in 536.1 ms
[15:08:23] [Worker-Main-5/INFO]: Posted recipe events in 615.4 μs
[15:08:23] [Worker-Main-5/WARN]: Your custom createaddition:rolling/brass_ingot recipe (createaddition:rolling/brass_ingot) specified a duration. Durations have no impact on this type of recipe.
[15:08:23] [Worker-Main-5/WARN]: Your custom createaddition:rolling/copper_ingot recipe (createaddition:rolling/copper_ingot) specified a duration. Durations have no impact on this type of recipe.
[15:08:23] [Worker-Main-5/WARN]: Suspicious fluid amount in recipe [farmersdelight:create/filling/chocolate_pie]: 500
[15:08:23] [Worker-Main-5/WARN]: Your custom createaddition:rolling/iron_plate recipe (createaddition:rolling/iron_plate) specified a duration. Durations have no impact on this type of recipe.
[15:08:23] [Worker-Main-5/WARN]: Your custom createaddition:rolling/gold_plate recipe (createaddition:rolling/gold_plate) specified a duration. Durations have no impact on this type of recipe.
[15:08:23] [Worker-Main-5/WARN]: Your custom createaddition:rolling/iron_ingot recipe (createaddition:rolling/iron_ingot) specified a duration. Durations have no impact on this type of recipe.
[15:08:23] [Worker-Main-5/WARN]: Your custom create:mixing recipe (createaddition:compat/tconstruct/pig_iron_2) has more item inputs (13) than supported (9).
[15:08:23] [Worker-Main-5/WARN]: Your custom createaddition:rolling/gold_ingot recipe (createaddition:rolling/gold_ingot) specified a duration. Durations have no impact on this type of recipe.
[15:08:23] [Worker-Main-5/WARN]: Your custom createaddition:rolling/straw recipe (createaddition:rolling/straw) specified a duration. Durations have no impact on this type of recipe.
[15:08:23] [Worker-Main-5/WARN]: Your custom createaddition:rolling/copper_plate recipe (createaddition:rolling/copper_plate) specified a duration. Durations have no impact on this type of recipe.
[15:08:23] [Worker-Main-5/WARN]: Suspicious fluid amount in recipe [farmersdelight:create/mixing/pie_crust_from_mixing]: 250
[15:08:23] [Worker-Main-5/INFO]: Modified & removed recipes in 175.5 ms
[15:08:23] [Worker-Main-5/INFO]: Added recipes in 348.2 μs
[15:08:23] [Worker-Main-5/INFO]: Added 0 recipes, removed 0 recipes, modified 0 recipes, with 0 failed recipes and 0 fall-backed recipes
[15:08:23] [Worker-Main-5/ERROR]: Couldn't parse loot table dbe:blocks/soft_air
com.google.gson.JsonSyntaxException: Expected name to be an item, was unknown string 'dbe:soft_air'
	at net.minecraft.class_3518.method_17995(class_3518.java:130) ~[server-intermediary.jar:?]
	at java.util.Optional.orElseThrow(Optional.java:403) ~[?:?]
	at net.minecraft.class_3518.method_15256(class_3518.java:130) ~[server-intermediary.jar:?]
	at net.minecraft.class_3518.method_15288(class_3518.java:138) ~[server-intermediary.jar:?]
	at net.minecraft.class_77$class_78.method_413(class_77.java:55) ~[server-intermediary.jar:?]
	at net.minecraft.class_77$class_78.method_443(class_77.java:40) ~[server-intermediary.jar:?]
	at net.minecraft.class_85$class_90.method_441(class_85.java:151) ~[server-intermediary.jar:?]
	at net.minecraft.class_85$class_90.method_424(class_85.java:129) ~[server-intermediary.jar:?]
	at net.minecraft.class_79$class_5337.method_29319(class_79.java:86) ~[server-intermediary.jar:?]
	at net.minecraft.class_79$class_5337.method_517(class_79.java:74) ~[server-intermediary.jar:?]
	at net.minecraft.class_5330$class_5333.deserialize(class_5330.java:102) ~[server-intermediary.jar:?]
	at com.google.gson.internal.bind.TreeTypeAdapter.read(TreeTypeAdapter.java:69) ~[gson-2.8.9.jar:?]
	at com.google.gson.internal.bind.TypeAdapterRuntimeTypeWrapper.read(TypeAdapterRuntimeTypeWrapper.java:41) ~[gson-2.8.9.jar:?]
	at com.google.gson.internal.bind.ArrayTypeAdapter.read(ArrayTypeAdapter.java:72) ~[gson-2.8.9.jar:?]
	at com.google.gson.Gson.fromJson(Gson.java:963) ~[gson-2.8.9.jar:?]
	at com.google.gson.Gson.fromJson(Gson.java:1034) ~[gson-2.8.9.jar:?]
	at com.google.gson.internal.bind.TreeTypeAdapter$GsonContextImpl.deserialize(TreeTypeAdapter.java:162) ~[gson-2.8.9.jar:?]
	at net.minecraft.class_3518.method_15291(class_3518.java:448) ~[server-intermediary.jar:?]
	at net.minecraft.class_3518.method_15272(class_3518.java:456) ~[server-intermediary.jar:?]
	at net.minecraft.class_55$class_57.method_358(class_55.java:173) ~[server-intermediary.jar:?]
	at net.minecraft.class_55$class_57.deserialize(class_55.java:169) ~[server-intermediary.jar:?]
	at com.google.gson.internal.bind.TreeTypeAdapter.read(TreeTypeAdapter.java:69) ~[gson-2.8.9.jar:?]
	at com.google.gson.internal.bind.TypeAdapterRuntimeTypeWrapper.read(TypeAdapterRuntimeTypeWrapper.java:41) ~[gson-2.8.9.jar:?]
	at com.google.gson.internal.bind.ArrayTypeAdapter.read(ArrayTypeAdapter.java:72) ~[gson-2.8.9.jar:?]
	at com.google.gson.Gson.fromJson(Gson.java:963) ~[gson-2.8.9.jar:?]
	at com.google.gson.Gson.fromJson(Gson.java:1034) ~[gson-2.8.9.jar:?]
	at com.google.gson.internal.bind.TreeTypeAdapter$GsonContextImpl.deserialize(TreeTypeAdapter.java:162) ~[gson-2.8.9.jar:?]
	at net.minecraft.class_3518.method_15291(class_3518.java:448) ~[server-intermediary.jar:?]
	at net.minecraft.class_3518.method_15283(class_3518.java:466) ~[server-intermediary.jar:?]
	at net.minecraft.class_52$class_54.method_340(class_52.java:213) ~[server-intermediary.jar:?]
	at net.minecraft.class_52$class_54.deserialize(class_52.java:209) ~[server-intermediary.jar:?]
	at com.google.gson.internal.bind.TreeTypeAdapter.read(TreeTypeAdapter.java:69) ~[gson-2.8.9.jar:?]
	at com.google.gson.Gson.fromJson(Gson.java:963) ~[gson-2.8.9.jar:?]
	at com.google.gson.Gson.fromJson(Gson.java:1034) ~[gson-2.8.9.jar:?]
	at com.google.gson.Gson.fromJson(Gson.java:1006) ~[gson-2.8.9.jar:?]
	at net.minecraft.class_60.method_20711(class_60.java:44) ~[server-intermediary.jar:?]
	at dev.latvian.mods.kubejs.core.LootTablesKJS.applyKJS0(LootTablesKJS.java:39) ~[kubejs-fabric-1802.5.5-build.569.jar:?]
	at net.minecraft.class_60.redirect$ccd000$kubejs$applyKJS(class_60.java:2023) ~[server-intermediary.jar:?]
	at net.minecraft.class_60.method_20712(class_60.java:42) ~[server-intermediary.jar:?]
	at net.minecraft.class_60.method_18788(class_60.java:17) ~[server-intermediary.jar:?]
	at net.minecraft.class_4080.method_18790(class_4080.java:13) ~[server-intermediary.jar:?]
	at java.util.concurrent.CompletableFuture$UniAccept.tryFire(CompletableFuture.java:718) ~[?:?]
	at java.util.concurrent.CompletableFuture$Completion.run(CompletableFuture.java:482) ~[?:?]
	at net.minecraft.class_4014.method_18365(class_4014.java:69) ~[server-intermediary.jar:?]
	at net.minecraft.class_4014.method_18367(class_4014.java:68) ~[server-intermediary.jar:?]
	at java.util.concurrent.CompletableFuture$UniCompletion.claim(CompletableFuture.java:572) ~[?:?]
	at java.util.concurrent.CompletableFuture$UniAccept.tryFire(CompletableFuture.java:714) ~[?:?]
	at java.util.concurrent.CompletableFuture.postComplete(CompletableFuture.java:510) ~[?:?]
	at java.util.concurrent.CompletableFuture.postFire(CompletableFuture.java:614) ~[?:?]
	at java.util.concurrent.CompletableFuture$UniAccept.tryFire(CompletableFuture.java:726) ~[?:?]
	at java.util.concurrent.CompletableFuture$Completion.run(CompletableFuture.java:482) ~[?:?]
	at net.minecraft.class_4014.method_18365(class_4014.java:69) ~[server-intermediary.jar:?]
	at net.minecraft.class_4014.method_18367(class_4014.java:68) ~[server-intermediary.jar:?]
	at java.util.concurrent.CompletableFuture$UniCompletion.claim(CompletableFuture.java:572) [?:?]
	at java.util.concurrent.CompletableFuture$UniAccept.tryFire(CompletableFuture.java:714) [?:?]
	at java.util.concurrent.CompletableFuture.postComplete(CompletableFuture.java:510) [?:?]
	at java.util.concurrent.CompletableFuture$AsyncSupply.run(CompletableFuture.java:1773) [?:?]
	at java.util.concurrent.CompletableFuture$AsyncSupply.exec(CompletableFuture.java:1760) [?:?]
	at java.util.concurrent.ForkJoinTask.doExec(ForkJoinTask.java:373) [?:?]
	at java.util.concurrent.ForkJoinPool$WorkQueue.topLevelExec(ForkJoinPool.java:1182) [?:?]
	at java.util.concurrent.ForkJoinPool.scan(ForkJoinPool.java:1655) [?:?]
	at java.util.concurrent.ForkJoinPool.runWorker(ForkJoinPool.java:1622) [?:?]
	at java.util.concurrent.ForkJoinWorkerThread.run(ForkJoinWorkerThread.java:165) [?:?]
[15:08:23] [Worker-Main-5/ERROR]: Couldn't parse loot table dbe:blocks/green_light_on
com.google.gson.JsonSyntaxException: Expected name to be an item, was unknown string 'dbe:green_light_on'
	at net.minecraft.class_3518.method_17995(class_3518.java:130) ~[server-intermediary.jar:?]
	at java.util.Optional.orElseThrow(Optional.java:403) ~[?:?]
	at net.minecraft.class_3518.method_15256(class_3518.java:130) ~[server-intermediary.jar:?]
	at net.minecraft.class_3518.method_15288(class_3518.java:138) ~[server-intermediary.jar:?]
	at net.minecraft.class_77$class_78.method_413(class_77.java:55) ~[server-intermediary.jar:?]
	at net.minecraft.class_77$class_78.method_443(class_77.java:40) ~[server-intermediary.jar:?]
	at net.minecraft.class_85$class_90.method_441(class_85.java:151) ~[server-intermediary.jar:?]
	at net.minecraft.class_85$class_90.method_424(class_85.java:129) ~[server-intermediary.jar:?]
	at net.minecraft.class_79$class_5337.method_29319(class_79.java:86) ~[server-intermediary.jar:?]
	at net.minecraft.class_79$class_5337.method_517(class_79.java:74) ~[server-intermediary.jar:?]
	at net.minecraft.class_5330$class_5333.deserialize(class_5330.java:102) ~[server-intermediary.jar:?]
	at com.google.gson.internal.bind.TreeTypeAdapter.read(TreeTypeAdapter.java:69) ~[gson-2.8.9.jar:?]
	at com.google.gson.internal.bind.TypeAdapterRuntimeTypeWrapper.read(TypeAdapterRuntimeTypeWrapper.java:41) ~[gson-2.8.9.jar:?]
	at com.google.gson.internal.bind.ArrayTypeAdapter.read(ArrayTypeAdapter.java:72) ~[gson-2.8.9.jar:?]
	at com.google.gson.Gson.fromJson(Gson.java:963) ~[gson-2.8.9.jar:?]
	at com.google.gson.Gson.fromJson(Gson.java:1034) ~[gson-2.8.9.jar:?]
	at com.google.gson.internal.bind.TreeTypeAdapter$GsonContextImpl.deserialize(TreeTypeAdapter.java:162) ~[gson-2.8.9.jar:?]
	at net.minecraft.class_3518.method_15291(class_3518.java:448) ~[server-intermediary.jar:?]
	at net.minecraft.class_3518.method_15272(class_3518.java:456) ~[server-intermediary.jar:?]
	at net.minecraft.class_55$class_57.method_358(class_55.java:173) ~[server-intermediary.jar:?]
	at net.minecraft.class_55$class_57.deserialize(class_55.java:169) ~[server-intermediary.jar:?]
	at com.google.gson.internal.bind.TreeTypeAdapter.read(TreeTypeAdapter.java:69) ~[gson-2.8.9.jar:?]
	at com.google.gson.internal.bind.TypeAdapterRuntimeTypeWrapper.read(TypeAdapterRuntimeTypeWrapper.java:41) ~[gson-2.8.9.jar:?]
	at com.google.gson.internal.bind.ArrayTypeAdapter.read(ArrayTypeAdapter.java:72) ~[gson-2.8.9.jar:?]
	at com.google.gson.Gson.fromJson(Gson.java:963) ~[gson-2.8.9.jar:?]
	at com.google.gson.Gson.fromJson(Gson.java:1034) ~[gson-2.8.9.jar:?]
	at com.google.gson.internal.bind.TreeTypeAdapter$GsonContextImpl.deserialize(TreeTypeAdapter.java:162) ~[gson-2.8.9.jar:?]
	at net.minecraft.class_3518.method_15291(class_3518.java:448) ~[server-intermediary.jar:?]
	at net.minecraft.class_3518.method_15283(class_3518.java:466) ~[server-intermediary.jar:?]
	at net.minecraft.class_52$class_54.method_340(class_52.java:213) ~[server-intermediary.jar:?]
	at net.minecraft.class_52$class_54.deserialize(class_52.java:209) ~[server-intermediary.jar:?]
	at com.google.gson.internal.bind.TreeTypeAdapter.read(TreeTypeAdapter.java:69) ~[gson-2.8.9.jar:?]
	at com.google.gson.Gson.fromJson(Gson.java:963) ~[gson-2.8.9.jar:?]
	at com.google.gson.Gson.fromJson(Gson.java:1034) ~[gson-2.8.9.jar:?]
	at com.google.gson.Gson.fromJson(Gson.java:1006) ~[gson-2.8.9.jar:?]
	at net.minecraft.class_60.method_20711(class_60.java:44) ~[server-intermediary.jar:?]
	at dev.latvian.mods.kubejs.core.LootTablesKJS.applyKJS0(LootTablesKJS.java:39) ~[kubejs-fabric-1802.5.5-build.569.jar:?]
	at net.minecraft.class_60.redirect$ccd000$kubejs$applyKJS(class_60.java:2023) ~[server-intermediary.jar:?]
	at net.minecraft.class_60.method_20712(class_60.java:42) ~[server-intermediary.jar:?]
	at net.minecraft.class_60.method_18788(class_60.java:17) ~[server-intermediary.jar:?]
	at net.minecraft.class_4080.method_18790(class_4080.java:13) ~[server-intermediary.jar:?]
	at java.util.concurrent.CompletableFuture$UniAccept.tryFire(CompletableFuture.java:718) ~[?:?]
	at java.util.concurrent.CompletableFuture$Completion.run(CompletableFuture.java:482) ~[?:?]
	at net.minecraft.class_4014.method_18365(class_4014.java:69) ~[server-intermediary.jar:?]
	at net.minecraft.class_4014.method_18367(class_4014.java:68) ~[server-intermediary.jar:?]
	at java.util.concurrent.CompletableFuture$UniCompletion.claim(CompletableFuture.java:572) ~[?:?]
	at java.util.concurrent.CompletableFuture$UniAccept.tryFire(CompletableFuture.java:714) ~[?:?]
	at java.util.concurrent.CompletableFuture.postComplete(CompletableFuture.java:510) ~[?:?]
	at java.util.concurrent.CompletableFuture.postFire(CompletableFuture.java:614) ~[?:?]
	at java.util.concurrent.CompletableFuture$UniAccept.tryFire(CompletableFuture.java:726) ~[?:?]
	at java.util.concurrent.CompletableFuture$Completion.run(CompletableFuture.java:482) ~[?:?]
	at net.minecraft.class_4014.method_18365(class_4014.java:69) ~[server-intermediary.jar:?]
	at net.minecraft.class_4014.method_18367(class_4014.java:68) ~[server-intermediary.jar:?]
	at java.util.concurrent.CompletableFuture$UniCompletion.claim(CompletableFuture.java:572) [?:?]
	at java.util.concurrent.CompletableFuture$UniAccept.tryFire(CompletableFuture.java:714) [?:?]
	at java.util.concurrent.CompletableFuture.postComplete(CompletableFuture.java:510) [?:?]
	at java.util.concurrent.CompletableFuture$AsyncSupply.run(CompletableFuture.java:1773) [?:?]
	at java.util.concurrent.CompletableFuture$AsyncSupply.exec(CompletableFuture.java:1760) [?:?]
	at java.util.concurrent.ForkJoinTask.doExec(ForkJoinTask.java:373) [?:?]
	at java.util.concurrent.ForkJoinPool$WorkQueue.topLevelExec(ForkJoinPool.java:1182) [?:?]
	at java.util.concurrent.ForkJoinPool.scan(ForkJoinPool.java:1655) [?:?]
	at java.util.concurrent.ForkJoinPool.runWorker(ForkJoinPool.java:1622) [?:?]
	at java.util.concurrent.ForkJoinWorkerThread.run(ForkJoinWorkerThread.java:165) [?:?]
[15:08:23] [Worker-Main-5/ERROR]: Couldn't parse loot table dbe:blocks/arrow_left_sign
com.google.gson.JsonSyntaxException: Expected name to be an item, was unknown string 'dbe:arrow_left_sign'
	at net.minecraft.class_3518.method_17995(class_3518.java:130) ~[server-intermediary.jar:?]
	at java.util.Optional.orElseThrow(Optional.java:403) ~[?:?]
	at net.minecraft.class_3518.method_15256(class_3518.java:130) ~[server-intermediary.jar:?]
	at net.minecraft.class_3518.method_15288(class_3518.java:138) ~[server-intermediary.jar:?]
	at net.minecraft.class_77$class_78.method_413(class_77.java:55) ~[server-intermediary.jar:?]
	at net.minecraft.class_77$class_78.method_443(class_77.java:40) ~[server-intermediary.jar:?]
	at net.minecraft.class_85$class_90.method_441(class_85.java:151) ~[server-intermediary.jar:?]
	at net.minecraft.class_85$class_90.method_424(class_85.java:129) ~[server-intermediary.jar:?]
	at net.minecraft.class_79$class_5337.method_29319(class_79.java:86) ~[server-intermediary.jar:?]
	at net.minecraft.class_79$class_5337.method_517(class_79.java:74) ~[server-intermediary.jar:?]
	at net.minecraft.class_5330$class_5333.deserialize(class_5330.java:102) ~[server-intermediary.jar:?]
	at com.google.gson.internal.bind.TreeTypeAdapter.read(TreeTypeAdapter.java:69) ~[gson-2.8.9.jar:?]
	at com.google.gson.internal.bind.TypeAdapterRuntimeTypeWrapper.read(TypeAdapterRuntimeTypeWrapper.java:41) ~[gson-2.8.9.jar:?]
	at com.google.gson.internal.bind.ArrayTypeAdapter.read(ArrayTypeAdapter.java:72) ~[gson-2.8.9.jar:?]
	at com.google.gson.Gson.fromJson(Gson.java:963) ~[gson-2.8.9.jar:?]
	at com.google.gson.Gson.fromJson(Gson.java:1034) ~[gson-2.8.9.jar:?]
	at com.google.gson.internal.bind.TreeTypeAdapter$GsonContextImpl.deserialize(TreeTypeAdapter.java:162) ~[gson-2.8.9.jar:?]
	at net.minecraft.class_3518.method_15291(class_3518.java:448) ~[server-intermediary.jar:?]
	at net.minecraft.class_3518.method_15272(class_3518.java:456) ~[server-intermediary.jar:?]
	at net.minecraft.class_55$class_57.method_358(class_55.java:173) ~[server-intermediary.jar:?]
	at net.minecraft.class_55$class_57.deserialize(class_55.java:169) ~[server-intermediary.jar:?]
	at com.google.gson.internal.bind.TreeTypeAdapter.read(TreeTypeAdapter.java:69) ~[gson-2.8.9.jar:?]
	at com.google.gson.internal.bind.TypeAdapterRuntimeTypeWrapper.read(TypeAdapterRuntimeTypeWrapper.java:41) ~[gson-2.8.9.jar:?]
	at com.google.gson.internal.bind.ArrayTypeAdapter.read(ArrayTypeAdapter.java:72) ~[gson-2.8.9.jar:?]
	at com.google.gson.Gson.fromJson(Gson.java:963) ~[gson-2.8.9.jar:?]
	at com.google.gson.Gson.fromJson(Gson.java:1034) ~[gson-2.8.9.jar:?]
	at com.google.gson.internal.bind.TreeTypeAdapter$GsonContextImpl.deserialize(TreeTypeAdapter.java:162) ~[gson-2.8.9.jar:?]
	at net.minecraft.class_3518.method_15291(class_3518.java:448) ~[server-intermediary.jar:?]
	at net.minecraft.class_3518.method_15283(class_3518.java:466) ~[server-intermediary.jar:?]
	at net.minecraft.class_52$class_54.method_340(class_52.java:213) ~[server-intermediary.jar:?]
	at net.minecraft.class_52$class_54.deserialize(class_52.java:209) ~[server-intermediary.jar:?]
	at com.google.gson.internal.bind.TreeTypeAdapter.read(TreeTypeAdapter.java:69) ~[gson-2.8.9.jar:?]
	at com.google.gson.Gson.fromJson(Gson.java:963) ~[gson-2.8.9.jar:?]
	at com.google.gson.Gson.fromJson(Gson.java:1034) ~[gson-2.8.9.jar:?]
	at com.google.gson.Gson.fromJson(Gson.java:1006) ~[gson-2.8.9.jar:?]
	at net.minecraft.class_60.method_20711(class_60.java:44) ~[server-intermediary.jar:?]
	at dev.latvian.mods.kubejs.core.LootTablesKJS.applyKJS0(LootTablesKJS.java:39) ~[kubejs-fabric-1802.5.5-build.569.jar:?]
	at net.minecraft.class_60.redirect$ccd000$kubejs$applyKJS(class_60.java:2023) ~[server-intermediary.jar:?]
	at net.minecraft.class_60.method_20712(class_60.java:42) ~[server-intermediary.jar:?]
	at net.minecraft.class_60.method_18788(class_60.java:17) ~[server-intermediary.jar:?]
	at net.minecraft.class_4080.method_18790(class_4080.java:13) ~[server-intermediary.jar:?]
	at java.util.concurrent.CompletableFuture$UniAccept.tryFire(CompletableFuture.java:718) ~[?:?]
	at java.util.concurrent.CompletableFuture$Completion.run(CompletableFuture.java:482) ~[?:?]
	at net.minecraft.class_4014.method_18365(class_4014.java:69) ~[server-intermediary.jar:?]
	at net.minecraft.class_4014.method_18367(class_4014.java:68) ~[server-intermediary.jar:?]
	at java.util.concurrent.CompletableFuture$UniCompletion.claim(CompletableFuture.java:572) ~[?:?]
	at java.util.concurrent.CompletableFuture$UniAccept.tryFire(CompletableFuture.java:714) ~[?:?]
	at java.util.concurrent.CompletableFuture.postComplete(CompletableFuture.java:510) ~[?:?]
	at java.util.concurrent.CompletableFuture.postFire(CompletableFuture.java:614) ~[?:?]
	at java.util.concurrent.CompletableFuture$UniAccept.tryFire(CompletableFuture.java:726) ~[?:?]
	at java.util.concurrent.CompletableFuture$Completion.run(CompletableFuture.java:482) ~[?:?]
	at net.minecraft.class_4014.method_18365(class_4014.java:69) ~[server-intermediary.jar:?]
	at net.minecraft.class_4014.method_18367(class_4014.java:68) ~[server-intermediary.jar:?]
	at java.util.concurrent.CompletableFuture$UniCompletion.claim(CompletableFuture.java:572) [?:?]
	at java.util.concurrent.CompletableFuture$UniAccept.tryFire(CompletableFuture.java:714) [?:?]
	at java.util.concurrent.CompletableFuture.postComplete(CompletableFuture.java:510) [?:?]
	at java.util.concurrent.CompletableFuture$AsyncSupply.run(CompletableFuture.java:1773) [?:?]
	at java.util.concurrent.CompletableFuture$AsyncSupply.exec(CompletableFuture.java:1760) [?:?]
	at java.util.concurrent.ForkJoinTask.doExec(ForkJoinTask.java:373) [?:?]
	at java.util.concurrent.ForkJoinPool$WorkQueue.topLevelExec(ForkJoinPool.java:1182) [?:?]
	at java.util.concurrent.ForkJoinPool.scan(ForkJoinPool.java:1655) [?:?]
	at java.util.concurrent.ForkJoinPool.runWorker(ForkJoinPool.java:1622) [?:?]
	at java.util.concurrent.ForkJoinWorkerThread.run(ForkJoinWorkerThread.java:165) [?:?]
[15:08:23] [Worker-Main-5/ERROR]: Couldn't parse loot table dbe:blocks/particle_generator
com.google.gson.JsonSyntaxException: Expected name to be an item, was unknown string 'dbe:particle_generator'
	at net.minecraft.class_3518.method_17995(class_3518.java:130) ~[server-intermediary.jar:?]
	at java.util.Optional.orElseThrow(Optional.java:403) ~[?:?]
	at net.minecraft.class_3518.method_15256(class_3518.java:130) ~[server-intermediary.jar:?]
	at net.minecraft.class_3518.method_15288(class_3518.java:138) ~[server-intermediary.jar:?]
	at net.minecraft.class_77$class_78.method_413(class_77.java:55) ~[server-intermediary.jar:?]
	at net.minecraft.class_77$class_78.method_443(class_77.java:40) ~[server-intermediary.jar:?]
	at net.minecraft.class_85$class_90.method_441(class_85.java:151) ~[server-intermediary.jar:?]
	at net.minecraft.class_85$class_90.method_424(class_85.java:129) ~[server-intermediary.jar:?]
	at net.minecraft.class_79$class_5337.method_29319(class_79.java:86) ~[server-intermediary.jar:?]
	at net.minecraft.class_79$class_5337.method_517(class_79.java:74) ~[server-intermediary.jar:?]
	at net.minecraft.class_5330$class_5333.deserialize(class_5330.java:102) ~[server-intermediary.jar:?]
	at com.google.gson.internal.bind.TreeTypeAdapter.read(TreeTypeAdapter.java:69) ~[gson-2.8.9.jar:?]
	at com.google.gson.internal.bind.TypeAdapterRuntimeTypeWrapper.read(TypeAdapterRuntimeTypeWrapper.java:41) ~[gson-2.8.9.jar:?]
	at com.google.gson.internal.bind.ArrayTypeAdapter.read(ArrayTypeAdapter.java:72) ~[gson-2.8.9.jar:?]
	at com.google.gson.Gson.fromJson(Gson.java:963) ~[gson-2.8.9.jar:?]
	at com.google.gson.Gson.fromJson(Gson.java:1034) ~[gson-2.8.9.jar:?]
	at com.google.gson.internal.bind.TreeTypeAdapter$GsonContextImpl.deserialize(TreeTypeAdapter.java:162) ~[gson-2.8.9.jar:?]
	at net.minecraft.class_3518.method_15291(class_3518.java:448) ~[server-intermediary.jar:?]
	at net.minecraft.class_3518.method_15272(class_3518.java:456) ~[server-intermediary.jar:?]
	at net.minecraft.class_55$class_57.method_358(class_55.java:173) ~[server-intermediary.jar:?]
	at net.minecraft.class_55$class_57.deserialize(class_55.java:169) ~[server-intermediary.jar:?]
	at com.google.gson.internal.bind.TreeTypeAdapter.read(TreeTypeAdapter.java:69) ~[gson-2.8.9.jar:?]
	at com.google.gson.internal.bind.TypeAdapterRuntimeTypeWrapper.read(TypeAdapterRuntimeTypeWrapper.java:41) ~[gson-2.8.9.jar:?]
	at com.google.gson.internal.bind.ArrayTypeAdapter.read(ArrayTypeAdapter.java:72) ~[gson-2.8.9.jar:?]
	at com.google.gson.Gson.fromJson(Gson.java:963) ~[gson-2.8.9.jar:?]
	at com.google.gson.Gson.fromJson(Gson.java:1034) ~[gson-2.8.9.jar:?]
	at com.google.gson.internal.bind.TreeTypeAdapter$GsonContextImpl.deserialize(TreeTypeAdapter.java:162) ~[gson-2.8.9.jar:?]
	at net.minecraft.class_3518.method_15291(class_3518.java:448) ~[server-intermediary.jar:?]
	at net.minecraft.class_3518.method_15283(class_3518.java:466) ~[server-intermediary.jar:?]
	at net.minecraft.class_52$class_54.method_340(class_52.java:213) ~[server-intermediary.jar:?]
	at net.minecraft.class_52$class_54.deserialize(class_52.java:209) ~[server-intermediary.jar:?]
	at com.google.gson.internal.bind.TreeTypeAdapter.read(TreeTypeAdapter.java:69) ~[gson-2.8.9.jar:?]
	at com.google.gson.Gson.fromJson(Gson.java:963) ~[gson-2.8.9.jar:?]
	at com.google.gson.Gson.fromJson(Gson.java:1034) ~[gson-2.8.9.jar:?]
	at com.google.gson.Gson.fromJson(Gson.java:1006) ~[gson-2.8.9.jar:?]
	at net.minecraft.class_60.method_20711(class_60.java:44) ~[server-intermediary.jar:?]
	at dev.latvian.mods.kubejs.core.LootTablesKJS.applyKJS0(LootTablesKJS.java:39) ~[kubejs-fabric-1802.5.5-build.569.jar:?]
	at net.minecraft.class_60.redirect$ccd000$kubejs$applyKJS(class_60.java:2023) ~[server-intermediary.jar:?]
	at net.minecraft.class_60.method_20712(class_60.java:42) ~[server-intermediary.jar:?]
	at net.minecraft.class_60.method_18788(class_60.java:17) ~[server-intermediary.jar:?]
	at net.minecraft.class_4080.method_18790(class_4080.java:13) ~[server-intermediary.jar:?]
	at java.util.concurrent.CompletableFuture$UniAccept.tryFire(CompletableFuture.java:718) ~[?:?]
	at java.util.concurrent.CompletableFuture$Completion.run(CompletableFuture.java:482) ~[?:?]
	at net.minecraft.class_4014.method_18365(class_4014.java:69) ~[server-intermediary.jar:?]
	at net.minecraft.class_4014.method_18367(class_4014.java:68) ~[server-intermediary.jar:?]
	at java.util.concurrent.CompletableFuture$UniCompletion.claim(CompletableFuture.java:572) ~[?:?]
	at java.util.concurrent.CompletableFuture$UniAccept.tryFire(CompletableFuture.java:714) ~[?:?]
	at java.util.concurrent.CompletableFuture.postComplete(CompletableFuture.java:510) ~[?:?]
	at java.util.concurrent.CompletableFuture.postFire(CompletableFuture.java:614) ~[?:?]
	at java.util.concurrent.CompletableFuture$UniAccept.tryFire(CompletableFuture.java:726) ~[?:?]
	at java.util.concurrent.CompletableFuture$Completion.run(CompletableFuture.java:482) ~[?:?]
	at net.minecraft.class_4014.method_18365(class_4014.java:69) ~[server-intermediary.jar:?]
	at net.minecraft.class_4014.method_18367(class_4014.java:68) ~[server-intermediary.jar:?]
	at java.util.concurrent.CompletableFuture$UniCompletion.claim(CompletableFuture.java:572) [?:?]
	at java.util.concurrent.CompletableFuture$UniAccept.tryFire(CompletableFuture.java:714) [?:?]
	at java.util.concurrent.CompletableFuture.postComplete(CompletableFuture.java:510) [?:?]
	at java.util.concurrent.CompletableFuture$AsyncSupply.run(CompletableFuture.java:1773) [?:?]
	at java.util.concurrent.CompletableFuture$AsyncSupply.exec(CompletableFuture.java:1760) [?:?]
	at java.util.concurrent.ForkJoinTask.doExec(ForkJoinTask.java:373) [?:?]
	at java.util.concurrent.ForkJoinPool$WorkQueue.topLevelExec(ForkJoinPool.java:1182) [?:?]
	at java.util.concurrent.ForkJoinPool.scan(ForkJoinPool.java:1655) [?:?]
	at java.util.concurrent.ForkJoinPool.runWorker(ForkJoinPool.java:1622) [?:?]
	at java.util.concurrent.ForkJoinWorkerThread.run(ForkJoinWorkerThread.java:165) [?:?]
[15:08:23] [Worker-Main-5/ERROR]: Couldn't parse loot table dbe:blocks/arrow_down_sign
com.google.gson.JsonSyntaxException: Expected name to be an item, was unknown string 'dbe:arrow_down_sign'
	at net.minecraft.class_3518.method_17995(class_3518.java:130) ~[server-intermediary.jar:?]
	at java.util.Optional.orElseThrow(Optional.java:403) ~[?:?]
	at net.minecraft.class_3518.method_15256(class_3518.java:130) ~[server-intermediary.jar:?]
	at net.minecraft.class_3518.method_15288(class_3518.java:138) ~[server-intermediary.jar:?]
	at net.minecraft.class_77$class_78.method_413(class_77.java:55) ~[server-intermediary.jar:?]
	at net.minecraft.class_77$class_78.method_443(class_77.java:40) ~[server-intermediary.jar:?]
	at net.minecraft.class_85$class_90.method_441(class_85.java:151) ~[server-intermediary.jar:?]
	at net.minecraft.class_85$class_90.method_424(class_85.java:129) ~[server-intermediary.jar:?]
	at net.minecraft.class_79$class_5337.method_29319(class_79.java:86) ~[server-intermediary.jar:?]
	at net.minecraft.class_79$class_5337.method_517(class_79.java:74) ~[server-intermediary.jar:?]
	at net.minecraft.class_5330$class_5333.deserialize(class_5330.java:102) ~[server-intermediary.jar:?]
	at com.google.gson.internal.bind.TreeTypeAdapter.read(TreeTypeAdapter.java:69) ~[gson-2.8.9.jar:?]
	at com.google.gson.internal.bind.TypeAdapterRuntimeTypeWrapper.read(TypeAdapterRuntimeTypeWrapper.java:41) ~[gson-2.8.9.jar:?]
	at com.google.gson.internal.bind.ArrayTypeAdapter.read(ArrayTypeAdapter.java:72) ~[gson-2.8.9.jar:?]
	at com.google.gson.Gson.fromJson(Gson.java:963) ~[gson-2.8.9.jar:?]
	at com.google.gson.Gson.fromJson(Gson.java:1034) ~[gson-2.8.9.jar:?]
	at com.google.gson.internal.bind.TreeTypeAdapter$GsonContextImpl.deserialize(TreeTypeAdapter.java:162) ~[gson-2.8.9.jar:?]
	at net.minecraft.class_3518.method_15291(class_3518.java:448) ~[server-intermediary.jar:?]
	at net.minecraft.class_3518.method_15272(class_3518.java:456) ~[server-intermediary.jar:?]
	at net.minecraft.class_55$class_57.method_358(class_55.java:173) ~[server-intermediary.jar:?]
	at net.minecraft.class_55$class_57.deserialize(class_55.java:169) ~[server-intermediary.jar:?]
	at com.google.gson.internal.bind.TreeTypeAdapter.read(TreeTypeAdapter.java:69) ~[gson-2.8.9.jar:?]
	at com.google.gson.internal.bind.TypeAdapterRuntimeTypeWrapper.read(TypeAdapterRuntimeTypeWrapper.java:41) ~[gson-2.8.9.jar:?]
	at com.google.gson.internal.bind.ArrayTypeAdapter.read(ArrayTypeAdapter.java:72) ~[gson-2.8.9.jar:?]
	at com.google.gson.Gson.fromJson(Gson.java:963) ~[gson-2.8.9.jar:?]
	at com.google.gson.Gson.fromJson(Gson.java:1034) ~[gson-2.8.9.jar:?]
	at com.google.gson.internal.bind.TreeTypeAdapter$GsonContextImpl.deserialize(TreeTypeAdapter.java:162) ~[gson-2.8.9.jar:?]
	at net.minecraft.class_3518.method_15291(class_3518.java:448) ~[server-intermediary.jar:?]
	at net.minecraft.class_3518.method_15283(class_3518.java:466) ~[server-intermediary.jar:?]
	at net.minecraft.class_52$class_54.method_340(class_52.java:213) ~[server-intermediary.jar:?]
	at net.minecraft.class_52$class_54.deserialize(class_52.java:209) ~[server-intermediary.jar:?]
	at com.google.gson.internal.bind.TreeTypeAdapter.read(TreeTypeAdapter.java:69) ~[gson-2.8.9.jar:?]
	at com.google.gson.Gson.fromJson(Gson.java:963) ~[gson-2.8.9.jar:?]
	at com.google.gson.Gson.fromJson(Gson.java:1034) ~[gson-2.8.9.jar:?]
	at com.google.gson.Gson.fromJson(Gson.java:1006) ~[gson-2.8.9.jar:?]
	at net.minecraft.class_60.method_20711(class_60.java:44) ~[server-intermediary.jar:?]
	at dev.latvian.mods.kubejs.core.LootTablesKJS.applyKJS0(LootTablesKJS.java:39) ~[kubejs-fabric-1802.5.5-build.569.jar:?]
	at net.minecraft.class_60.redirect$ccd000$kubejs$applyKJS(class_60.java:2023) ~[server-intermediary.jar:?]
	at net.minecraft.class_60.method_20712(class_60.java:42) ~[server-intermediary.jar:?]
	at net.minecraft.class_60.method_18788(class_60.java:17) ~[server-intermediary.jar:?]
	at net.minecraft.class_4080.method_18790(class_4080.java:13) ~[server-intermediary.jar:?]
	at java.util.concurrent.CompletableFuture$UniAccept.tryFire(CompletableFuture.java:718) ~[?:?]
	at java.util.concurrent.CompletableFuture$Completion.run(CompletableFuture.java:482) ~[?:?]
	at net.minecraft.class_4014.method_18365(class_4014.java:69) ~[server-intermediary.jar:?]
	at net.minecraft.class_4014.method_18367(class_4014.java:68) ~[server-intermediary.jar:?]
	at java.util.concurrent.CompletableFuture$UniCompletion.claim(CompletableFuture.java:572) ~[?:?]
	at java.util.concurrent.CompletableFuture$UniAccept.tryFire(CompletableFuture.java:714) ~[?:?]
	at java.util.concurrent.CompletableFuture.postComplete(CompletableFuture.java:510) ~[?:?]
	at java.util.concurrent.CompletableFuture.postFire(CompletableFuture.java:614) ~[?:?]
	at java.util.concurrent.CompletableFuture$UniAccept.tryFire(CompletableFuture.java:726) ~[?:?]
	at java.util.concurrent.CompletableFuture$Completion.run(CompletableFuture.java:482) ~[?:?]
	at net.minecraft.class_4014.method_18365(class_4014.java:69) ~[server-intermediary.jar:?]
	at net.minecraft.class_4014.method_18367(class_4014.java:68) ~[server-intermediary.jar:?]
	at java.util.concurrent.CompletableFuture$UniCompletion.claim(CompletableFuture.java:572) [?:?]
	at java.util.concurrent.CompletableFuture$UniAccept.tryFire(CompletableFuture.java:714) [?:?]
	at java.util.concurrent.CompletableFuture.postComplete(CompletableFuture.java:510) [?:?]
	at java.util.concurrent.CompletableFuture$AsyncSupply.run(CompletableFuture.java:1773) [?:?]
	at java.util.concurrent.CompletableFuture$AsyncSupply.exec(CompletableFuture.java:1760) [?:?]
	at java.util.concurrent.ForkJoinTask.doExec(ForkJoinTask.java:373) [?:?]
	at java.util.concurrent.ForkJoinPool$WorkQueue.topLevelExec(ForkJoinPool.java:1182) [?:?]
	at java.util.concurrent.ForkJoinPool.scan(ForkJoinPool.java:1655) [?:?]
	at java.util.concurrent.ForkJoinPool.runWorker(ForkJoinPool.java:1622) [?:?]
	at java.util.concurrent.ForkJoinWorkerThread.run(ForkJoinWorkerThread.java:165) [?:?]
[15:08:23] [Worker-Main-5/ERROR]: Couldn't parse loot table dbe:blocks/piss_on
com.google.gson.JsonSyntaxException: Expected name to be an item, was unknown string 'dbe:piss_on'
	at net.minecraft.class_3518.method_17995(class_3518.java:130) ~[server-intermediary.jar:?]
	at java.util.Optional.orElseThrow(Optional.java:403) ~[?:?]
	at net.minecraft.class_3518.method_15256(class_3518.java:130) ~[server-intermediary.jar:?]
	at net.minecraft.class_3518.method_15288(class_3518.java:138) ~[server-intermediary.jar:?]
	at net.minecraft.class_77$class_78.method_413(class_77.java:55) ~[server-intermediary.jar:?]
	at net.minecraft.class_77$class_78.method_443(class_77.java:40) ~[server-intermediary.jar:?]
	at net.minecraft.class_85$class_90.method_441(class_85.java:151) ~[server-intermediary.jar:?]
	at net.minecraft.class_85$class_90.method_424(class_85.java:129) ~[server-intermediary.jar:?]
	at net.minecraft.class_79$class_5337.method_29319(class_79.java:86) ~[server-intermediary.jar:?]
	at net.minecraft.class_79$class_5337.method_517(class_79.java:74) ~[server-intermediary.jar:?]
	at net.minecraft.class_5330$class_5333.deserialize(class_5330.java:102) ~[server-intermediary.jar:?]
	at com.google.gson.internal.bind.TreeTypeAdapter.read(TreeTypeAdapter.java:69) ~[gson-2.8.9.jar:?]
	at com.google.gson.internal.bind.TypeAdapterRuntimeTypeWrapper.read(TypeAdapterRuntimeTypeWrapper.java:41) ~[gson-2.8.9.jar:?]
	at com.google.gson.internal.bind.ArrayTypeAdapter.read(ArrayTypeAdapter.java:72) ~[gson-2.8.9.jar:?]
	at com.google.gson.Gson.fromJson(Gson.java:963) ~[gson-2.8.9.jar:?]
	at com.google.gson.Gson.fromJson(Gson.java:1034) ~[gson-2.8.9.jar:?]
	at com.google.gson.internal.bind.TreeTypeAdapter$GsonContextImpl.deserialize(TreeTypeAdapter.java:162) ~[gson-2.8.9.jar:?]
	at net.minecraft.class_3518.method_15291(class_3518.java:448) ~[server-intermediary.jar:?]
	at net.minecraft.class_3518.method_15272(class_3518.java:456) ~[server-intermediary.jar:?]
	at net.minecraft.class_55$class_57.method_358(class_55.java:173) ~[server-intermediary.jar:?]
	at net.minecraft.class_55$class_57.deserialize(class_55.java:169) ~[server-intermediary.jar:?]
	at com.google.gson.internal.bind.TreeTypeAdapter.read(TreeTypeAdapter.java:69) ~[gson-2.8.9.jar:?]
	at com.google.gson.internal.bind.TypeAdapterRuntimeTypeWrapper.read(TypeAdapterRuntimeTypeWrapper.java:41) ~[gson-2.8.9.jar:?]
	at com.google.gson.internal.bind.ArrayTypeAdapter.read(ArrayTypeAdapter.java:72) ~[gson-2.8.9.jar:?]
	at com.google.gson.Gson.fromJson(Gson.java:963) ~[gson-2.8.9.jar:?]
	at com.google.gson.Gson.fromJson(Gson.java:1034) ~[gson-2.8.9.jar:?]
	at com.google.gson.internal.bind.TreeTypeAdapter$GsonContextImpl.deserialize(TreeTypeAdapter.java:162) ~[gson-2.8.9.jar:?]
	at net.minecraft.class_3518.method_15291(class_3518.java:448) ~[server-intermediary.jar:?]
	at net.minecraft.class_3518.method_15283(class_3518.java:466) ~[server-intermediary.jar:?]
	at net.minecraft.class_52$class_54.method_340(class_52.java:213) ~[server-intermediary.jar:?]
	at net.minecraft.class_52$class_54.deserialize(class_52.java:209) ~[server-intermediary.jar:?]
	at com.google.gson.internal.bind.TreeTypeAdapter.read(TreeTypeAdapter.java:69) ~[gson-2.8.9.jar:?]
	at com.google.gson.Gson.fromJson(Gson.java:963) ~[gson-2.8.9.jar:?]
	at com.google.gson.Gson.fromJson(Gson.java:1034) ~[gson-2.8.9.jar:?]
	at com.google.gson.Gson.fromJson(Gson.java:1006) ~[gson-2.8.9.jar:?]
	at net.minecraft.class_60.method_20711(class_60.java:44) ~[server-intermediary.jar:?]
	at dev.latvian.mods.kubejs.core.LootTablesKJS.applyKJS0(LootTablesKJS.java:39) ~[kubejs-fabric-1802.5.5-build.569.jar:?]
	at net.minecraft.class_60.redirect$ccd000$kubejs$applyKJS(class_60.java:2023) ~[server-intermediary.jar:?]
	at net.minecraft.class_60.method_20712(class_60.java:42) ~[server-intermediary.jar:?]
	at net.minecraft.class_60.method_18788(class_60.java:17) ~[server-intermediary.jar:?]
	at net.minecraft.class_4080.method_18790(class_4080.java:13) ~[server-intermediary.jar:?]
	at java.util.concurrent.CompletableFuture$UniAccept.tryFire(CompletableFuture.java:718) ~[?:?]
	at java.util.concurrent.CompletableFuture$Completion.run(CompletableFuture.java:482) ~[?:?]
	at net.minecraft.class_4014.method_18365(class_4014.java:69) ~[server-intermediary.jar:?]
	at net.minecraft.class_4014.method_18367(class_4014.java:68) ~[server-intermediary.jar:?]
	at java.util.concurrent.CompletableFuture$UniCompletion.claim(CompletableFuture.java:572) ~[?:?]
	at java.util.concurrent.CompletableFuture$UniAccept.tryFire(CompletableFuture.java:714) ~[?:?]
	at java.util.concurrent.CompletableFuture.postComplete(CompletableFuture.java:510) ~[?:?]
	at java.util.concurrent.CompletableFuture.postFire(CompletableFuture.java:614) ~[?:?]
	at java.util.concurrent.CompletableFuture$UniAccept.tryFire(CompletableFuture.java:726) ~[?:?]
	at java.util.concurrent.CompletableFuture$Completion.run(CompletableFuture.java:482) ~[?:?]
	at net.minecraft.class_4014.method_18365(class_4014.java:69) ~[server-intermediary.jar:?]
	at net.minecraft.class_4014.method_18367(class_4014.java:68) ~[server-intermediary.jar:?]
	at java.util.concurrent.CompletableFuture$UniCompletion.claim(CompletableFuture.java:572) [?:?]
	at java.util.concurrent.CompletableFuture$UniAccept.tryFire(CompletableFuture.java:714) [?:?]
	at java.util.concurrent.CompletableFuture.postComplete(CompletableFuture.java:510) [?:?]
	at java.util.concurrent.CompletableFuture$AsyncSupply.run(CompletableFuture.java:1773) [?:?]
	at java.util.concurrent.CompletableFuture$AsyncSupply.exec(CompletableFuture.java:1760) [?:?]
	at java.util.concurrent.ForkJoinTask.doExec(ForkJoinTask.java:373) [?:?]
	at java.util.concurrent.ForkJoinPool$WorkQueue.topLevelExec(ForkJoinPool.java:1182) [?:?]
	at java.util.concurrent.ForkJoinPool.scan(ForkJoinPool.java:1655) [?:?]
	at java.util.concurrent.ForkJoinPool.runWorker(ForkJoinPool.java:1622) [?:?]
	at java.util.concurrent.ForkJoinWorkerThread.run(ForkJoinWorkerThread.java:165) [?:?]
[15:08:23] [Worker-Main-5/ERROR]: Couldn't parse loot table dbe:blocks/oneway_sign
com.google.gson.JsonSyntaxException: Expected name to be an item, was unknown string 'dbe:oneway_sign'
	at net.minecraft.class_3518.method_17995(class_3518.java:130) ~[server-intermediary.jar:?]
	at java.util.Optional.orElseThrow(Optional.java:403) ~[?:?]
	at net.minecraft.class_3518.method_15256(class_3518.java:130) ~[server-intermediary.jar:?]
	at net.minecraft.class_3518.method_15288(class_3518.java:138) ~[server-intermediary.jar:?]
	at net.minecraft.class_77$class_78.method_413(class_77.java:55) ~[server-intermediary.jar:?]
	at net.minecraft.class_77$class_78.method_443(class_77.java:40) ~[server-intermediary.jar:?]
	at net.minecraft.class_85$class_90.method_441(class_85.java:151) ~[server-intermediary.jar:?]
	at net.minecraft.class_85$class_90.method_424(class_85.java:129) ~[server-intermediary.jar:?]
	at net.minecraft.class_79$class_5337.method_29319(class_79.java:86) ~[server-intermediary.jar:?]
	at net.minecraft.class_79$class_5337.method_517(class_79.java:74) ~[server-intermediary.jar:?]
	at net.minecraft.class_5330$class_5333.deserialize(class_5330.java:102) ~[server-intermediary.jar:?]
	at com.google.gson.internal.bind.TreeTypeAdapter.read(TreeTypeAdapter.java:69) ~[gson-2.8.9.jar:?]
	at com.google.gson.internal.bind.TypeAdapterRuntimeTypeWrapper.read(TypeAdapterRuntimeTypeWrapper.java:41) ~[gson-2.8.9.jar:?]
	at com.google.gson.internal.bind.ArrayTypeAdapter.read(ArrayTypeAdapter.java:72) ~[gson-2.8.9.jar:?]
	at com.google.gson.Gson.fromJson(Gson.java:963) ~[gson-2.8.9.jar:?]
	at com.google.gson.Gson.fromJson(Gson.java:1034) ~[gson-2.8.9.jar:?]
	at com.google.gson.internal.bind.TreeTypeAdapter$GsonContextImpl.deserialize(TreeTypeAdapter.java:162) ~[gson-2.8.9.jar:?]
	at net.minecraft.class_3518.method_15291(class_3518.java:448) ~[server-intermediary.jar:?]
	at net.minecraft.class_3518.method_15272(class_3518.java:456) ~[server-intermediary.jar:?]
	at net.minecraft.class_55$class_57.method_358(class_55.java:173) ~[server-intermediary.jar:?]
	at net.minecraft.class_55$class_57.deserialize(class_55.java:169) ~[server-intermediary.jar:?]
	at com.google.gson.internal.bind.TreeTypeAdapter.read(TreeTypeAdapter.java:69) ~[gson-2.8.9.jar:?]
	at com.google.gson.internal.bind.TypeAdapterRuntimeTypeWrapper.read(TypeAdapterRuntimeTypeWrapper.java:41) ~[gson-2.8.9.jar:?]
	at com.google.gson.internal.bind.ArrayTypeAdapter.read(ArrayTypeAdapter.java:72) ~[gson-2.8.9.jar:?]
	at com.google.gson.Gson.fromJson(Gson.java:963) ~[gson-2.8.9.jar:?]
	at com.google.gson.Gson.fromJson(Gson.java:1034) ~[gson-2.8.9.jar:?]
	at com.google.gson.internal.bind.TreeTypeAdapter$GsonContextImpl.deserialize(TreeTypeAdapter.java:162) ~[gson-2.8.9.jar:?]
	at net.minecraft.class_3518.method_15291(class_3518.java:448) ~[server-intermediary.jar:?]
	at net.minecraft.class_3518.method_15283(class_3518.java:466) ~[server-intermediary.jar:?]
	at net.minecraft.class_52$class_54.method_340(class_52.java:213) ~[server-intermediary.jar:?]
	at net.minecraft.class_52$class_54.deserialize(class_52.java:209) ~[server-intermediary.jar:?]
	at com.google.gson.internal.bind.TreeTypeAdapter.read(TreeTypeAdapter.java:69) ~[gson-2.8.9.jar:?]
	at com.google.gson.Gson.fromJson(Gson.java:963) ~[gson-2.8.9.jar:?]
	at com.google.gson.Gson.fromJson(Gson.java:1034) ~[gson-2.8.9.jar:?]
	at com.google.gson.Gson.fromJson(Gson.java:1006) ~[gson-2.8.9.jar:?]
	at net.minecraft.class_60.method_20711(class_60.java:44) ~[server-intermediary.jar:?]
	at dev.latvian.mods.kubejs.core.LootTablesKJS.applyKJS0(LootTablesKJS.java:39) ~[kubejs-fabric-1802.5.5-build.569.jar:?]
	at net.minecraft.class_60.redirect$ccd000$kubejs$applyKJS(class_60.java:2023) ~[server-intermediary.jar:?]
	at net.minecraft.class_60.method_20712(class_60.java:42) ~[server-intermediary.jar:?]
	at net.minecraft.class_60.method_18788(class_60.java:17) ~[server-intermediary.jar:?]
	at net.minecraft.class_4080.method_18790(class_4080.java:13) ~[server-intermediary.jar:?]
	at java.util.concurrent.CompletableFuture$UniAccept.tryFire(CompletableFuture.java:718) ~[?:?]
	at java.util.concurrent.CompletableFuture$Completion.run(CompletableFuture.java:482) ~[?:?]
	at net.minecraft.class_4014.method_18365(class_4014.java:69) ~[server-intermediary.jar:?]
	at net.minecraft.class_4014.method_18367(class_4014.java:68) ~[server-intermediary.jar:?]
	at java.util.concurrent.CompletableFuture$UniCompletion.claim(CompletableFuture.java:572) ~[?:?]
	at java.util.concurrent.CompletableFuture$UniAccept.tryFire(CompletableFuture.java:714) ~[?:?]
	at java.util.concurrent.CompletableFuture.postComplete(CompletableFuture.java:510) ~[?:?]
	at java.util.concurrent.CompletableFuture.postFire(CompletableFuture.java:614) ~[?:?]
	at java.util.concurrent.CompletableFuture$UniAccept.tryFire(CompletableFuture.java:726) ~[?:?]
	at java.util.concurrent.CompletableFuture$Completion.run(CompletableFuture.java:482) ~[?:?]
	at net.minecraft.class_4014.method_18365(class_4014.java:69) ~[server-intermediary.jar:?]
	at net.minecraft.class_4014.method_18367(class_4014.java:68) ~[server-intermediary.jar:?]
	at java.util.concurrent.CompletableFuture$UniCompletion.claim(CompletableFuture.java:572) [?:?]
	at java.util.concurrent.CompletableFuture$UniAccept.tryFire(CompletableFuture.java:714) [?:?]
	at java.util.concurrent.CompletableFuture.postComplete(CompletableFuture.java:510) [?:?]
	at java.util.concurrent.CompletableFuture$AsyncSupply.run(CompletableFuture.java:1773) [?:?]
	at java.util.concurrent.CompletableFuture$AsyncSupply.exec(CompletableFuture.java:1760) [?:?]
	at java.util.concurrent.ForkJoinTask.doExec(ForkJoinTask.java:373) [?:?]
	at java.util.concurrent.ForkJoinPool$WorkQueue.topLevelExec(ForkJoinPool.java:1182) [?:?]
	at java.util.concurrent.ForkJoinPool.scan(ForkJoinPool.java:1655) [?:?]
	at java.util.concurrent.ForkJoinPool.runWorker(ForkJoinPool.java:1622) [?:?]
	at java.util.concurrent.ForkJoinWorkerThread.run(ForkJoinWorkerThread.java:165) [?:?]
[15:08:23] [Worker-Main-5/ERROR]: Couldn't parse loot table dbe:blocks/vocals_generator
com.google.gson.JsonSyntaxException: Expected name to be an item, was unknown string 'dbe:vocals_generator'
	at net.minecraft.class_3518.method_17995(class_3518.java:130) ~[server-intermediary.jar:?]
	at java.util.Optional.orElseThrow(Optional.java:403) ~[?:?]
	at net.minecraft.class_3518.method_15256(class_3518.java:130) ~[server-intermediary.jar:?]
	at net.minecraft.class_3518.method_15288(class_3518.java:138) ~[server-intermediary.jar:?]
	at net.minecraft.class_77$class_78.method_413(class_77.java:55) ~[server-intermediary.jar:?]
	at net.minecraft.class_77$class_78.method_443(class_77.java:40) ~[server-intermediary.jar:?]
	at net.minecraft.class_85$class_90.method_441(class_85.java:151) ~[server-intermediary.jar:?]
	at net.minecraft.class_85$class_90.method_424(class_85.java:129) ~[server-intermediary.jar:?]
	at net.minecraft.class_79$class_5337.method_29319(class_79.java:86) ~[server-intermediary.jar:?]
	at net.minecraft.class_79$class_5337.method_517(class_79.java:74) ~[server-intermediary.jar:?]
	at net.minecraft.class_5330$class_5333.deserialize(class_5330.java:102) ~[server-intermediary.jar:?]
	at com.google.gson.internal.bind.TreeTypeAdapter.read(TreeTypeAdapter.java:69) ~[gson-2.8.9.jar:?]
	at com.google.gson.internal.bind.TypeAdapterRuntimeTypeWrapper.read(TypeAdapterRuntimeTypeWrapper.java:41) ~[gson-2.8.9.jar:?]
	at com.google.gson.internal.bind.ArrayTypeAdapter.read(ArrayTypeAdapter.java:72) ~[gson-2.8.9.jar:?]
	at com.google.gson.Gson.fromJson(Gson.java:963) ~[gson-2.8.9.jar:?]
	at com.google.gson.Gson.fromJson(Gson.java:1034) ~[gson-2.8.9.jar:?]
	at com.google.gson.internal.bind.TreeTypeAdapter$GsonContextImpl.deserialize(TreeTypeAdapter.java:162) ~[gson-2.8.9.jar:?]
	at net.minecraft.class_3518.method_15291(class_3518.java:448) ~[server-intermediary.jar:?]
	at net.minecraft.class_3518.method_15272(class_3518.java:456) ~[server-intermediary.jar:?]
	at net.minecraft.class_55$class_57.method_358(class_55.java:173) ~[server-intermediary.jar:?]
	at net.minecraft.class_55$class_57.deserialize(class_55.java:169) ~[server-intermediary.jar:?]
	at com.google.gson.internal.bind.TreeTypeAdapter.read(TreeTypeAdapter.java:69) ~[gson-2.8.9.jar:?]
	at com.google.gson.internal.bind.TypeAdapterRuntimeTypeWrapper.read(TypeAdapterRuntimeTypeWrapper.java:41) ~[gson-2.8.9.jar:?]
	at com.google.gson.internal.bind.ArrayTypeAdapter.read(ArrayTypeAdapter.java:72) ~[gson-2.8.9.jar:?]
	at com.google.gson.Gson.fromJson(Gson.java:963) ~[gson-2.8.9.jar:?]
	at com.google.gson.Gson.fromJson(Gson.java:1034) ~[gson-2.8.9.jar:?]
	at com.google.gson.internal.bind.TreeTypeAdapter$GsonContextImpl.deserialize(TreeTypeAdapter.java:162) ~[gson-2.8.9.jar:?]
	at net.minecraft.class_3518.method_15291(class_3518.java:448) ~[server-intermediary.jar:?]
	at net.minecraft.class_3518.method_15283(class_3518.java:466) ~[server-intermediary.jar:?]
	at net.minecraft.class_52$class_54.method_340(class_52.java:213) ~[server-intermediary.jar:?]
	at net.minecraft.class_52$class_54.deserialize(class_52.java:209) ~[server-intermediary.jar:?]
	at com.google.gson.internal.bind.TreeTypeAdapter.read(TreeTypeAdapter.java:69) ~[gson-2.8.9.jar:?]
	at com.google.gson.Gson.fromJson(Gson.java:963) ~[gson-2.8.9.jar:?]
	at com.google.gson.Gson.fromJson(Gson.java:1034) ~[gson-2.8.9.jar:?]
	at com.google.gson.Gson.fromJson(Gson.java:1006) ~[gson-2.8.9.jar:?]
	at net.minecraft.class_60.method_20711(class_60.java:44) ~[server-intermediary.jar:?]
	at dev.latvian.mods.kubejs.core.LootTablesKJS.applyKJS0(LootTablesKJS.java:39) ~[kubejs-fabric-1802.5.5-build.569.jar:?]
	at net.minecraft.class_60.redirect$ccd000$kubejs$applyKJS(class_60.java:2023) ~[server-intermediary.jar:?]
	at net.minecraft.class_60.method_20712(class_60.java:42) ~[server-intermediary.jar:?]
	at net.minecraft.class_60.method_18788(class_60.java:17) ~[server-intermediary.jar:?]
	at net.minecraft.class_4080.method_18790(class_4080.java:13) ~[server-intermediary.jar:?]
	at java.util.concurrent.CompletableFuture$UniAccept.tryFire(CompletableFuture.java:718) ~[?:?]
	at java.util.concurrent.CompletableFuture$Completion.run(CompletableFuture.java:482) ~[?:?]
	at net.minecraft.class_4014.method_18365(class_4014.java:69) ~[server-intermediary.jar:?]
	at net.minecraft.class_4014.method_18367(class_4014.java:68) ~[server-intermediary.jar:?]
	at java.util.concurrent.CompletableFuture$UniCompletion.claim(CompletableFuture.java:572) ~[?:?]
	at java.util.concurrent.CompletableFuture$UniAccept.tryFire(CompletableFuture.java:714) ~[?:?]
	at java.util.concurrent.CompletableFuture.postComplete(CompletableFuture.java:510) ~[?:?]
	at java.util.concurrent.CompletableFuture.postFire(CompletableFuture.java:614) ~[?:?]
	at java.util.concurrent.CompletableFuture$UniAccept.tryFire(CompletableFuture.java:726) ~[?:?]
	at java.util.concurrent.CompletableFuture$Completion.run(CompletableFuture.java:482) ~[?:?]
	at net.minecraft.class_4014.method_18365(class_4014.java:69) ~[server-intermediary.jar:?]
	at net.minecraft.class_4014.method_18367(class_4014.java:68) ~[server-intermediary.jar:?]
	at java.util.concurrent.CompletableFuture$UniCompletion.claim(CompletableFuture.java:572) [?:?]
	at java.util.concurrent.CompletableFuture$UniAccept.tryFire(CompletableFuture.java:714) [?:?]
	at java.util.concurrent.CompletableFuture.postComplete(CompletableFuture.java:510) [?:?]
	at java.util.concurrent.CompletableFuture$AsyncSupply.run(CompletableFuture.java:1773) [?:?]
	at java.util.concurrent.CompletableFuture$AsyncSupply.exec(CompletableFuture.java:1760) [?:?]
	at java.util.concurrent.ForkJoinTask.doExec(ForkJoinTask.java:373) [?:?]
	at java.util.concurrent.ForkJoinPool$WorkQueue.topLevelExec(ForkJoinPool.java:1182) [?:?]
	at java.util.concurrent.ForkJoinPool.scan(ForkJoinPool.java:1655) [?:?]
	at java.util.concurrent.ForkJoinPool.runWorker(ForkJoinPool.java:1622) [?:?]
	at java.util.concurrent.ForkJoinWorkerThread.run(ForkJoinWorkerThread.java:165) [?:?]
[15:08:23] [Worker-Main-5/ERROR]: Couldn't parse loot table dbe:blocks/arrow_return_sign
com.google.gson.JsonSyntaxException: Expected name to be an item, was unknown string 'dbe:arrow_return_sign'
	at net.minecraft.class_3518.method_17995(class_3518.java:130) ~[server-intermediary.jar:?]
	at java.util.Optional.orElseThrow(Optional.java:403) ~[?:?]
	at net.minecraft.class_3518.method_15256(class_3518.java:130) ~[server-intermediary.jar:?]
	at net.minecraft.class_3518.method_15288(class_3518.java:138) ~[server-intermediary.jar:?]
	at net.minecraft.class_77$class_78.method_413(class_77.java:55) ~[server-intermediary.jar:?]
	at net.minecraft.class_77$class_78.method_443(class_77.java:40) ~[server-intermediary.jar:?]
	at net.minecraft.class_85$class_90.method_441(class_85.java:151) ~[server-intermediary.jar:?]
	at net.minecraft.class_85$class_90.method_424(class_85.java:129) ~[server-intermediary.jar:?]
	at net.minecraft.class_79$class_5337.method_29319(class_79.java:86) ~[server-intermediary.jar:?]
	at net.minecraft.class_79$class_5337.method_517(class_79.java:74) ~[server-intermediary.jar:?]
	at net.minecraft.class_5330$class_5333.deserialize(class_5330.java:102) ~[server-intermediary.jar:?]
	at com.google.gson.internal.bind.TreeTypeAdapter.read(TreeTypeAdapter.java:69) ~[gson-2.8.9.jar:?]
	at com.google.gson.internal.bind.TypeAdapterRuntimeTypeWrapper.read(TypeAdapterRuntimeTypeWrapper.java:41) ~[gson-2.8.9.jar:?]
	at com.google.gson.internal.bind.ArrayTypeAdapter.read(ArrayTypeAdapter.java:72) ~[gson-2.8.9.jar:?]
	at com.google.gson.Gson.fromJson(Gson.java:963) ~[gson-2.8.9.jar:?]
	at com.google.gson.Gson.fromJson(Gson.java:1034) ~[gson-2.8.9.jar:?]
	at com.google.gson.internal.bind.TreeTypeAdapter$GsonContextImpl.deserialize(TreeTypeAdapter.java:162) ~[gson-2.8.9.jar:?]
	at net.minecraft.class_3518.method_15291(class_3518.java:448) ~[server-intermediary.jar:?]
	at net.minecraft.class_3518.method_15272(class_3518.java:456) ~[server-intermediary.jar:?]
	at net.minecraft.class_55$class_57.method_358(class_55.java:173) ~[server-intermediary.jar:?]
	at net.minecraft.class_55$class_57.deserialize(class_55.java:169) ~[server-intermediary.jar:?]
	at com.google.gson.internal.bind.TreeTypeAdapter.read(TreeTypeAdapter.java:69) ~[gson-2.8.9.jar:?]
	at com.google.gson.internal.bind.TypeAdapterRuntimeTypeWrapper.read(TypeAdapterRuntimeTypeWrapper.java:41) ~[gson-2.8.9.jar:?]
	at com.google.gson.internal.bind.ArrayTypeAdapter.read(ArrayTypeAdapter.java:72) ~[gson-2.8.9.jar:?]
	at com.google.gson.Gson.fromJson(Gson.java:963) ~[gson-2.8.9.jar:?]
	at com.google.gson.Gson.fromJson(Gson.java:1034) ~[gson-2.8.9.jar:?]
	at com.google.gson.internal.bind.TreeTypeAdapter$GsonContextImpl.deserialize(TreeTypeAdapter.java:162) ~[gson-2.8.9.jar:?]
	at net.minecraft.class_3518.method_15291(class_3518.java:448) ~[server-intermediary.jar:?]
	at net.minecraft.class_3518.method_15283(class_3518.java:466) ~[server-intermediary.jar:?]
	at net.minecraft.class_52$class_54.method_340(class_52.java:213) ~[server-intermediary.jar:?]
	at net.minecraft.class_52$class_54.deserialize(class_52.java:209) ~[server-intermediary.jar:?]
	at com.google.gson.internal.bind.TreeTypeAdapter.read(TreeTypeAdapter.java:69) ~[gson-2.8.9.jar:?]
	at com.google.gson.Gson.fromJson(Gson.java:963) ~[gson-2.8.9.jar:?]
	at com.google.gson.Gson.fromJson(Gson.java:1034) ~[gson-2.8.9.jar:?]
	at com.google.gson.Gson.fromJson(Gson.java:1006) ~[gson-2.8.9.jar:?]
	at net.minecraft.class_60.method_20711(class_60.java:44) ~[server-intermediary.jar:?]
	at dev.latvian.mods.kubejs.core.LootTablesKJS.applyKJS0(LootTablesKJS.java:39) ~[kubejs-fabric-1802.5.5-build.569.jar:?]
	at net.minecraft.class_60.redirect$ccd000$kubejs$applyKJS(class_60.java:2023) ~[server-intermediary.jar:?]
	at net.minecraft.class_60.method_20712(class_60.java:42) ~[server-intermediary.jar:?]
	at net.minecraft.class_60.method_18788(class_60.java:17) ~[server-intermediary.jar:?]
	at net.minecraft.class_4080.method_18790(class_4080.java:13) ~[server-intermediary.jar:?]
	at java.util.concurrent.CompletableFuture$UniAccept.tryFire(CompletableFuture.java:718) ~[?:?]
	at java.util.concurrent.CompletableFuture$Completion.run(CompletableFuture.java:482) ~[?:?]
	at net.minecraft.class_4014.method_18365(class_4014.java:69) ~[server-intermediary.jar:?]
	at net.minecraft.class_4014.method_18367(class_4014.java:68) ~[server-intermediary.jar:?]
	at java.util.concurrent.CompletableFuture$UniCompletion.claim(CompletableFuture.java:572) ~[?:?]
	at java.util.concurrent.CompletableFuture$UniAccept.tryFire(CompletableFuture.java:714) ~[?:?]
	at java.util.concurrent.CompletableFuture.postComplete(CompletableFuture.java:510) ~[?:?]
	at java.util.concurrent.CompletableFuture.postFire(CompletableFuture.java:614) ~[?:?]
	at java.util.concurrent.CompletableFuture$UniAccept.tryFire(CompletableFuture.java:726) ~[?:?]
	at java.util.concurrent.CompletableFuture$Completion.run(CompletableFuture.java:482) ~[?:?]
	at net.minecraft.class_4014.method_18365(class_4014.java:69) ~[server-intermediary.jar:?]
	at net.minecraft.class_4014.method_18367(class_4014.java:68) ~[server-intermediary.jar:?]
	at java.util.concurrent.CompletableFuture$UniCompletion.claim(CompletableFuture.java:572) [?:?]
	at java.util.concurrent.CompletableFuture$UniAccept.tryFire(CompletableFuture.java:714) [?:?]
	at java.util.concurrent.CompletableFuture.postComplete(CompletableFuture.java:510) [?:?]
	at java.util.concurrent.CompletableFuture$AsyncSupply.run(CompletableFuture.java:1773) [?:?]
	at java.util.concurrent.CompletableFuture$AsyncSupply.exec(CompletableFuture.java:1760) [?:?]
	at java.util.concurrent.ForkJoinTask.doExec(ForkJoinTask.java:373) [?:?]
	at java.util.concurrent.ForkJoinPool$WorkQueue.topLevelExec(ForkJoinPool.java:1182) [?:?]
	at java.util.concurrent.ForkJoinPool.scan(ForkJoinPool.java:1655) [?:?]
	at java.util.concurrent.ForkJoinPool.runWorker(ForkJoinPool.java:1622) [?:?]
	at java.util.concurrent.ForkJoinWorkerThread.run(ForkJoinWorkerThread.java:165) [?:?]
[15:08:23] [Worker-Main-5/ERROR]: Couldn't parse loot table dbe:blocks/electricity_block
com.google.gson.JsonSyntaxException: Expected name to be an item, was unknown string 'dbe:electricity_block'
	at net.minecraft.class_3518.method_17995(class_3518.java:130) ~[server-intermediary.jar:?]
	at java.util.Optional.orElseThrow(Optional.java:403) ~[?:?]
	at net.minecraft.class_3518.method_15256(class_3518.java:130) ~[server-intermediary.jar:?]
	at net.minecraft.class_3518.method_15288(class_3518.java:138) ~[server-intermediary.jar:?]
	at net.minecraft.class_77$class_78.method_413(class_77.java:55) ~[server-intermediary.jar:?]
	at net.minecraft.class_77$class_78.method_443(class_77.java:40) ~[server-intermediary.jar:?]
	at net.minecraft.class_85$class_90.method_441(class_85.java:151) ~[server-intermediary.jar:?]
	at net.minecraft.class_85$class_90.method_424(class_85.java:129) ~[server-intermediary.jar:?]
	at net.minecraft.class_79$class_5337.method_29319(class_79.java:86) ~[server-intermediary.jar:?]
	at net.minecraft.class_79$class_5337.method_517(class_79.java:74) ~[server-intermediary.jar:?]
	at net.minecraft.class_5330$class_5333.deserialize(class_5330.java:102) ~[server-intermediary.jar:?]
	at com.google.gson.internal.bind.TreeTypeAdapter.read(TreeTypeAdapter.java:69) ~[gson-2.8.9.jar:?]
	at com.google.gson.internal.bind.TypeAdapterRuntimeTypeWrapper.read(TypeAdapterRuntimeTypeWrapper.java:41) ~[gson-2.8.9.jar:?]
	at com.google.gson.internal.bind.ArrayTypeAdapter.read(ArrayTypeAdapter.java:72) ~[gson-2.8.9.jar:?]
	at com.google.gson.Gson.fromJson(Gson.java:963) ~[gson-2.8.9.jar:?]
	at com.google.gson.Gson.fromJson(Gson.java:1034) ~[gson-2.8.9.jar:?]
	at com.google.gson.internal.bind.TreeTypeAdapter$GsonContextImpl.deserialize(TreeTypeAdapter.java:162) ~[gson-2.8.9.jar:?]
	at net.minecraft.class_3518.method_15291(class_3518.java:448) ~[server-intermediary.jar:?]
	at net.minecraft.class_3518.method_15272(class_3518.java:456) ~[server-intermediary.jar:?]
	at net.minecraft.class_55$class_57.method_358(class_55.java:173) ~[server-intermediary.jar:?]
	at net.minecraft.class_55$class_57.deserialize(class_55.java:169) ~[server-intermediary.jar:?]
	at com.google.gson.internal.bind.TreeTypeAdapter.read(TreeTypeAdapter.java:69) ~[gson-2.8.9.jar:?]
	at com.google.gson.internal.bind.TypeAdapterRuntimeTypeWrapper.read(TypeAdapterRuntimeTypeWrapper.java:41) ~[gson-2.8.9.jar:?]
	at com.google.gson.internal.bind.ArrayTypeAdapter.read(ArrayTypeAdapter.java:72) ~[gson-2.8.9.jar:?]
	at com.google.gson.Gson.fromJson(Gson.java:963) ~[gson-2.8.9.jar:?]
	at com.google.gson.Gson.fromJson(Gson.java:1034) ~[gson-2.8.9.jar:?]
	at com.google.gson.internal.bind.TreeTypeAdapter$GsonContextImpl.deserialize(TreeTypeAdapter.java:162) ~[gson-2.8.9.jar:?]
	at net.minecraft.class_3518.method_15291(class_3518.java:448) ~[server-intermediary.jar:?]
	at net.minecraft.class_3518.method_15283(class_3518.java:466) ~[server-intermediary.jar:?]
	at net.minecraft.class_52$class_54.method_340(class_52.java:213) ~[server-intermediary.jar:?]
	at net.minecraft.class_52$class_54.deserialize(class_52.java:209) ~[server-intermediary.jar:?]
	at com.google.gson.internal.bind.TreeTypeAdapter.read(TreeTypeAdapter.java:69) ~[gson-2.8.9.jar:?]
	at com.google.gson.Gson.fromJson(Gson.java:963) ~[gson-2.8.9.jar:?]
	at com.google.gson.Gson.fromJson(Gson.java:1034) ~[gson-2.8.9.jar:?]
	at com.google.gson.Gson.fromJson(Gson.java:1006) ~[gson-2.8.9.jar:?]
	at net.minecraft.class_60.method_20711(class_60.java:44) ~[server-intermediary.jar:?]
	at dev.latvian.mods.kubejs.core.LootTablesKJS.applyKJS0(LootTablesKJS.java:39) ~[kubejs-fabric-1802.5.5-build.569.jar:?]
	at net.minecraft.class_60.redirect$ccd000$kubejs$applyKJS(class_60.java:2023) ~[server-intermediary.jar:?]
	at net.minecraft.class_60.method_20712(class_60.java:42) ~[server-intermediary.jar:?]
	at net.minecraft.class_60.method_18788(class_60.java:17) ~[server-intermediary.jar:?]
	at net.minecraft.class_4080.method_18790(class_4080.java:13) ~[server-intermediary.jar:?]
	at java.util.concurrent.CompletableFuture$UniAccept.tryFire(CompletableFuture.java:718) ~[?:?]
	at java.util.concurrent.CompletableFuture$Completion.run(CompletableFuture.java:482) ~[?:?]
	at net.minecraft.class_4014.method_18365(class_4014.java:69) ~[server-intermediary.jar:?]
	at net.minecraft.class_4014.method_18367(class_4014.java:68) ~[server-intermediary.jar:?]
	at java.util.concurrent.CompletableFuture$UniCompletion.claim(CompletableFuture.java:572) ~[?:?]
	at java.util.concurrent.CompletableFuture$UniAccept.tryFire(CompletableFuture.java:714) ~[?:?]
	at java.util.concurrent.CompletableFuture.postComplete(CompletableFuture.java:510) ~[?:?]
	at java.util.concurrent.CompletableFuture.postFire(CompletableFuture.java:614) ~[?:?]
	at java.util.concurrent.CompletableFuture$UniAccept.tryFire(CompletableFuture.java:726) ~[?:?]
	at java.util.concurrent.CompletableFuture$Completion.run(CompletableFuture.java:482) ~[?:?]
	at net.minecraft.class_4014.method_18365(class_4014.java:69) ~[server-intermediary.jar:?]
	at net.minecraft.class_4014.method_18367(class_4014.java:68) ~[server-intermediary.jar:?]
	at java.util.concurrent.CompletableFuture$UniCompletion.claim(CompletableFuture.java:572) [?:?]
	at java.util.concurrent.CompletableFuture$UniAccept.tryFire(CompletableFuture.java:714) [?:?]
	at java.util.concurrent.CompletableFuture.postComplete(CompletableFuture.java:510) [?:?]
	at java.util.concurrent.CompletableFuture$AsyncSupply.run(CompletableFuture.java:1773) [?:?]
	at java.util.concurrent.CompletableFuture$AsyncSupply.exec(CompletableFuture.java:1760) [?:?]
	at java.util.concurrent.ForkJoinTask.doExec(ForkJoinTask.java:373) [?:?]
	at java.util.concurrent.ForkJoinPool$WorkQueue.topLevelExec(ForkJoinPool.java:1182) [?:?]
	at java.util.concurrent.ForkJoinPool.scan(ForkJoinPool.java:1655) [?:?]
	at java.util.concurrent.ForkJoinPool.runWorker(ForkJoinPool.java:1622) [?:?]
	at java.util.concurrent.ForkJoinWorkerThread.run(ForkJoinWorkerThread.java:165) [?:?]
[15:08:23] [Worker-Main-5/ERROR]: Couldn't parse loot table astraladditions:entities/glazer
com.google.gson.JsonSyntaxException: Expected name to be an item, was unknown string 'createastral:mercurian_stone'
	at net.minecraft.class_3518.method_17995(class_3518.java:130) ~[server-intermediary.jar:?]
	at java.util.Optional.orElseThrow(Optional.java:403) ~[?:?]
	at net.minecraft.class_3518.method_15256(class_3518.java:130) ~[server-intermediary.jar:?]
	at net.minecraft.class_3518.method_15288(class_3518.java:138) ~[server-intermediary.jar:?]
	at net.minecraft.class_77$class_78.method_413(class_77.java:55) ~[server-intermediary.jar:?]
	at net.minecraft.class_77$class_78.method_443(class_77.java:40) ~[server-intermediary.jar:?]
	at net.minecraft.class_85$class_90.method_441(class_85.java:151) ~[server-intermediary.jar:?]
	at net.minecraft.class_85$class_90.method_424(class_85.java:129) ~[server-intermediary.jar:?]
	at net.minecraft.class_79$class_5337.method_29319(class_79.java:86) ~[server-intermediary.jar:?]
	at net.minecraft.class_79$class_5337.method_517(class_79.java:74) ~[server-intermediary.jar:?]
	at net.minecraft.class_5330$class_5333.deserialize(class_5330.java:102) ~[server-intermediary.jar:?]
	at com.google.gson.internal.bind.TreeTypeAdapter.read(TreeTypeAdapter.java:69) ~[gson-2.8.9.jar:?]
	at com.google.gson.internal.bind.TypeAdapterRuntimeTypeWrapper.read(TypeAdapterRuntimeTypeWrapper.java:41) ~[gson-2.8.9.jar:?]
	at com.google.gson.internal.bind.ArrayTypeAdapter.read(ArrayTypeAdapter.java:72) ~[gson-2.8.9.jar:?]
	at com.google.gson.Gson.fromJson(Gson.java:963) ~[gson-2.8.9.jar:?]
	at com.google.gson.Gson.fromJson(Gson.java:1034) ~[gson-2.8.9.jar:?]
	at com.google.gson.internal.bind.TreeTypeAdapter$GsonContextImpl.deserialize(TreeTypeAdapter.java:162) ~[gson-2.8.9.jar:?]
	at net.minecraft.class_3518.method_15291(class_3518.java:448) ~[server-intermediary.jar:?]
	at net.minecraft.class_3518.method_15272(class_3518.java:456) ~[server-intermediary.jar:?]
	at net.minecraft.class_55$class_57.method_358(class_55.java:173) ~[server-intermediary.jar:?]
	at net.minecraft.class_55$class_57.deserialize(class_55.java:169) ~[server-intermediary.jar:?]
	at com.google.gson.internal.bind.TreeTypeAdapter.read(TreeTypeAdapter.java:69) ~[gson-2.8.9.jar:?]
	at com.google.gson.internal.bind.TypeAdapterRuntimeTypeWrapper.read(TypeAdapterRuntimeTypeWrapper.java:41) ~[gson-2.8.9.jar:?]
	at com.google.gson.internal.bind.ArrayTypeAdapter.read(ArrayTypeAdapter.java:72) ~[gson-2.8.9.jar:?]
	at com.google.gson.Gson.fromJson(Gson.java:963) ~[gson-2.8.9.jar:?]
	at com.google.gson.Gson.fromJson(Gson.java:1034) ~[gson-2.8.9.jar:?]
	at com.google.gson.internal.bind.TreeTypeAdapter$GsonContextImpl.deserialize(TreeTypeAdapter.java:162) ~[gson-2.8.9.jar:?]
	at net.minecraft.class_3518.method_15291(class_3518.java:448) ~[server-intermediary.jar:?]
	at net.minecraft.class_3518.method_15283(class_3518.java:466) ~[server-intermediary.jar:?]
	at net.minecraft.class_52$class_54.method_340(class_52.java:213) ~[server-intermediary.jar:?]
	at net.minecraft.class_52$class_54.deserialize(class_52.java:209) ~[server-intermediary.jar:?]
	at com.google.gson.internal.bind.TreeTypeAdapter.read(TreeTypeAdapter.java:69) ~[gson-2.8.9.jar:?]
	at com.google.gson.Gson.fromJson(Gson.java:963) ~[gson-2.8.9.jar:?]
	at com.google.gson.Gson.fromJson(Gson.java:1034) ~[gson-2.8.9.jar:?]
	at com.google.gson.Gson.fromJson(Gson.java:1006) ~[gson-2.8.9.jar:?]
	at net.minecraft.class_60.method_20711(class_60.java:44) ~[server-intermediary.jar:?]
	at dev.latvian.mods.kubejs.core.LootTablesKJS.applyKJS0(LootTablesKJS.java:39) ~[kubejs-fabric-1802.5.5-build.569.jar:?]
	at net.minecraft.class_60.redirect$ccd000$kubejs$applyKJS(class_60.java:2023) ~[server-intermediary.jar:?]
	at net.minecraft.class_60.method_20712(class_60.java:42) ~[server-intermediary.jar:?]
	at net.minecraft.class_60.method_18788(class_60.java:17) ~[server-intermediary.jar:?]
	at net.minecraft.class_4080.method_18790(class_4080.java:13) ~[server-intermediary.jar:?]
	at java.util.concurrent.CompletableFuture$UniAccept.tryFire(CompletableFuture.java:718) ~[?:?]
	at java.util.concurrent.CompletableFuture$Completion.run(CompletableFuture.java:482) ~[?:?]
	at net.minecraft.class_4014.method_18365(class_4014.java:69) ~[server-intermediary.jar:?]
	at net.minecraft.class_4014.method_18367(class_4014.java:68) ~[server-intermediary.jar:?]
	at java.util.concurrent.CompletableFuture$UniCompletion.claim(CompletableFuture.java:572) ~[?:?]
	at java.util.concurrent.CompletableFuture$UniAccept.tryFire(CompletableFuture.java:714) ~[?:?]
	at java.util.concurrent.CompletableFuture.postComplete(CompletableFuture.java:510) ~[?:?]
	at java.util.concurrent.CompletableFuture.postFire(CompletableFuture.java:614) ~[?:?]
	at java.util.concurrent.CompletableFuture$UniAccept.tryFire(CompletableFuture.java:726) ~[?:?]
	at java.util.concurrent.CompletableFuture$Completion.run(CompletableFuture.java:482) ~[?:?]
	at net.minecraft.class_4014.method_18365(class_4014.java:69) ~[server-intermediary.jar:?]
	at net.minecraft.class_4014.method_18367(class_4014.java:68) ~[server-intermediary.jar:?]
	at java.util.concurrent.CompletableFuture$UniCompletion.claim(CompletableFuture.java:572) [?:?]
	at java.util.concurrent.CompletableFuture$UniAccept.tryFire(CompletableFuture.java:714) [?:?]
	at java.util.concurrent.CompletableFuture.postComplete(CompletableFuture.java:510) [?:?]
	at java.util.concurrent.CompletableFuture$AsyncSupply.run(CompletableFuture.java:1773) [?:?]
	at java.util.concurrent.CompletableFuture$AsyncSupply.exec(CompletableFuture.java:1760) [?:?]
	at java.util.concurrent.ForkJoinTask.doExec(ForkJoinTask.java:373) [?:?]
	at java.util.concurrent.ForkJoinPool$WorkQueue.topLevelExec(ForkJoinPool.java:1182) [?:?]
	at java.util.concurrent.ForkJoinPool.scan(ForkJoinPool.java:1655) [?:?]
	at java.util.concurrent.ForkJoinPool.runWorker(ForkJoinPool.java:1622) [?:?]
	at java.util.concurrent.ForkJoinWorkerThread.run(ForkJoinWorkerThread.java:165) [?:?]
[15:08:23] [Worker-Main-5/ERROR]: Couldn't parse loot table dbe:blocks/alarm_sign
com.google.gson.JsonSyntaxException: Expected name to be an item, was unknown string 'dbe:alarm_sign'
	at net.minecraft.class_3518.method_17995(class_3518.java:130) ~[server-intermediary.jar:?]
	at java.util.Optional.orElseThrow(Optional.java:403) ~[?:?]
	at net.minecraft.class_3518.method_15256(class_3518.java:130) ~[server-intermediary.jar:?]
	at net.minecraft.class_3518.method_15288(class_3518.java:138) ~[server-intermediary.jar:?]
	at net.minecraft.class_77$class_78.method_413(class_77.java:55) ~[server-intermediary.jar:?]
	at net.minecraft.class_77$class_78.method_443(class_77.java:40) ~[server-intermediary.jar:?]
	at net.minecraft.class_85$class_90.method_441(class_85.java:151) ~[server-intermediary.jar:?]
	at net.minecraft.class_85$class_90.method_424(class_85.java:129) ~[server-intermediary.jar:?]
	at net.minecraft.class_79$class_5337.method_29319(class_79.java:86) ~[server-intermediary.jar:?]
	at net.minecraft.class_79$class_5337.method_517(class_79.java:74) ~[server-intermediary.jar:?]
	at net.minecraft.class_5330$class_5333.deserialize(class_5330.java:102) ~[server-intermediary.jar:?]
	at com.google.gson.internal.bind.TreeTypeAdapter.read(TreeTypeAdapter.java:69) ~[gson-2.8.9.jar:?]
	at com.google.gson.internal.bind.TypeAdapterRuntimeTypeWrapper.read(TypeAdapterRuntimeTypeWrapper.java:41) ~[gson-2.8.9.jar:?]
	at com.google.gson.internal.bind.ArrayTypeAdapter.read(ArrayTypeAdapter.java:72) ~[gson-2.8.9.jar:?]
	at com.google.gson.Gson.fromJson(Gson.java:963) ~[gson-2.8.9.jar:?]
	at com.google.gson.Gson.fromJson(Gson.java:1034) ~[gson-2.8.9.jar:?]
	at com.google.gson.internal.bind.TreeTypeAdapter$GsonContextImpl.deserialize(TreeTypeAdapter.java:162) ~[gson-2.8.9.jar:?]
	at net.minecraft.class_3518.method_15291(class_3518.java:448) ~[server-intermediary.jar:?]
	at net.minecraft.class_3518.method_15272(class_3518.java:456) ~[server-intermediary.jar:?]
	at net.minecraft.class_55$class_57.method_358(class_55.java:173) ~[server-intermediary.jar:?]
	at net.minecraft.class_55$class_57.deserialize(class_55.java:169) ~[server-intermediary.jar:?]
	at com.google.gson.internal.bind.TreeTypeAdapter.read(TreeTypeAdapter.java:69) ~[gson-2.8.9.jar:?]
	at com.google.gson.internal.bind.TypeAdapterRuntimeTypeWrapper.read(TypeAdapterRuntimeTypeWrapper.java:41) ~[gson-2.8.9.jar:?]
	at com.google.gson.internal.bind.ArrayTypeAdapter.read(ArrayTypeAdapter.java:72) ~[gson-2.8.9.jar:?]
	at com.google.gson.Gson.fromJson(Gson.java:963) ~[gson-2.8.9.jar:?]
	at com.google.gson.Gson.fromJson(Gson.java:1034) ~[gson-2.8.9.jar:?]
	at com.google.gson.internal.bind.TreeTypeAdapter$GsonContextImpl.deserialize(TreeTypeAdapter.java:162) ~[gson-2.8.9.jar:?]
	at net.minecraft.class_3518.method_15291(class_3518.java:448) ~[server-intermediary.jar:?]
	at net.minecraft.class_3518.method_15283(class_3518.java:466) ~[server-intermediary.jar:?]
	at net.minecraft.class_52$class_54.method_340(class_52.java:213) ~[server-intermediary.jar:?]
	at net.minecraft.class_52$class_54.deserialize(class_52.java:209) ~[server-intermediary.jar:?]
	at com.google.gson.internal.bind.TreeTypeAdapter.read(TreeTypeAdapter.java:69) ~[gson-2.8.9.jar:?]
	at com.google.gson.Gson.fromJson(Gson.java:963) ~[gson-2.8.9.jar:?]
	at com.google.gson.Gson.fromJson(Gson.java:1034) ~[gson-2.8.9.jar:?]
	at com.google.gson.Gson.fromJson(Gson.java:1006) ~[gson-2.8.9.jar:?]
	at net.minecraft.class_60.method_20711(class_60.java:44) ~[server-intermediary.jar:?]
	at dev.latvian.mods.kubejs.core.LootTablesKJS.applyKJS0(LootTablesKJS.java:39) ~[kubejs-fabric-1802.5.5-build.569.jar:?]
	at net.minecraft.class_60.redirect$ccd000$kubejs$applyKJS(class_60.java:2023) ~[server-intermediary.jar:?]
	at net.minecraft.class_60.method_20712(class_60.java:42) ~[server-intermediary.jar:?]
	at net.minecraft.class_60.method_18788(class_60.java:17) ~[server-intermediary.jar:?]
	at net.minecraft.class_4080.method_18790(class_4080.java:13) ~[server-intermediary.jar:?]
	at java.util.concurrent.CompletableFuture$UniAccept.tryFire(CompletableFuture.java:718) ~[?:?]
	at java.util.concurrent.CompletableFuture$Completion.run(CompletableFuture.java:482) ~[?:?]
	at net.minecraft.class_4014.method_18365(class_4014.java:69) ~[server-intermediary.jar:?]
	at net.minecraft.class_4014.method_18367(class_4014.java:68) ~[server-intermediary.jar:?]
	at java.util.concurrent.CompletableFuture$UniCompletion.claim(CompletableFuture.java:572) ~[?:?]
	at java.util.concurrent.CompletableFuture$UniAccept.tryFire(CompletableFuture.java:714) ~[?:?]
	at java.util.concurrent.CompletableFuture.postComplete(CompletableFuture.java:510) ~[?:?]
	at java.util.concurrent.CompletableFuture.postFire(CompletableFuture.java:614) ~[?:?]
	at java.util.concurrent.CompletableFuture$UniAccept.tryFire(CompletableFuture.java:726) ~[?:?]
	at java.util.concurrent.CompletableFuture$Completion.run(CompletableFuture.java:482) ~[?:?]
	at net.minecraft.class_4014.method_18365(class_4014.java:69) ~[server-intermediary.jar:?]
	at net.minecraft.class_4014.method_18367(class_4014.java:68) ~[server-intermediary.jar:?]
	at java.util.concurrent.CompletableFuture$UniCompletion.claim(CompletableFuture.java:572) [?:?]
	at java.util.concurrent.CompletableFuture$UniAccept.tryFire(CompletableFuture.java:714) [?:?]
	at java.util.concurrent.CompletableFuture.postComplete(CompletableFuture.java:510) [?:?]
	at java.util.concurrent.CompletableFuture$AsyncSupply.run(CompletableFuture.java:1773) [?:?]
	at java.util.concurrent.CompletableFuture$AsyncSupply.exec(CompletableFuture.java:1760) [?:?]
	at java.util.concurrent.ForkJoinTask.doExec(ForkJoinTask.java:373) [?:?]
	at java.util.concurrent.ForkJoinPool$WorkQueue.topLevelExec(ForkJoinPool.java:1182) [?:?]
	at java.util.concurrent.ForkJoinPool.scan(ForkJoinPool.java:1655) [?:?]
	at java.util.concurrent.ForkJoinPool.runWorker(ForkJoinPool.java:1622) [?:?]
	at java.util.concurrent.ForkJoinWorkerThread.run(ForkJoinWorkerThread.java:165) [?:?]
[15:08:23] [Worker-Main-5/ERROR]: Couldn't parse loot table dbe:blocks/isolinear_middle_blue
com.google.gson.JsonSyntaxException: Expected name to be an item, was unknown string 'dbe:isolinear_middle_blue'
	at net.minecraft.class_3518.method_17995(class_3518.java:130) ~[server-intermediary.jar:?]
	at java.util.Optional.orElseThrow(Optional.java:403) ~[?:?]
	at net.minecraft.class_3518.method_15256(class_3518.java:130) ~[server-intermediary.jar:?]
	at net.minecraft.class_3518.method_15288(class_3518.java:138) ~[server-intermediary.jar:?]
	at net.minecraft.class_77$class_78.method_413(class_77.java:55) ~[server-intermediary.jar:?]
	at net.minecraft.class_77$class_78.method_443(class_77.java:40) ~[server-intermediary.jar:?]
	at net.minecraft.class_85$class_90.method_441(class_85.java:151) ~[server-intermediary.jar:?]
	at net.minecraft.class_85$class_90.method_424(class_85.java:129) ~[server-intermediary.jar:?]
	at net.minecraft.class_79$class_5337.method_29319(class_79.java:86) ~[server-intermediary.jar:?]
	at net.minecraft.class_79$class_5337.method_517(class_79.java:74) ~[server-intermediary.jar:?]
	at net.minecraft.class_5330$class_5333.deserialize(class_5330.java:102) ~[server-intermediary.jar:?]
	at com.google.gson.internal.bind.TreeTypeAdapter.read(TreeTypeAdapter.java:69) ~[gson-2.8.9.jar:?]
	at com.google.gson.internal.bind.TypeAdapterRuntimeTypeWrapper.read(TypeAdapterRuntimeTypeWrapper.java:41) ~[gson-2.8.9.jar:?]
	at com.google.gson.internal.bind.ArrayTypeAdapter.read(ArrayTypeAdapter.java:72) ~[gson-2.8.9.jar:?]
	at com.google.gson.Gson.fromJson(Gson.java:963) ~[gson-2.8.9.jar:?]
	at com.google.gson.Gson.fromJson(Gson.java:1034) ~[gson-2.8.9.jar:?]
	at com.google.gson.internal.bind.TreeTypeAdapter$GsonContextImpl.deserialize(TreeTypeAdapter.java:162) ~[gson-2.8.9.jar:?]
	at net.minecraft.class_3518.method_15291(class_3518.java:448) ~[server-intermediary.jar:?]
	at net.minecraft.class_3518.method_15272(class_3518.java:456) ~[server-intermediary.jar:?]
	at net.minecraft.class_55$class_57.method_358(class_55.java:173) ~[server-intermediary.jar:?]
	at net.minecraft.class_55$class_57.deserialize(class_55.java:169) ~[server-intermediary.jar:?]
	at com.google.gson.internal.bind.TreeTypeAdapter.read(TreeTypeAdapter.java:69) ~[gson-2.8.9.jar:?]
	at com.google.gson.internal.bind.TypeAdapterRuntimeTypeWrapper.read(TypeAdapterRuntimeTypeWrapper.java:41) ~[gson-2.8.9.jar:?]
	at com.google.gson.internal.bind.ArrayTypeAdapter.read(ArrayTypeAdapter.java:72) ~[gson-2.8.9.jar:?]
	at com.google.gson.Gson.fromJson(Gson.java:963) ~[gson-2.8.9.jar:?]
	at com.google.gson.Gson.fromJson(Gson.java:1034) ~[gson-2.8.9.jar:?]
	at com.google.gson.internal.bind.TreeTypeAdapter$GsonContextImpl.deserialize(TreeTypeAdapter.java:162) ~[gson-2.8.9.jar:?]
	at net.minecraft.class_3518.method_15291(class_3518.java:448) ~[server-intermediary.jar:?]
	at net.minecraft.class_3518.method_15283(class_3518.java:466) ~[server-intermediary.jar:?]
	at net.minecraft.class_52$class_54.method_340(class_52.java:213) ~[server-intermediary.jar:?]
	at net.minecraft.class_52$class_54.deserialize(class_52.java:209) ~[server-intermediary.jar:?]
	at com.google.gson.internal.bind.TreeTypeAdapter.read(TreeTypeAdapter.java:69) ~[gson-2.8.9.jar:?]
	at com.google.gson.Gson.fromJson(Gson.java:963) ~[gson-2.8.9.jar:?]
	at com.google.gson.Gson.fromJson(Gson.java:1034) ~[gson-2.8.9.jar:?]
	at com.google.gson.Gson.fromJson(Gson.java:1006) ~[gson-2.8.9.jar:?]
	at net.minecraft.class_60.method_20711(class_60.java:44) ~[server-intermediary.jar:?]
	at dev.latvian.mods.kubejs.core.LootTablesKJS.applyKJS0(LootTablesKJS.java:39) ~[kubejs-fabric-1802.5.5-build.569.jar:?]
	at net.minecraft.class_60.redirect$ccd000$kubejs$applyKJS(class_60.java:2023) ~[server-intermediary.jar:?]
	at net.minecraft.class_60.method_20712(class_60.java:42) ~[server-intermediary.jar:?]
	at net.minecraft.class_60.method_18788(class_60.java:17) ~[server-intermediary.jar:?]
	at net.minecraft.class_4080.method_18790(class_4080.java:13) ~[server-intermediary.jar:?]
	at java.util.concurrent.CompletableFuture$UniAccept.tryFire(CompletableFuture.java:718) ~[?:?]
	at java.util.concurrent.CompletableFuture$Completion.run(CompletableFuture.java:482) ~[?:?]
	at net.minecraft.class_4014.method_18365(class_4014.java:69) ~[server-intermediary.jar:?]
	at net.minecraft.class_4014.method_18367(class_4014.java:68) ~[server-intermediary.jar:?]
	at java.util.concurrent.CompletableFuture$UniCompletion.claim(CompletableFuture.java:572) ~[?:?]
	at java.util.concurrent.CompletableFuture$UniAccept.tryFire(CompletableFuture.java:714) ~[?:?]
	at java.util.concurrent.CompletableFuture.postComplete(CompletableFuture.java:510) ~[?:?]
	at java.util.concurrent.CompletableFuture.postFire(CompletableFuture.java:614) ~[?:?]
	at java.util.concurrent.CompletableFuture$UniAccept.tryFire(CompletableFuture.java:726) ~[?:?]
	at java.util.concurrent.CompletableFuture$Completion.run(CompletableFuture.java:482) ~[?:?]
	at net.minecraft.class_4014.method_18365(class_4014.java:69) ~[server-intermediary.jar:?]
	at net.minecraft.class_4014.method_18367(class_4014.java:68) ~[server-intermediary.jar:?]
	at java.util.concurrent.CompletableFuture$UniCompletion.claim(CompletableFuture.java:572) [?:?]
	at java.util.concurrent.CompletableFuture$UniAccept.tryFire(CompletableFuture.java:714) [?:?]
	at java.util.concurrent.CompletableFuture.postComplete(CompletableFuture.java:510) [?:?]
	at java.util.concurrent.CompletableFuture$AsyncSupply.run(CompletableFuture.java:1773) [?:?]
	at java.util.concurrent.CompletableFuture$AsyncSupply.exec(CompletableFuture.java:1760) [?:?]
	at java.util.concurrent.ForkJoinTask.doExec(ForkJoinTask.java:373) [?:?]
	at java.util.concurrent.ForkJoinPool$WorkQueue.topLevelExec(ForkJoinPool.java:1182) [?:?]
	at java.util.concurrent.ForkJoinPool.scan(ForkJoinPool.java:1655) [?:?]
	at java.util.concurrent.ForkJoinPool.runWorker(ForkJoinPool.java:1622) [?:?]
	at java.util.concurrent.ForkJoinWorkerThread.run(ForkJoinWorkerThread.java:165) [?:?]
[15:08:23] [Worker-Main-5/ERROR]: Couldn't parse loot table dbe:blocks/isolinear_back_blue
com.google.gson.JsonSyntaxException: Expected name to be an item, was unknown string 'dbe:isolinear_back_blue'
	at net.minecraft.class_3518.method_17995(class_3518.java:130) ~[server-intermediary.jar:?]
	at java.util.Optional.orElseThrow(Optional.java:403) ~[?:?]
	at net.minecraft.class_3518.method_15256(class_3518.java:130) ~[server-intermediary.jar:?]
	at net.minecraft.class_3518.method_15288(class_3518.java:138) ~[server-intermediary.jar:?]
	at net.minecraft.class_77$class_78.method_413(class_77.java:55) ~[server-intermediary.jar:?]
	at net.minecraft.class_77$class_78.method_443(class_77.java:40) ~[server-intermediary.jar:?]
	at net.minecraft.class_85$class_90.method_441(class_85.java:151) ~[server-intermediary.jar:?]
	at net.minecraft.class_85$class_90.method_424(class_85.java:129) ~[server-intermediary.jar:?]
	at net.minecraft.class_79$class_5337.method_29319(class_79.java:86) ~[server-intermediary.jar:?]
	at net.minecraft.class_79$class_5337.method_517(class_79.java:74) ~[server-intermediary.jar:?]
	at net.minecraft.class_5330$class_5333.deserialize(class_5330.java:102) ~[server-intermediary.jar:?]
	at com.google.gson.internal.bind.TreeTypeAdapter.read(TreeTypeAdapter.java:69) ~[gson-2.8.9.jar:?]
	at com.google.gson.internal.bind.TypeAdapterRuntimeTypeWrapper.read(TypeAdapterRuntimeTypeWrapper.java:41) ~[gson-2.8.9.jar:?]
	at com.google.gson.internal.bind.ArrayTypeAdapter.read(ArrayTypeAdapter.java:72) ~[gson-2.8.9.jar:?]
	at com.google.gson.Gson.fromJson(Gson.java:963) ~[gson-2.8.9.jar:?]
	at com.google.gson.Gson.fromJson(Gson.java:1034) ~[gson-2.8.9.jar:?]
	at com.google.gson.internal.bind.TreeTypeAdapter$GsonContextImpl.deserialize(TreeTypeAdapter.java:162) ~[gson-2.8.9.jar:?]
	at net.minecraft.class_3518.method_15291(class_3518.java:448) ~[server-intermediary.jar:?]
	at net.minecraft.class_3518.method_15272(class_3518.java:456) ~[server-intermediary.jar:?]
	at net.minecraft.class_55$class_57.method_358(class_55.java:173) ~[server-intermediary.jar:?]
	at net.minecraft.class_55$class_57.deserialize(class_55.java:169) ~[server-intermediary.jar:?]
	at com.google.gson.internal.bind.TreeTypeAdapter.read(TreeTypeAdapter.java:69) ~[gson-2.8.9.jar:?]
	at com.google.gson.internal.bind.TypeAdapterRuntimeTypeWrapper.read(TypeAdapterRuntimeTypeWrapper.java:41) ~[gson-2.8.9.jar:?]
	at com.google.gson.internal.bind.ArrayTypeAdapter.read(ArrayTypeAdapter.java:72) ~[gson-2.8.9.jar:?]
	at com.google.gson.Gson.fromJson(Gson.java:963) ~[gson-2.8.9.jar:?]
	at com.google.gson.Gson.fromJson(Gson.java:1034) ~[gson-2.8.9.jar:?]
	at com.google.gson.internal.bind.TreeTypeAdapter$GsonContextImpl.deserialize(TreeTypeAdapter.java:162) ~[gson-2.8.9.jar:?]
	at net.minecraft.class_3518.method_15291(class_3518.java:448) ~[server-intermediary.jar:?]
	at net.minecraft.class_3518.method_15283(class_3518.java:466) ~[server-intermediary.jar:?]
	at net.minecraft.class_52$class_54.method_340(class_52.java:213) ~[server-intermediary.jar:?]
	at net.minecraft.class_52$class_54.deserialize(class_52.java:209) ~[server-intermediary.jar:?]
	at com.google.gson.internal.bind.TreeTypeAdapter.read(TreeTypeAdapter.java:69) ~[gson-2.8.9.jar:?]
	at com.google.gson.Gson.fromJson(Gson.java:963) ~[gson-2.8.9.jar:?]
	at com.google.gson.Gson.fromJson(Gson.java:1034) ~[gson-2.8.9.jar:?]
	at com.google.gson.Gson.fromJson(Gson.java:1006) ~[gson-2.8.9.jar:?]
	at net.minecraft.class_60.method_20711(class_60.java:44) ~[server-intermediary.jar:?]
	at dev.latvian.mods.kubejs.core.LootTablesKJS.applyKJS0(LootTablesKJS.java:39) ~[kubejs-fabric-1802.5.5-build.569.jar:?]
	at net.minecraft.class_60.redirect$ccd000$kubejs$applyKJS(class_60.java:2023) ~[server-intermediary.jar:?]
	at net.minecraft.class_60.method_20712(class_60.java:42) ~[server-intermediary.jar:?]
	at net.minecraft.class_60.method_18788(class_60.java:17) ~[server-intermediary.jar:?]
	at net.minecraft.class_4080.method_18790(class_4080.java:13) ~[server-intermediary.jar:?]
	at java.util.concurrent.CompletableFuture$UniAccept.tryFire(CompletableFuture.java:718) ~[?:?]
	at java.util.concurrent.CompletableFuture$Completion.run(CompletableFuture.java:482) ~[?:?]
	at net.minecraft.class_4014.method_18365(class_4014.java:69) ~[server-intermediary.jar:?]
	at net.minecraft.class_4014.method_18367(class_4014.java:68) ~[server-intermediary.jar:?]
	at java.util.concurrent.CompletableFuture$UniCompletion.claim(CompletableFuture.java:572) ~[?:?]
	at java.util.concurrent.CompletableFuture$UniAccept.tryFire(CompletableFuture.java:714) ~[?:?]
	at java.util.concurrent.CompletableFuture.postComplete(CompletableFuture.java:510) ~[?:?]
	at java.util.concurrent.CompletableFuture.postFire(CompletableFuture.java:614) ~[?:?]
	at java.util.concurrent.CompletableFuture$UniAccept.tryFire(CompletableFuture.java:726) ~[?:?]
	at java.util.concurrent.CompletableFuture$Completion.run(CompletableFuture.java:482) ~[?:?]
	at net.minecraft.class_4014.method_18365(class_4014.java:69) ~[server-intermediary.jar:?]
	at net.minecraft.class_4014.method_18367(class_4014.java:68) ~[server-intermediary.jar:?]
	at java.util.concurrent.CompletableFuture$UniCompletion.claim(CompletableFuture.java:572) [?:?]
	at java.util.concurrent.CompletableFuture$UniAccept.tryFire(CompletableFuture.java:714) [?:?]
	at java.util.concurrent.CompletableFuture.postComplete(CompletableFuture.java:510) [?:?]
	at java.util.concurrent.CompletableFuture$AsyncSupply.run(CompletableFuture.java:1773) [?:?]
	at java.util.concurrent.CompletableFuture$AsyncSupply.exec(CompletableFuture.java:1760) [?:?]
	at java.util.concurrent.ForkJoinTask.doExec(ForkJoinTask.java:373) [?:?]
	at java.util.concurrent.ForkJoinPool$WorkQueue.topLevelExec(ForkJoinPool.java:1182) [?:?]
	at java.util.concurrent.ForkJoinPool.scan(ForkJoinPool.java:1655) [?:?]
	at java.util.concurrent.ForkJoinPool.runWorker(ForkJoinPool.java:1622) [?:?]
	at java.util.concurrent.ForkJoinWorkerThread.run(ForkJoinWorkerThread.java:165) [?:?]
[15:08:23] [Worker-Main-5/ERROR]: Couldn't parse loot table dbe:blocks/sound_generator
com.google.gson.JsonSyntaxException: Expected name to be an item, was unknown string 'dbe:sound_generator'
	at net.minecraft.class_3518.method_17995(class_3518.java:130) ~[server-intermediary.jar:?]
	at java.util.Optional.orElseThrow(Optional.java:403) ~[?:?]
	at net.minecraft.class_3518.method_15256(class_3518.java:130) ~[server-intermediary.jar:?]
	at net.minecraft.class_3518.method_15288(class_3518.java:138) ~[server-intermediary.jar:?]
	at net.minecraft.class_77$class_78.method_413(class_77.java:55) ~[server-intermediary.jar:?]
	at net.minecraft.class_77$class_78.method_443(class_77.java:40) ~[server-intermediary.jar:?]
	at net.minecraft.class_85$class_90.method_441(class_85.java:151) ~[server-intermediary.jar:?]
	at net.minecraft.class_85$class_90.method_424(class_85.java:129) ~[server-intermediary.jar:?]
	at net.minecraft.class_79$class_5337.method_29319(class_79.java:86) ~[server-intermediary.jar:?]
	at net.minecraft.class_79$class_5337.method_517(class_79.java:74) ~[server-intermediary.jar:?]
	at net.minecraft.class_5330$class_5333.deserialize(class_5330.java:102) ~[server-intermediary.jar:?]
	at com.google.gson.internal.bind.TreeTypeAdapter.read(TreeTypeAdapter.java:69) ~[gson-2.8.9.jar:?]
	at com.google.gson.internal.bind.TypeAdapterRuntimeTypeWrapper.read(TypeAdapterRuntimeTypeWrapper.java:41) ~[gson-2.8.9.jar:?]
	at com.google.gson.internal.bind.ArrayTypeAdapter.read(ArrayTypeAdapter.java:72) ~[gson-2.8.9.jar:?]
	at com.google.gson.Gson.fromJson(Gson.java:963) ~[gson-2.8.9.jar:?]
	at com.google.gson.Gson.fromJson(Gson.java:1034) ~[gson-2.8.9.jar:?]
	at com.google.gson.internal.bind.TreeTypeAdapter$GsonContextImpl.deserialize(TreeTypeAdapter.java:162) ~[gson-2.8.9.jar:?]
	at net.minecraft.class_3518.method_15291(class_3518.java:448) ~[server-intermediary.jar:?]
	at net.minecraft.class_3518.method_15272(class_3518.java:456) ~[server-intermediary.jar:?]
	at net.minecraft.class_55$class_57.method_358(class_55.java:173) ~[server-intermediary.jar:?]
	at net.minecraft.class_55$class_57.deserialize(class_55.java:169) ~[server-intermediary.jar:?]
	at com.google.gson.internal.bind.TreeTypeAdapter.read(TreeTypeAdapter.java:69) ~[gson-2.8.9.jar:?]
	at com.google.gson.internal.bind.TypeAdapterRuntimeTypeWrapper.read(TypeAdapterRuntimeTypeWrapper.java:41) ~[gson-2.8.9.jar:?]
	at com.google.gson.internal.bind.ArrayTypeAdapter.read(ArrayTypeAdapter.java:72) ~[gson-2.8.9.jar:?]
	at com.google.gson.Gson.fromJson(Gson.java:963) ~[gson-2.8.9.jar:?]
	at com.google.gson.Gson.fromJson(Gson.java:1034) ~[gson-2.8.9.jar:?]
	at com.google.gson.internal.bind.TreeTypeAdapter$GsonContextImpl.deserialize(TreeTypeAdapter.java:162) ~[gson-2.8.9.jar:?]
	at net.minecraft.class_3518.method_15291(class_3518.java:448) ~[server-intermediary.jar:?]
	at net.minecraft.class_3518.method_15283(class_3518.java:466) ~[server-intermediary.jar:?]
	at net.minecraft.class_52$class_54.method_340(class_52.java:213) ~[server-intermediary.jar:?]
	at net.minecraft.class_52$class_54.deserialize(class_52.java:209) ~[server-intermediary.jar:?]
	at com.google.gson.internal.bind.TreeTypeAdapter.read(TreeTypeAdapter.java:69) ~[gson-2.8.9.jar:?]
	at com.google.gson.Gson.fromJson(Gson.java:963) ~[gson-2.8.9.jar:?]
	at com.google.gson.Gson.fromJson(Gson.java:1034) ~[gson-2.8.9.jar:?]
	at com.google.gson.Gson.fromJson(Gson.java:1006) ~[gson-2.8.9.jar:?]
	at net.minecraft.class_60.method_20711(class_60.java:44) ~[server-intermediary.jar:?]
	at dev.latvian.mods.kubejs.core.LootTablesKJS.applyKJS0(LootTablesKJS.java:39) ~[kubejs-fabric-1802.5.5-build.569.jar:?]
	at net.minecraft.class_60.redirect$ccd000$kubejs$applyKJS(class_60.java:2023) ~[server-intermediary.jar:?]
	at net.minecraft.class_60.method_20712(class_60.java:42) ~[server-intermediary.jar:?]
	at net.minecraft.class_60.method_18788(class_60.java:17) ~[server-intermediary.jar:?]
	at net.minecraft.class_4080.method_18790(class_4080.java:13) ~[server-intermediary.jar:?]
	at java.util.concurrent.CompletableFuture$UniAccept.tryFire(CompletableFuture.java:718) ~[?:?]
	at java.util.concurrent.CompletableFuture$Completion.run(CompletableFuture.java:482) ~[?:?]
	at net.minecraft.class_4014.method_18365(class_4014.java:69) ~[server-intermediary.jar:?]
	at net.minecraft.class_4014.method_18367(class_4014.java:68) ~[server-intermediary.jar:?]
	at java.util.concurrent.CompletableFuture$UniCompletion.claim(CompletableFuture.java:572) ~[?:?]
	at java.util.concurrent.CompletableFuture$UniAccept.tryFire(CompletableFuture.java:714) ~[?:?]
	at java.util.concurrent.CompletableFuture.postComplete(CompletableFuture.java:510) ~[?:?]
	at java.util.concurrent.CompletableFuture.postFire(CompletableFuture.java:614) ~[?:?]
	at java.util.concurrent.CompletableFuture$UniAccept.tryFire(CompletableFuture.java:726) ~[?:?]
	at java.util.concurrent.CompletableFuture$Completion.run(CompletableFuture.java:482) ~[?:?]
	at net.minecraft.class_4014.method_18365(class_4014.java:69) ~[server-intermediary.jar:?]
	at net.minecraft.class_4014.method_18367(class_4014.java:68) ~[server-intermediary.jar:?]
	at java.util.concurrent.CompletableFuture$UniCompletion.claim(CompletableFuture.java:572) [?:?]
	at java.util.concurrent.CompletableFuture$UniAccept.tryFire(CompletableFuture.java:714) [?:?]
	at java.util.concurrent.CompletableFuture.postComplete(CompletableFuture.java:510) [?:?]
	at java.util.concurrent.CompletableFuture$AsyncSupply.run(CompletableFuture.java:1773) [?:?]
	at java.util.concurrent.CompletableFuture$AsyncSupply.exec(CompletableFuture.java:1760) [?:?]
	at java.util.concurrent.ForkJoinTask.doExec(ForkJoinTask.java:373) [?:?]
	at java.util.concurrent.ForkJoinPool$WorkQueue.topLevelExec(ForkJoinPool.java:1182) [?:?]
	at java.util.concurrent.ForkJoinPool.scan(ForkJoinPool.java:1655) [?:?]
	at java.util.concurrent.ForkJoinPool.runWorker(ForkJoinPool.java:1622) [?:?]
	at java.util.concurrent.ForkJoinWorkerThread.run(ForkJoinWorkerThread.java:165) [?:?]
[15:08:23] [Worker-Main-5/ERROR]: Couldn't parse loot table dbe:blocks/isolinear_middle_green
com.google.gson.JsonSyntaxException: Expected name to be an item, was unknown string 'dbe:isolinear_middle_green'
	at net.minecraft.class_3518.method_17995(class_3518.java:130) ~[server-intermediary.jar:?]
	at java.util.Optional.orElseThrow(Optional.java:403) ~[?:?]
	at net.minecraft.class_3518.method_15256(class_3518.java:130) ~[server-intermediary.jar:?]
	at net.minecraft.class_3518.method_15288(class_3518.java:138) ~[server-intermediary.jar:?]
	at net.minecraft.class_77$class_78.method_413(class_77.java:55) ~[server-intermediary.jar:?]
	at net.minecraft.class_77$class_78.method_443(class_77.java:40) ~[server-intermediary.jar:?]
	at net.minecraft.class_85$class_90.method_441(class_85.java:151) ~[server-intermediary.jar:?]
	at net.minecraft.class_85$class_90.method_424(class_85.java:129) ~[server-intermediary.jar:?]
	at net.minecraft.class_79$class_5337.method_29319(class_79.java:86) ~[server-intermediary.jar:?]
	at net.minecraft.class_79$class_5337.method_517(class_79.java:74) ~[server-intermediary.jar:?]
	at net.minecraft.class_5330$class_5333.deserialize(class_5330.java:102) ~[server-intermediary.jar:?]
	at com.google.gson.internal.bind.TreeTypeAdapter.read(TreeTypeAdapter.java:69) ~[gson-2.8.9.jar:?]
	at com.google.gson.internal.bind.TypeAdapterRuntimeTypeWrapper.read(TypeAdapterRuntimeTypeWrapper.java:41) ~[gson-2.8.9.jar:?]
	at com.google.gson.internal.bind.ArrayTypeAdapter.read(ArrayTypeAdapter.java:72) ~[gson-2.8.9.jar:?]
	at com.google.gson.Gson.fromJson(Gson.java:963) ~[gson-2.8.9.jar:?]
	at com.google.gson.Gson.fromJson(Gson.java:1034) ~[gson-2.8.9.jar:?]
	at com.google.gson.internal.bind.TreeTypeAdapter$GsonContextImpl.deserialize(TreeTypeAdapter.java:162) ~[gson-2.8.9.jar:?]
	at net.minecraft.class_3518.method_15291(class_3518.java:448) ~[server-intermediary.jar:?]
	at net.minecraft.class_3518.method_15272(class_3518.java:456) ~[server-intermediary.jar:?]
	at net.minecraft.class_55$class_57.method_358(class_55.java:173) ~[server-intermediary.jar:?]
	at net.minecraft.class_55$class_57.deserialize(class_55.java:169) ~[server-intermediary.jar:?]
	at com.google.gson.internal.bind.TreeTypeAdapter.read(TreeTypeAdapter.java:69) ~[gson-2.8.9.jar:?]
	at com.google.gson.internal.bind.TypeAdapterRuntimeTypeWrapper.read(TypeAdapterRuntimeTypeWrapper.java:41) ~[gson-2.8.9.jar:?]
	at com.google.gson.internal.bind.ArrayTypeAdapter.read(ArrayTypeAdapter.java:72) ~[gson-2.8.9.jar:?]
	at com.google.gson.Gson.fromJson(Gson.java:963) ~[gson-2.8.9.jar:?]
	at com.google.gson.Gson.fromJson(Gson.java:1034) ~[gson-2.8.9.jar:?]
	at com.google.gson.internal.bind.TreeTypeAdapter$GsonContextImpl.deserialize(TreeTypeAdapter.java:162) ~[gson-2.8.9.jar:?]
	at net.minecraft.class_3518.method_15291(class_3518.java:448) ~[server-intermediary.jar:?]
	at net.minecraft.class_3518.method_15283(class_3518.java:466) ~[server-intermediary.jar:?]
	at net.minecraft.class_52$class_54.method_340(class_52.java:213) ~[server-intermediary.jar:?]
	at net.minecraft.class_52$class_54.deserialize(class_52.java:209) ~[server-intermediary.jar:?]
	at com.google.gson.internal.bind.TreeTypeAdapter.read(TreeTypeAdapter.java:69) ~[gson-2.8.9.jar:?]
	at com.google.gson.Gson.fromJson(Gson.java:963) ~[gson-2.8.9.jar:?]
	at com.google.gson.Gson.fromJson(Gson.java:1034) ~[gson-2.8.9.jar:?]
	at com.google.gson.Gson.fromJson(Gson.java:1006) ~[gson-2.8.9.jar:?]
	at net.minecraft.class_60.method_20711(class_60.java:44) ~[server-intermediary.jar:?]
	at dev.latvian.mods.kubejs.core.LootTablesKJS.applyKJS0(LootTablesKJS.java:39) ~[kubejs-fabric-1802.5.5-build.569.jar:?]
	at net.minecraft.class_60.redirect$ccd000$kubejs$applyKJS(class_60.java:2023) ~[server-intermediary.jar:?]
	at net.minecraft.class_60.method_20712(class_60.java:42) ~[server-intermediary.jar:?]
	at net.minecraft.class_60.method_18788(class_60.java:17) ~[server-intermediary.jar:?]
	at net.minecraft.class_4080.method_18790(class_4080.java:13) ~[server-intermediary.jar:?]
	at java.util.concurrent.CompletableFuture$UniAccept.tryFire(CompletableFuture.java:718) ~[?:?]
	at java.util.concurrent.CompletableFuture$Completion.run(CompletableFuture.java:482) ~[?:?]
	at net.minecraft.class_4014.method_18365(class_4014.java:69) ~[server-intermediary.jar:?]
	at net.minecraft.class_4014.method_18367(class_4014.java:68) ~[server-intermediary.jar:?]
	at java.util.concurrent.CompletableFuture$UniCompletion.claim(CompletableFuture.java:572) ~[?:?]
	at java.util.concurrent.CompletableFuture$UniAccept.tryFire(CompletableFuture.java:714) ~[?:?]
	at java.util.concurrent.CompletableFuture.postComplete(CompletableFuture.java:510) ~[?:?]
	at java.util.concurrent.CompletableFuture.postFire(CompletableFuture.java:614) ~[?:?]
	at java.util.concurrent.CompletableFuture$UniAccept.tryFire(CompletableFuture.java:726) ~[?:?]
	at java.util.concurrent.CompletableFuture$Completion.run(CompletableFuture.java:482) ~[?:?]
	at net.minecraft.class_4014.method_18365(class_4014.java:69) ~[server-intermediary.jar:?]
	at net.minecraft.class_4014.method_18367(class_4014.java:68) ~[server-intermediary.jar:?]
	at java.util.concurrent.CompletableFuture$UniCompletion.claim(CompletableFuture.java:572) [?:?]
	at java.util.concurrent.CompletableFuture$UniAccept.tryFire(CompletableFuture.java:714) [?:?]
	at java.util.concurrent.CompletableFuture.postComplete(CompletableFuture.java:510) [?:?]
	at java.util.concurrent.CompletableFuture$AsyncSupply.run(CompletableFuture.java:1773) [?:?]
	at java.util.concurrent.CompletableFuture$AsyncSupply.exec(CompletableFuture.java:1760) [?:?]
	at java.util.concurrent.ForkJoinTask.doExec(ForkJoinTask.java:373) [?:?]
	at java.util.concurrent.ForkJoinPool$WorkQueue.topLevelExec(ForkJoinPool.java:1182) [?:?]
	at java.util.concurrent.ForkJoinPool.scan(ForkJoinPool.java:1655) [?:?]
	at java.util.concurrent.ForkJoinPool.runWorker(ForkJoinPool.java:1622) [?:?]
	at java.util.concurrent.ForkJoinWorkerThread.run(ForkJoinWorkerThread.java:165) [?:?]
[15:08:23] [Worker-Main-5/ERROR]: Couldn't parse loot table dbe:blocks/cross_block
com.google.gson.JsonSyntaxException: Expected name to be an item, was unknown string 'dbe:cross_block'
	at net.minecraft.class_3518.method_17995(class_3518.java:130) ~[server-intermediary.jar:?]
	at java.util.Optional.orElseThrow(Optional.java:403) ~[?:?]
	at net.minecraft.class_3518.method_15256(class_3518.java:130) ~[server-intermediary.jar:?]
	at net.minecraft.class_3518.method_15288(class_3518.java:138) ~[server-intermediary.jar:?]
	at net.minecraft.class_77$class_78.method_413(class_77.java:55) ~[server-intermediary.jar:?]
	at net.minecraft.class_77$class_78.method_443(class_77.java:40) ~[server-intermediary.jar:?]
	at net.minecraft.class_85$class_90.method_441(class_85.java:151) ~[server-intermediary.jar:?]
	at net.minecraft.class_85$class_90.method_424(class_85.java:129) ~[server-intermediary.jar:?]
	at net.minecraft.class_79$class_5337.method_29319(class_79.java:86) ~[server-intermediary.jar:?]
	at net.minecraft.class_79$class_5337.method_517(class_79.java:74) ~[server-intermediary.jar:?]
	at net.minecraft.class_5330$class_5333.deserialize(class_5330.java:102) ~[server-intermediary.jar:?]
	at com.google.gson.internal.bind.TreeTypeAdapter.read(TreeTypeAdapter.java:69) ~[gson-2.8.9.jar:?]
	at com.google.gson.internal.bind.TypeAdapterRuntimeTypeWrapper.read(TypeAdapterRuntimeTypeWrapper.java:41) ~[gson-2.8.9.jar:?]
	at com.google.gson.internal.bind.ArrayTypeAdapter.read(ArrayTypeAdapter.java:72) ~[gson-2.8.9.jar:?]
	at com.google.gson.Gson.fromJson(Gson.java:963) ~[gson-2.8.9.jar:?]
	at com.google.gson.Gson.fromJson(Gson.java:1034) ~[gson-2.8.9.jar:?]
	at com.google.gson.internal.bind.TreeTypeAdapter$GsonContextImpl.deserialize(TreeTypeAdapter.java:162) ~[gson-2.8.9.jar:?]
	at net.minecraft.class_3518.method_15291(class_3518.java:448) ~[server-intermediary.jar:?]
	at net.minecraft.class_3518.method_15272(class_3518.java:456) ~[server-intermediary.jar:?]
	at net.minecraft.class_55$class_57.method_358(class_55.java:173) ~[server-intermediary.jar:?]
	at net.minecraft.class_55$class_57.deserialize(class_55.java:169) ~[server-intermediary.jar:?]
	at com.google.gson.internal.bind.TreeTypeAdapter.read(TreeTypeAdapter.java:69) ~[gson-2.8.9.jar:?]
	at com.google.gson.internal.bind.TypeAdapterRuntimeTypeWrapper.read(TypeAdapterRuntimeTypeWrapper.java:41) ~[gson-2.8.9.jar:?]
	at com.google.gson.internal.bind.ArrayTypeAdapter.read(ArrayTypeAdapter.java:72) ~[gson-2.8.9.jar:?]
	at com.google.gson.Gson.fromJson(Gson.java:963) ~[gson-2.8.9.jar:?]
	at com.google.gson.Gson.fromJson(Gson.java:1034) ~[gson-2.8.9.jar:?]
	at com.google.gson.internal.bind.TreeTypeAdapter$GsonContextImpl.deserialize(TreeTypeAdapter.java:162) ~[gson-2.8.9.jar:?]
	at net.minecraft.class_3518.method_15291(class_3518.java:448) ~[server-intermediary.jar:?]
	at net.minecraft.class_3518.method_15283(class_3518.java:466) ~[server-intermediary.jar:?]
	at net.minecraft.class_52$class_54.method_340(class_52.java:213) ~[server-intermediary.jar:?]
	at net.minecraft.class_52$class_54.deserialize(class_52.java:209) ~[server-intermediary.jar:?]
	at com.google.gson.internal.bind.TreeTypeAdapter.read(TreeTypeAdapter.java:69) ~[gson-2.8.9.jar:?]
	at com.google.gson.Gson.fromJson(Gson.java:963) ~[gson-2.8.9.jar:?]
	at com.google.gson.Gson.fromJson(Gson.java:1034) ~[gson-2.8.9.jar:?]
	at com.google.gson.Gson.fromJson(Gson.java:1006) ~[gson-2.8.9.jar:?]
	at net.minecraft.class_60.method_20711(class_60.java:44) ~[server-intermediary.jar:?]
	at dev.latvian.mods.kubejs.core.LootTablesKJS.applyKJS0(LootTablesKJS.java:39) ~[kubejs-fabric-1802.5.5-build.569.jar:?]
	at net.minecraft.class_60.redirect$ccd000$kubejs$applyKJS(class_60.java:2023) ~[server-intermediary.jar:?]
	at net.minecraft.class_60.method_20712(class_60.java:42) ~[server-intermediary.jar:?]
	at net.minecraft.class_60.method_18788(class_60.java:17) ~[server-intermediary.jar:?]
	at net.minecraft.class_4080.method_18790(class_4080.java:13) ~[server-intermediary.jar:?]
	at java.util.concurrent.CompletableFuture$UniAccept.tryFire(CompletableFuture.java:718) ~[?:?]
	at java.util.concurrent.CompletableFuture$Completion.run(CompletableFuture.java:482) ~[?:?]
	at net.minecraft.class_4014.method_18365(class_4014.java:69) ~[server-intermediary.jar:?]
	at net.minecraft.class_4014.method_18367(class_4014.java:68) ~[server-intermediary.jar:?]
	at java.util.concurrent.CompletableFuture$UniCompletion.claim(CompletableFuture.java:572) ~[?:?]
	at java.util.concurrent.CompletableFuture$UniAccept.tryFire(CompletableFuture.java:714) ~[?:?]
	at java.util.concurrent.CompletableFuture.postComplete(CompletableFuture.java:510) ~[?:?]
	at java.util.concurrent.CompletableFuture.postFire(CompletableFuture.java:614) ~[?:?]
	at java.util.concurrent.CompletableFuture$UniAccept.tryFire(CompletableFuture.java:726) ~[?:?]
	at java.util.concurrent.CompletableFuture$Completion.run(CompletableFuture.java:482) ~[?:?]
	at net.minecraft.class_4014.method_18365(class_4014.java:69) ~[server-intermediary.jar:?]
	at net.minecraft.class_4014.method_18367(class_4014.java:68) ~[server-intermediary.jar:?]
	at java.util.concurrent.CompletableFuture$UniCompletion.claim(CompletableFuture.java:572) [?:?]
	at java.util.concurrent.CompletableFuture$UniAccept.tryFire(CompletableFuture.java:714) [?:?]
	at java.util.concurrent.CompletableFuture.postComplete(CompletableFuture.java:510) [?:?]
	at java.util.concurrent.CompletableFuture$AsyncSupply.run(CompletableFuture.java:1773) [?:?]
	at java.util.concurrent.CompletableFuture$AsyncSupply.exec(CompletableFuture.java:1760) [?:?]
	at java.util.concurrent.ForkJoinTask.doExec(ForkJoinTask.java:373) [?:?]
	at java.util.concurrent.ForkJoinPool$WorkQueue.topLevelExec(ForkJoinPool.java:1182) [?:?]
	at java.util.concurrent.ForkJoinPool.scan(ForkJoinPool.java:1655) [?:?]
	at java.util.concurrent.ForkJoinPool.runWorker(ForkJoinPool.java:1622) [?:?]
	at java.util.concurrent.ForkJoinWorkerThread.run(ForkJoinWorkerThread.java:165) [?:?]
[15:08:23] [Worker-Main-5/ERROR]: Couldn't parse loot table dbe:blocks/arrow_right_sign
com.google.gson.JsonSyntaxException: Expected name to be an item, was unknown string 'dbe:arrow_right_sign'
	at net.minecraft.class_3518.method_17995(class_3518.java:130) ~[server-intermediary.jar:?]
	at java.util.Optional.orElseThrow(Optional.java:403) ~[?:?]
	at net.minecraft.class_3518.method_15256(class_3518.java:130) ~[server-intermediary.jar:?]
	at net.minecraft.class_3518.method_15288(class_3518.java:138) ~[server-intermediary.jar:?]
	at net.minecraft.class_77$class_78.method_413(class_77.java:55) ~[server-intermediary.jar:?]
	at net.minecraft.class_77$class_78.method_443(class_77.java:40) ~[server-intermediary.jar:?]
	at net.minecraft.class_85$class_90.method_441(class_85.java:151) ~[server-intermediary.jar:?]
	at net.minecraft.class_85$class_90.method_424(class_85.java:129) ~[server-intermediary.jar:?]
	at net.minecraft.class_79$class_5337.method_29319(class_79.java:86) ~[server-intermediary.jar:?]
	at net.minecraft.class_79$class_5337.method_517(class_79.java:74) ~[server-intermediary.jar:?]
	at net.minecraft.class_5330$class_5333.deserialize(class_5330.java:102) ~[server-intermediary.jar:?]
	at com.google.gson.internal.bind.TreeTypeAdapter.read(TreeTypeAdapter.java:69) ~[gson-2.8.9.jar:?]
	at com.google.gson.internal.bind.TypeAdapterRuntimeTypeWrapper.read(TypeAdapterRuntimeTypeWrapper.java:41) ~[gson-2.8.9.jar:?]
	at com.google.gson.internal.bind.ArrayTypeAdapter.read(ArrayTypeAdapter.java:72) ~[gson-2.8.9.jar:?]
	at com.google.gson.Gson.fromJson(Gson.java:963) ~[gson-2.8.9.jar:?]
	at com.google.gson.Gson.fromJson(Gson.java:1034) ~[gson-2.8.9.jar:?]
	at com.google.gson.internal.bind.TreeTypeAdapter$GsonContextImpl.deserialize(TreeTypeAdapter.java:162) ~[gson-2.8.9.jar:?]
	at net.minecraft.class_3518.method_15291(class_3518.java:448) ~[server-intermediary.jar:?]
	at net.minecraft.class_3518.method_15272(class_3518.java:456) ~[server-intermediary.jar:?]
	at net.minecraft.class_55$class_57.method_358(class_55.java:173) ~[server-intermediary.jar:?]
	at net.minecraft.class_55$class_57.deserialize(class_55.java:169) ~[server-intermediary.jar:?]
	at com.google.gson.internal.bind.TreeTypeAdapter.read(TreeTypeAdapter.java:69) ~[gson-2.8.9.jar:?]
	at com.google.gson.internal.bind.TypeAdapterRuntimeTypeWrapper.read(TypeAdapterRuntimeTypeWrapper.java:41) ~[gson-2.8.9.jar:?]
	at com.google.gson.internal.bind.ArrayTypeAdapter.read(ArrayTypeAdapter.java:72) ~[gson-2.8.9.jar:?]
	at com.google.gson.Gson.fromJson(Gson.java:963) ~[gson-2.8.9.jar:?]
	at com.google.gson.Gson.fromJson(Gson.java:1034) ~[gson-2.8.9.jar:?]
	at com.google.gson.internal.bind.TreeTypeAdapter$GsonContextImpl.deserialize(TreeTypeAdapter.java:162) ~[gson-2.8.9.jar:?]
	at net.minecraft.class_3518.method_15291(class_3518.java:448) ~[server-intermediary.jar:?]
	at net.minecraft.class_3518.method_15283(class_3518.java:466) ~[server-intermediary.jar:?]
	at net.minecraft.class_52$class_54.method_340(class_52.java:213) ~[server-intermediary.jar:?]
	at net.minecraft.class_52$class_54.deserialize(class_52.java:209) ~[server-intermediary.jar:?]
	at com.google.gson.internal.bind.TreeTypeAdapter.read(TreeTypeAdapter.java:69) ~[gson-2.8.9.jar:?]
	at com.google.gson.Gson.fromJson(Gson.java:963) ~[gson-2.8.9.jar:?]
	at com.google.gson.Gson.fromJson(Gson.java:1034) ~[gson-2.8.9.jar:?]
	at com.google.gson.Gson.fromJson(Gson.java:1006) ~[gson-2.8.9.jar:?]
	at net.minecraft.class_60.method_20711(class_60.java:44) ~[server-intermediary.jar:?]
	at dev.latvian.mods.kubejs.core.LootTablesKJS.applyKJS0(LootTablesKJS.java:39) ~[kubejs-fabric-1802.5.5-build.569.jar:?]
	at net.minecraft.class_60.redirect$ccd000$kubejs$applyKJS(class_60.java:2023) ~[server-intermediary.jar:?]
	at net.minecraft.class_60.method_20712(class_60.java:42) ~[server-intermediary.jar:?]
	at net.minecraft.class_60.method_18788(class_60.java:17) ~[server-intermediary.jar:?]
	at net.minecraft.class_4080.method_18790(class_4080.java:13) ~[server-intermediary.jar:?]
	at java.util.concurrent.CompletableFuture$UniAccept.tryFire(CompletableFuture.java:718) ~[?:?]
	at java.util.concurrent.CompletableFuture$Completion.run(CompletableFuture.java:482) ~[?:?]
	at net.minecraft.class_4014.method_18365(class_4014.java:69) ~[server-intermediary.jar:?]
	at net.minecraft.class_4014.method_18367(class_4014.java:68) ~[server-intermediary.jar:?]
	at java.util.concurrent.CompletableFuture$UniCompletion.claim(CompletableFuture.java:572) ~[?:?]
	at java.util.concurrent.CompletableFuture$UniAccept.tryFire(CompletableFuture.java:714) ~[?:?]
	at java.util.concurrent.CompletableFuture.postComplete(CompletableFuture.java:510) ~[?:?]
	at java.util.concurrent.CompletableFuture.postFire(CompletableFuture.java:614) ~[?:?]
	at java.util.concurrent.CompletableFuture$UniAccept.tryFire(CompletableFuture.java:726) ~[?:?]
	at java.util.concurrent.CompletableFuture$Completion.run(CompletableFuture.java:482) ~[?:?]
	at net.minecraft.class_4014.method_18365(class_4014.java:69) ~[server-intermediary.jar:?]
	at net.minecraft.class_4014.method_18367(class_4014.java:68) ~[server-intermediary.jar:?]
	at java.util.concurrent.CompletableFuture$UniCompletion.claim(CompletableFuture.java:572) [?:?]
	at java.util.concurrent.CompletableFuture$UniAccept.tryFire(CompletableFuture.java:714) [?:?]
	at java.util.concurrent.CompletableFuture.postComplete(CompletableFuture.java:510) [?:?]
	at java.util.concurrent.CompletableFuture$AsyncSupply.run(CompletableFuture.java:1773) [?:?]
	at java.util.concurrent.CompletableFuture$AsyncSupply.exec(CompletableFuture.java:1760) [?:?]
	at java.util.concurrent.ForkJoinTask.doExec(ForkJoinTask.java:373) [?:?]
	at java.util.concurrent.ForkJoinPool$WorkQueue.topLevelExec(ForkJoinPool.java:1182) [?:?]
	at java.util.concurrent.ForkJoinPool.scan(ForkJoinPool.java:1655) [?:?]
	at java.util.concurrent.ForkJoinPool.runWorker(ForkJoinPool.java:1622) [?:?]
	at java.util.concurrent.ForkJoinWorkerThread.run(ForkJoinWorkerThread.java:165) [?:?]
[15:08:23] [Worker-Main-5/ERROR]: Couldn't parse loot table dbe:blocks/hard_air
com.google.gson.JsonSyntaxException: Expected name to be an item, was unknown string 'dbe:hard_air'
	at net.minecraft.class_3518.method_17995(class_3518.java:130) ~[server-intermediary.jar:?]
	at java.util.Optional.orElseThrow(Optional.java:403) ~[?:?]
	at net.minecraft.class_3518.method_15256(class_3518.java:130) ~[server-intermediary.jar:?]
	at net.minecraft.class_3518.method_15288(class_3518.java:138) ~[server-intermediary.jar:?]
	at net.minecraft.class_77$class_78.method_413(class_77.java:55) ~[server-intermediary.jar:?]
	at net.minecraft.class_77$class_78.method_443(class_77.java:40) ~[server-intermediary.jar:?]
	at net.minecraft.class_85$class_90.method_441(class_85.java:151) ~[server-intermediary.jar:?]
	at net.minecraft.class_85$class_90.method_424(class_85.java:129) ~[server-intermediary.jar:?]
	at net.minecraft.class_79$class_5337.method_29319(class_79.java:86) ~[server-intermediary.jar:?]
	at net.minecraft.class_79$class_5337.method_517(class_79.java:74) ~[server-intermediary.jar:?]
	at net.minecraft.class_5330$class_5333.deserialize(class_5330.java:102) ~[server-intermediary.jar:?]
	at com.google.gson.internal.bind.TreeTypeAdapter.read(TreeTypeAdapter.java:69) ~[gson-2.8.9.jar:?]
	at com.google.gson.internal.bind.TypeAdapterRuntimeTypeWrapper.read(TypeAdapterRuntimeTypeWrapper.java:41) ~[gson-2.8.9.jar:?]
	at com.google.gson.internal.bind.ArrayTypeAdapter.read(ArrayTypeAdapter.java:72) ~[gson-2.8.9.jar:?]
	at com.google.gson.Gson.fromJson(Gson.java:963) ~[gson-2.8.9.jar:?]
	at com.google.gson.Gson.fromJson(Gson.java:1034) ~[gson-2.8.9.jar:?]
	at com.google.gson.internal.bind.TreeTypeAdapter$GsonContextImpl.deserialize(TreeTypeAdapter.java:162) ~[gson-2.8.9.jar:?]
	at net.minecraft.class_3518.method_15291(class_3518.java:448) ~[server-intermediary.jar:?]
	at net.minecraft.class_3518.method_15272(class_3518.java:456) ~[server-intermediary.jar:?]
	at net.minecraft.class_55$class_57.method_358(class_55.java:173) ~[server-intermediary.jar:?]
	at net.minecraft.class_55$class_57.deserialize(class_55.java:169) ~[server-intermediary.jar:?]
	at com.google.gson.internal.bind.TreeTypeAdapter.read(TreeTypeAdapter.java:69) ~[gson-2.8.9.jar:?]
	at com.google.gson.internal.bind.TypeAdapterRuntimeTypeWrapper.read(TypeAdapterRuntimeTypeWrapper.java:41) ~[gson-2.8.9.jar:?]
	at com.google.gson.internal.bind.ArrayTypeAdapter.read(ArrayTypeAdapter.java:72) ~[gson-2.8.9.jar:?]
	at com.google.gson.Gson.fromJson(Gson.java:963) ~[gson-2.8.9.jar:?]
	at com.google.gson.Gson.fromJson(Gson.java:1034) ~[gson-2.8.9.jar:?]
	at com.google.gson.internal.bind.TreeTypeAdapter$GsonContextImpl.deserialize(TreeTypeAdapter.java:162) ~[gson-2.8.9.jar:?]
	at net.minecraft.class_3518.method_15291(class_3518.java:448) ~[server-intermediary.jar:?]
	at net.minecraft.class_3518.method_15283(class_3518.java:466) ~[server-intermediary.jar:?]
	at net.minecraft.class_52$class_54.method_340(class_52.java:213) ~[server-intermediary.jar:?]
	at net.minecraft.class_52$class_54.deserialize(class_52.java:209) ~[server-intermediary.jar:?]
	at com.google.gson.internal.bind.TreeTypeAdapter.read(TreeTypeAdapter.java:69) ~[gson-2.8.9.jar:?]
	at com.google.gson.Gson.fromJson(Gson.java:963) ~[gson-2.8.9.jar:?]
	at com.google.gson.Gson.fromJson(Gson.java:1034) ~[gson-2.8.9.jar:?]
	at com.google.gson.Gson.fromJson(Gson.java:1006) ~[gson-2.8.9.jar:?]
	at net.minecraft.class_60.method_20711(class_60.java:44) ~[server-intermediary.jar:?]
	at dev.latvian.mods.kubejs.core.LootTablesKJS.applyKJS0(LootTablesKJS.java:39) ~[kubejs-fabric-1802.5.5-build.569.jar:?]
	at net.minecraft.class_60.redirect$ccd000$kubejs$applyKJS(class_60.java:2023) ~[server-intermediary.jar:?]
	at net.minecraft.class_60.method_20712(class_60.java:42) ~[server-intermediary.jar:?]
	at net.minecraft.class_60.method_18788(class_60.java:17) ~[server-intermediary.jar:?]
	at net.minecraft.class_4080.method_18790(class_4080.java:13) ~[server-intermediary.jar:?]
	at java.util.concurrent.CompletableFuture$UniAccept.tryFire(CompletableFuture.java:718) ~[?:?]
	at java.util.concurrent.CompletableFuture$Completion.run(CompletableFuture.java:482) ~[?:?]
	at net.minecraft.class_4014.method_18365(class_4014.java:69) ~[server-intermediary.jar:?]
	at net.minecraft.class_4014.method_18367(class_4014.java:68) ~[server-intermediary.jar:?]
	at java.util.concurrent.CompletableFuture$UniCompletion.claim(CompletableFuture.java:572) ~[?:?]
	at java.util.concurrent.CompletableFuture$UniAccept.tryFire(CompletableFuture.java:714) ~[?:?]
	at java.util.concurrent.CompletableFuture.postComplete(CompletableFuture.java:510) ~[?:?]
	at java.util.concurrent.CompletableFuture.postFire(CompletableFuture.java:614) ~[?:?]
	at java.util.concurrent.CompletableFuture$UniAccept.tryFire(CompletableFuture.java:726) ~[?:?]
	at java.util.concurrent.CompletableFuture$Completion.run(CompletableFuture.java:482) ~[?:?]
	at net.minecraft.class_4014.method_18365(class_4014.java:69) ~[server-intermediary.jar:?]
	at net.minecraft.class_4014.method_18367(class_4014.java:68) ~[server-intermediary.jar:?]
	at java.util.concurrent.CompletableFuture$UniCompletion.claim(CompletableFuture.java:572) [?:?]
	at java.util.concurrent.CompletableFuture$UniAccept.tryFire(CompletableFuture.java:714) [?:?]
	at java.util.concurrent.CompletableFuture.postComplete(CompletableFuture.java:510) [?:?]
	at java.util.concurrent.CompletableFuture$AsyncSupply.run(CompletableFuture.java:1773) [?:?]
	at java.util.concurrent.CompletableFuture$AsyncSupply.exec(CompletableFuture.java:1760) [?:?]
	at java.util.concurrent.ForkJoinTask.doExec(ForkJoinTask.java:373) [?:?]
	at java.util.concurrent.ForkJoinPool$WorkQueue.topLevelExec(ForkJoinPool.java:1182) [?:?]
	at java.util.concurrent.ForkJoinPool.scan(ForkJoinPool.java:1655) [?:?]
	at java.util.concurrent.ForkJoinPool.runWorker(ForkJoinPool.java:1622) [?:?]
	at java.util.concurrent.ForkJoinWorkerThread.run(ForkJoinWorkerThread.java:165) [?:?]
[15:08:23] [Worker-Main-5/ERROR]: Couldn't parse loot table dbe:blocks/no_entry_sign
com.google.gson.JsonSyntaxException: Expected name to be an item, was unknown string 'dbe:no_entry_sign'
	at net.minecraft.class_3518.method_17995(class_3518.java:130) ~[server-intermediary.jar:?]
	at java.util.Optional.orElseThrow(Optional.java:403) ~[?:?]
	at net.minecraft.class_3518.method_15256(class_3518.java:130) ~[server-intermediary.jar:?]
	at net.minecraft.class_3518.method_15288(class_3518.java:138) ~[server-intermediary.jar:?]
	at net.minecraft.class_77$class_78.method_413(class_77.java:55) ~[server-intermediary.jar:?]
	at net.minecraft.class_77$class_78.method_443(class_77.java:40) ~[server-intermediary.jar:?]
	at net.minecraft.class_85$class_90.method_441(class_85.java:151) ~[server-intermediary.jar:?]
	at net.minecraft.class_85$class_90.method_424(class_85.java:129) ~[server-intermediary.jar:?]
	at net.minecraft.class_79$class_5337.method_29319(class_79.java:86) ~[server-intermediary.jar:?]
	at net.minecraft.class_79$class_5337.method_517(class_79.java:74) ~[server-intermediary.jar:?]
	at net.minecraft.class_5330$class_5333.deserialize(class_5330.java:102) ~[server-intermediary.jar:?]
	at com.google.gson.internal.bind.TreeTypeAdapter.read(TreeTypeAdapter.java:69) ~[gson-2.8.9.jar:?]
	at com.google.gson.internal.bind.TypeAdapterRuntimeTypeWrapper.read(TypeAdapterRuntimeTypeWrapper.java:41) ~[gson-2.8.9.jar:?]
	at com.google.gson.internal.bind.ArrayTypeAdapter.read(ArrayTypeAdapter.java:72) ~[gson-2.8.9.jar:?]
	at com.google.gson.Gson.fromJson(Gson.java:963) ~[gson-2.8.9.jar:?]
	at com.google.gson.Gson.fromJson(Gson.java:1034) ~[gson-2.8.9.jar:?]
	at com.google.gson.internal.bind.TreeTypeAdapter$GsonContextImpl.deserialize(TreeTypeAdapter.java:162) ~[gson-2.8.9.jar:?]
	at net.minecraft.class_3518.method_15291(class_3518.java:448) ~[server-intermediary.jar:?]
	at net.minecraft.class_3518.method_15272(class_3518.java:456) ~[server-intermediary.jar:?]
	at net.minecraft.class_55$class_57.method_358(class_55.java:173) ~[server-intermediary.jar:?]
	at net.minecraft.class_55$class_57.deserialize(class_55.java:169) ~[server-intermediary.jar:?]
	at com.google.gson.internal.bind.TreeTypeAdapter.read(TreeTypeAdapter.java:69) ~[gson-2.8.9.jar:?]
	at com.google.gson.internal.bind.TypeAdapterRuntimeTypeWrapper.read(TypeAdapterRuntimeTypeWrapper.java:41) ~[gson-2.8.9.jar:?]
	at com.google.gson.internal.bind.ArrayTypeAdapter.read(ArrayTypeAdapter.java:72) ~[gson-2.8.9.jar:?]
	at com.google.gson.Gson.fromJson(Gson.java:963) ~[gson-2.8.9.jar:?]
	at com.google.gson.Gson.fromJson(Gson.java:1034) ~[gson-2.8.9.jar:?]
	at com.google.gson.internal.bind.TreeTypeAdapter$GsonContextImpl.deserialize(TreeTypeAdapter.java:162) ~[gson-2.8.9.jar:?]
	at net.minecraft.class_3518.method_15291(class_3518.java:448) ~[server-intermediary.jar:?]
	at net.minecraft.class_3518.method_15283(class_3518.java:466) ~[server-intermediary.jar:?]
	at net.minecraft.class_52$class_54.method_340(class_52.java:213) ~[server-intermediary.jar:?]
	at net.minecraft.class_52$class_54.deserialize(class_52.java:209) ~[server-intermediary.jar:?]
	at com.google.gson.internal.bind.TreeTypeAdapter.read(TreeTypeAdapter.java:69) ~[gson-2.8.9.jar:?]
	at com.google.gson.Gson.fromJson(Gson.java:963) ~[gson-2.8.9.jar:?]
	at com.google.gson.Gson.fromJson(Gson.java:1034) ~[gson-2.8.9.jar:?]
	at com.google.gson.Gson.fromJson(Gson.java:1006) ~[gson-2.8.9.jar:?]
	at net.minecraft.class_60.method_20711(class_60.java:44) ~[server-intermediary.jar:?]
	at dev.latvian.mods.kubejs.core.LootTablesKJS.applyKJS0(LootTablesKJS.java:39) ~[kubejs-fabric-1802.5.5-build.569.jar:?]
	at net.minecraft.class_60.redirect$ccd000$kubejs$applyKJS(class_60.java:2023) ~[server-intermediary.jar:?]
	at net.minecraft.class_60.method_20712(class_60.java:42) ~[server-intermediary.jar:?]
	at net.minecraft.class_60.method_18788(class_60.java:17) ~[server-intermediary.jar:?]
	at net.minecraft.class_4080.method_18790(class_4080.java:13) ~[server-intermediary.jar:?]
	at java.util.concurrent.CompletableFuture$UniAccept.tryFire(CompletableFuture.java:718) ~[?:?]
	at java.util.concurrent.CompletableFuture$Completion.run(CompletableFuture.java:482) ~[?:?]
	at net.minecraft.class_4014.method_18365(class_4014.java:69) ~[server-intermediary.jar:?]
	at net.minecraft.class_4014.method_18367(class_4014.java:68) ~[server-intermediary.jar:?]
	at java.util.concurrent.CompletableFuture$UniCompletion.claim(CompletableFuture.java:572) ~[?:?]
	at java.util.concurrent.CompletableFuture$UniAccept.tryFire(CompletableFuture.java:714) ~[?:?]
	at java.util.concurrent.CompletableFuture.postComplete(CompletableFuture.java:510) ~[?:?]
	at java.util.concurrent.CompletableFuture.postFire(CompletableFuture.java:614) ~[?:?]
	at java.util.concurrent.CompletableFuture$UniAccept.tryFire(CompletableFuture.java:726) ~[?:?]
	at java.util.concurrent.CompletableFuture$Completion.run(CompletableFuture.java:482) ~[?:?]
	at net.minecraft.class_4014.method_18365(class_4014.java:69) ~[server-intermediary.jar:?]
	at net.minecraft.class_4014.method_18367(class_4014.java:68) ~[server-intermediary.jar:?]
	at java.util.concurrent.CompletableFuture$UniCompletion.claim(CompletableFuture.java:572) [?:?]
	at java.util.concurrent.CompletableFuture$UniAccept.tryFire(CompletableFuture.java:714) [?:?]
	at java.util.concurrent.CompletableFuture.postComplete(CompletableFuture.java:510) [?:?]
	at java.util.concurrent.CompletableFuture$AsyncSupply.run(CompletableFuture.java:1773) [?:?]
	at java.util.concurrent.CompletableFuture$AsyncSupply.exec(CompletableFuture.java:1760) [?:?]
	at java.util.concurrent.ForkJoinTask.doExec(ForkJoinTask.java:373) [?:?]
	at java.util.concurrent.ForkJoinPool$WorkQueue.topLevelExec(ForkJoinPool.java:1182) [?:?]
	at java.util.concurrent.ForkJoinPool.scan(ForkJoinPool.java:1655) [?:?]
	at java.util.concurrent.ForkJoinPool.runWorker(ForkJoinPool.java:1622) [?:?]
	at java.util.concurrent.ForkJoinWorkerThread.run(ForkJoinWorkerThread.java:165) [?:?]
[15:08:23] [Worker-Main-5/ERROR]: Couldn't parse loot table dbe:blocks/exit_sign
com.google.gson.JsonSyntaxException: Expected name to be an item, was unknown string 'dbe:exit_sign'
	at net.minecraft.class_3518.method_17995(class_3518.java:130) ~[server-intermediary.jar:?]
	at java.util.Optional.orElseThrow(Optional.java:403) ~[?:?]
	at net.minecraft.class_3518.method_15256(class_3518.java:130) ~[server-intermediary.jar:?]
	at net.minecraft.class_3518.method_15288(class_3518.java:138) ~[server-intermediary.jar:?]
	at net.minecraft.class_77$class_78.method_413(class_77.java:55) ~[server-intermediary.jar:?]
	at net.minecraft.class_77$class_78.method_443(class_77.java:40) ~[server-intermediary.jar:?]
	at net.minecraft.class_85$class_90.method_441(class_85.java:151) ~[server-intermediary.jar:?]
	at net.minecraft.class_85$class_90.method_424(class_85.java:129) ~[server-intermediary.jar:?]
	at net.minecraft.class_79$class_5337.method_29319(class_79.java:86) ~[server-intermediary.jar:?]
	at net.minecraft.class_79$class_5337.method_517(class_79.java:74) ~[server-intermediary.jar:?]
	at net.minecraft.class_5330$class_5333.deserialize(class_5330.java:102) ~[server-intermediary.jar:?]
	at com.google.gson.internal.bind.TreeTypeAdapter.read(TreeTypeAdapter.java:69) ~[gson-2.8.9.jar:?]
	at com.google.gson.internal.bind.TypeAdapterRuntimeTypeWrapper.read(TypeAdapterRuntimeTypeWrapper.java:41) ~[gson-2.8.9.jar:?]
	at com.google.gson.internal.bind.ArrayTypeAdapter.read(ArrayTypeAdapter.java:72) ~[gson-2.8.9.jar:?]
	at com.google.gson.Gson.fromJson(Gson.java:963) ~[gson-2.8.9.jar:?]
	at com.google.gson.Gson.fromJson(Gson.java:1034) ~[gson-2.8.9.jar:?]
	at com.google.gson.internal.bind.TreeTypeAdapter$GsonContextImpl.deserialize(TreeTypeAdapter.java:162) ~[gson-2.8.9.jar:?]
	at net.minecraft.class_3518.method_15291(class_3518.java:448) ~[server-intermediary.jar:?]
	at net.minecraft.class_3518.method_15272(class_3518.java:456) ~[server-intermediary.jar:?]
	at net.minecraft.class_55$class_57.method_358(class_55.java:173) ~[server-intermediary.jar:?]
	at net.minecraft.class_55$class_57.deserialize(class_55.java:169) ~[server-intermediary.jar:?]
	at com.google.gson.internal.bind.TreeTypeAdapter.read(TreeTypeAdapter.java:69) ~[gson-2.8.9.jar:?]
	at com.google.gson.internal.bind.TypeAdapterRuntimeTypeWrapper.read(TypeAdapterRuntimeTypeWrapper.java:41) ~[gson-2.8.9.jar:?]
	at com.google.gson.internal.bind.ArrayTypeAdapter.read(ArrayTypeAdapter.java:72) ~[gson-2.8.9.jar:?]
	at com.google.gson.Gson.fromJson(Gson.java:963) ~[gson-2.8.9.jar:?]
	at com.google.gson.Gson.fromJson(Gson.java:1034) ~[gson-2.8.9.jar:?]
	at com.google.gson.internal.bind.TreeTypeAdapter$GsonContextImpl.deserialize(TreeTypeAdapter.java:162) ~[gson-2.8.9.jar:?]
	at net.minecraft.class_3518.method_15291(class_3518.java:448) ~[server-intermediary.jar:?]
	at net.minecraft.class_3518.method_15283(class_3518.java:466) ~[server-intermediary.jar:?]
	at net.minecraft.class_52$class_54.method_340(class_52.java:213) ~[server-intermediary.jar:?]
	at net.minecraft.class_52$class_54.deserialize(class_52.java:209) ~[server-intermediary.jar:?]
	at com.google.gson.internal.bind.TreeTypeAdapter.read(TreeTypeAdapter.java:69) ~[gson-2.8.9.jar:?]
	at com.google.gson.Gson.fromJson(Gson.java:963) ~[gson-2.8.9.jar:?]
	at com.google.gson.Gson.fromJson(Gson.java:1034) ~[gson-2.8.9.jar:?]
	at com.google.gson.Gson.fromJson(Gson.java:1006) ~[gson-2.8.9.jar:?]
	at net.minecraft.class_60.method_20711(class_60.java:44) ~[server-intermediary.jar:?]
	at dev.latvian.mods.kubejs.core.LootTablesKJS.applyKJS0(LootTablesKJS.java:39) ~[kubejs-fabric-1802.5.5-build.569.jar:?]
	at net.minecraft.class_60.redirect$ccd000$kubejs$applyKJS(class_60.java:2023) ~[server-intermediary.jar:?]
	at net.minecraft.class_60.method_20712(class_60.java:42) ~[server-intermediary.jar:?]
	at net.minecraft.class_60.method_18788(class_60.java:17) ~[server-intermediary.jar:?]
	at net.minecraft.class_4080.method_18790(class_4080.java:13) ~[server-intermediary.jar:?]
	at java.util.concurrent.CompletableFuture$UniAccept.tryFire(CompletableFuture.java:718) ~[?:?]
	at java.util.concurrent.CompletableFuture$Completion.run(CompletableFuture.java:482) ~[?:?]
	at net.minecraft.class_4014.method_18365(class_4014.java:69) ~[server-intermediary.jar:?]
	at net.minecraft.class_4014.method_18367(class_4014.java:68) ~[server-intermediary.jar:?]
	at java.util.concurrent.CompletableFuture$UniCompletion.claim(CompletableFuture.java:572) ~[?:?]
	at java.util.concurrent.CompletableFuture$UniAccept.tryFire(CompletableFuture.java:714) ~[?:?]
	at java.util.concurrent.CompletableFuture.postComplete(CompletableFuture.java:510) ~[?:?]
	at java.util.concurrent.CompletableFuture.postFire(CompletableFuture.java:614) ~[?:?]
	at java.util.concurrent.CompletableFuture$UniAccept.tryFire(CompletableFuture.java:726) ~[?:?]
	at java.util.concurrent.CompletableFuture$Completion.run(CompletableFuture.java:482) ~[?:?]
	at net.minecraft.class_4014.method_18365(class_4014.java:69) ~[server-intermediary.jar:?]
	at net.minecraft.class_4014.method_18367(class_4014.java:68) ~[server-intermediary.jar:?]
	at java.util.concurrent.CompletableFuture$UniCompletion.claim(CompletableFuture.java:572) [?:?]
	at java.util.concurrent.CompletableFuture$UniAccept.tryFire(CompletableFuture.java:714) [?:?]
	at java.util.concurrent.CompletableFuture.postComplete(CompletableFuture.java:510) [?:?]
	at java.util.concurrent.CompletableFuture$AsyncSupply.run(CompletableFuture.java:1773) [?:?]
	at java.util.concurrent.CompletableFuture$AsyncSupply.exec(CompletableFuture.java:1760) [?:?]
	at java.util.concurrent.ForkJoinTask.doExec(ForkJoinTask.java:373) [?:?]
	at java.util.concurrent.ForkJoinPool$WorkQueue.topLevelExec(ForkJoinPool.java:1182) [?:?]
	at java.util.concurrent.ForkJoinPool.scan(ForkJoinPool.java:1655) [?:?]
	at java.util.concurrent.ForkJoinPool.runWorker(ForkJoinPool.java:1622) [?:?]
	at java.util.concurrent.ForkJoinWorkerThread.run(ForkJoinWorkerThread.java:165) [?:?]
[15:08:23] [Worker-Main-5/ERROR]: Couldn't parse loot table dbe:blocks/isolinear_middle_red
com.google.gson.JsonSyntaxException: Expected name to be an item, was unknown string 'dbe:isolinear_middle_red'
	at net.minecraft.class_3518.method_17995(class_3518.java:130) ~[server-intermediary.jar:?]
	at java.util.Optional.orElseThrow(Optional.java:403) ~[?:?]
	at net.minecraft.class_3518.method_15256(class_3518.java:130) ~[server-intermediary.jar:?]
	at net.minecraft.class_3518.method_15288(class_3518.java:138) ~[server-intermediary.jar:?]
	at net.minecraft.class_77$class_78.method_413(class_77.java:55) ~[server-intermediary.jar:?]
	at net.minecraft.class_77$class_78.method_443(class_77.java:40) ~[server-intermediary.jar:?]
	at net.minecraft.class_85$class_90.method_441(class_85.java:151) ~[server-intermediary.jar:?]
	at net.minecraft.class_85$class_90.method_424(class_85.java:129) ~[server-intermediary.jar:?]
	at net.minecraft.class_79$class_5337.method_29319(class_79.java:86) ~[server-intermediary.jar:?]
	at net.minecraft.class_79$class_5337.method_517(class_79.java:74) ~[server-intermediary.jar:?]
	at net.minecraft.class_5330$class_5333.deserialize(class_5330.java:102) ~[server-intermediary.jar:?]
	at com.google.gson.internal.bind.TreeTypeAdapter.read(TreeTypeAdapter.java:69) ~[gson-2.8.9.jar:?]
	at com.google.gson.internal.bind.TypeAdapterRuntimeTypeWrapper.read(TypeAdapterRuntimeTypeWrapper.java:41) ~[gson-2.8.9.jar:?]
	at com.google.gson.internal.bind.ArrayTypeAdapter.read(ArrayTypeAdapter.java:72) ~[gson-2.8.9.jar:?]
	at com.google.gson.Gson.fromJson(Gson.java:963) ~[gson-2.8.9.jar:?]
	at com.google.gson.Gson.fromJson(Gson.java:1034) ~[gson-2.8.9.jar:?]
	at com.google.gson.internal.bind.TreeTypeAdapter$GsonContextImpl.deserialize(TreeTypeAdapter.java:162) ~[gson-2.8.9.jar:?]
	at net.minecraft.class_3518.method_15291(class_3518.java:448) ~[server-intermediary.jar:?]
	at net.minecraft.class_3518.method_15272(class_3518.java:456) ~[server-intermediary.jar:?]
	at net.minecraft.class_55$class_57.method_358(class_55.java:173) ~[server-intermediary.jar:?]
	at net.minecraft.class_55$class_57.deserialize(class_55.java:169) ~[server-intermediary.jar:?]
	at com.google.gson.internal.bind.TreeTypeAdapter.read(TreeTypeAdapter.java:69) ~[gson-2.8.9.jar:?]
	at com.google.gson.internal.bind.TypeAdapterRuntimeTypeWrapper.read(TypeAdapterRuntimeTypeWrapper.java:41) ~[gson-2.8.9.jar:?]
	at com.google.gson.internal.bind.ArrayTypeAdapter.read(ArrayTypeAdapter.java:72) ~[gson-2.8.9.jar:?]
	at com.google.gson.Gson.fromJson(Gson.java:963) ~[gson-2.8.9.jar:?]
	at com.google.gson.Gson.fromJson(Gson.java:1034) ~[gson-2.8.9.jar:?]
	at com.google.gson.internal.bind.TreeTypeAdapter$GsonContextImpl.deserialize(TreeTypeAdapter.java:162) ~[gson-2.8.9.jar:?]
	at net.minecraft.class_3518.method_15291(class_3518.java:448) ~[server-intermediary.jar:?]
	at net.minecraft.class_3518.method_15283(class_3518.java:466) ~[server-intermediary.jar:?]
	at net.minecraft.class_52$class_54.method_340(class_52.java:213) ~[server-intermediary.jar:?]
	at net.minecraft.class_52$class_54.deserialize(class_52.java:209) ~[server-intermediary.jar:?]
	at com.google.gson.internal.bind.TreeTypeAdapter.read(TreeTypeAdapter.java:69) ~[gson-2.8.9.jar:?]
	at com.google.gson.Gson.fromJson(Gson.java:963) ~[gson-2.8.9.jar:?]
	at com.google.gson.Gson.fromJson(Gson.java:1034) ~[gson-2.8.9.jar:?]
	at com.google.gson.Gson.fromJson(Gson.java:1006) ~[gson-2.8.9.jar:?]
	at net.minecraft.class_60.method_20711(class_60.java:44) ~[server-intermediary.jar:?]
	at dev.latvian.mods.kubejs.core.LootTablesKJS.applyKJS0(LootTablesKJS.java:39) ~[kubejs-fabric-1802.5.5-build.569.jar:?]
	at net.minecraft.class_60.redirect$ccd000$kubejs$applyKJS(class_60.java:2023) ~[server-intermediary.jar:?]
	at net.minecraft.class_60.method_20712(class_60.java:42) ~[server-intermediary.jar:?]
	at net.minecraft.class_60.method_18788(class_60.java:17) ~[server-intermediary.jar:?]
	at net.minecraft.class_4080.method_18790(class_4080.java:13) ~[server-intermediary.jar:?]
	at java.util.concurrent.CompletableFuture$UniAccept.tryFire(CompletableFuture.java:718) ~[?:?]
	at java.util.concurrent.CompletableFuture$Completion.run(CompletableFuture.java:482) ~[?:?]
	at net.minecraft.class_4014.method_18365(class_4014.java:69) ~[server-intermediary.jar:?]
	at net.minecraft.class_4014.method_18367(class_4014.java:68) ~[server-intermediary.jar:?]
	at java.util.concurrent.CompletableFuture$UniCompletion.claim(CompletableFuture.java:572) ~[?:?]
	at java.util.concurrent.CompletableFuture$UniAccept.tryFire(CompletableFuture.java:714) ~[?:?]
	at java.util.concurrent.CompletableFuture.postComplete(CompletableFuture.java:510) ~[?:?]
	at java.util.concurrent.CompletableFuture.postFire(CompletableFuture.java:614) ~[?:?]
	at java.util.concurrent.CompletableFuture$UniAccept.tryFire(CompletableFuture.java:726) ~[?:?]
	at java.util.concurrent.CompletableFuture$Completion.run(CompletableFuture.java:482) ~[?:?]
	at net.minecraft.class_4014.method_18365(class_4014.java:69) ~[server-intermediary.jar:?]
	at net.minecraft.class_4014.method_18367(class_4014.java:68) ~[server-intermediary.jar:?]
	at java.util.concurrent.CompletableFuture$UniCompletion.claim(CompletableFuture.java:572) [?:?]
	at java.util.concurrent.CompletableFuture$UniAccept.tryFire(CompletableFuture.java:714) [?:?]
	at java.util.concurrent.CompletableFuture.postComplete(CompletableFuture.java:510) [?:?]
	at java.util.concurrent.CompletableFuture$AsyncSupply.run(CompletableFuture.java:1773) [?:?]
	at java.util.concurrent.CompletableFuture$AsyncSupply.exec(CompletableFuture.java:1760) [?:?]
	at java.util.concurrent.ForkJoinTask.doExec(ForkJoinTask.java:373) [?:?]
	at java.util.concurrent.ForkJoinPool$WorkQueue.topLevelExec(ForkJoinPool.java:1182) [?:?]
	at java.util.concurrent.ForkJoinPool.scan(ForkJoinPool.java:1655) [?:?]
	at java.util.concurrent.ForkJoinPool.runWorker(ForkJoinPool.java:1622) [?:?]
	at java.util.concurrent.ForkJoinWorkerThread.run(ForkJoinWorkerThread.java:165) [?:?]
[15:08:23] [Worker-Main-5/ERROR]: Couldn't parse loot table dbe:blocks/green_light_off
com.google.gson.JsonSyntaxException: Expected name to be an item, was unknown string 'dbe:green_light_off'
	at net.minecraft.class_3518.method_17995(class_3518.java:130) ~[server-intermediary.jar:?]
	at java.util.Optional.orElseThrow(Optional.java:403) ~[?:?]
	at net.minecraft.class_3518.method_15256(class_3518.java:130) ~[server-intermediary.jar:?]
	at net.minecraft.class_3518.method_15288(class_3518.java:138) ~[server-intermediary.jar:?]
	at net.minecraft.class_77$class_78.method_413(class_77.java:55) ~[server-intermediary.jar:?]
	at net.minecraft.class_77$class_78.method_443(class_77.java:40) ~[server-intermediary.jar:?]
	at net.minecraft.class_85$class_90.method_441(class_85.java:151) ~[server-intermediary.jar:?]
	at net.minecraft.class_85$class_90.method_424(class_85.java:129) ~[server-intermediary.jar:?]
	at net.minecraft.class_79$class_5337.method_29319(class_79.java:86) ~[server-intermediary.jar:?]
	at net.minecraft.class_79$class_5337.method_517(class_79.java:74) ~[server-intermediary.jar:?]
	at net.minecraft.class_5330$class_5333.deserialize(class_5330.java:102) ~[server-intermediary.jar:?]
	at com.google.gson.internal.bind.TreeTypeAdapter.read(TreeTypeAdapter.java:69) ~[gson-2.8.9.jar:?]
	at com.google.gson.internal.bind.TypeAdapterRuntimeTypeWrapper.read(TypeAdapterRuntimeTypeWrapper.java:41) ~[gson-2.8.9.jar:?]
	at com.google.gson.internal.bind.ArrayTypeAdapter.read(ArrayTypeAdapter.java:72) ~[gson-2.8.9.jar:?]
	at com.google.gson.Gson.fromJson(Gson.java:963) ~[gson-2.8.9.jar:?]
	at com.google.gson.Gson.fromJson(Gson.java:1034) ~[gson-2.8.9.jar:?]
	at com.google.gson.internal.bind.TreeTypeAdapter$GsonContextImpl.deserialize(TreeTypeAdapter.java:162) ~[gson-2.8.9.jar:?]
	at net.minecraft.class_3518.method_15291(class_3518.java:448) ~[server-intermediary.jar:?]
	at net.minecraft.class_3518.method_15272(class_3518.java:456) ~[server-intermediary.jar:?]
	at net.minecraft.class_55$class_57.method_358(class_55.java:173) ~[server-intermediary.jar:?]
	at net.minecraft.class_55$class_57.deserialize(class_55.java:169) ~[server-intermediary.jar:?]
	at com.google.gson.internal.bind.TreeTypeAdapter.read(TreeTypeAdapter.java:69) ~[gson-2.8.9.jar:?]
	at com.google.gson.internal.bind.TypeAdapterRuntimeTypeWrapper.read(TypeAdapterRuntimeTypeWrapper.java:41) ~[gson-2.8.9.jar:?]
	at com.google.gson.internal.bind.ArrayTypeAdapter.read(ArrayTypeAdapter.java:72) ~[gson-2.8.9.jar:?]
	at com.google.gson.Gson.fromJson(Gson.java:963) ~[gson-2.8.9.jar:?]
	at com.google.gson.Gson.fromJson(Gson.java:1034) ~[gson-2.8.9.jar:?]
	at com.google.gson.internal.bind.TreeTypeAdapter$GsonContextImpl.deserialize(TreeTypeAdapter.java:162) ~[gson-2.8.9.jar:?]
	at net.minecraft.class_3518.method_15291(class_3518.java:448) ~[server-intermediary.jar:?]
	at net.minecraft.class_3518.method_15283(class_3518.java:466) ~[server-intermediary.jar:?]
	at net.minecraft.class_52$class_54.method_340(class_52.java:213) ~[server-intermediary.jar:?]
	at net.minecraft.class_52$class_54.deserialize(class_52.java:209) ~[server-intermediary.jar:?]
	at com.google.gson.internal.bind.TreeTypeAdapter.read(TreeTypeAdapter.java:69) ~[gson-2.8.9.jar:?]
	at com.google.gson.Gson.fromJson(Gson.java:963) ~[gson-2.8.9.jar:?]
	at com.google.gson.Gson.fromJson(Gson.java:1034) ~[gson-2.8.9.jar:?]
	at com.google.gson.Gson.fromJson(Gson.java:1006) ~[gson-2.8.9.jar:?]
	at net.minecraft.class_60.method_20711(class_60.java:44) ~[server-intermediary.jar:?]
	at dev.latvian.mods.kubejs.core.LootTablesKJS.applyKJS0(LootTablesKJS.java:39) ~[kubejs-fabric-1802.5.5-build.569.jar:?]
	at net.minecraft.class_60.redirect$ccd000$kubejs$applyKJS(class_60.java:2023) ~[server-intermediary.jar:?]
	at net.minecraft.class_60.method_20712(class_60.java:42) ~[server-intermediary.jar:?]
	at net.minecraft.class_60.method_18788(class_60.java:17) ~[server-intermediary.jar:?]
	at net.minecraft.class_4080.method_18790(class_4080.java:13) ~[server-intermediary.jar:?]
	at java.util.concurrent.CompletableFuture$UniAccept.tryFire(CompletableFuture.java:718) ~[?:?]
	at java.util.concurrent.CompletableFuture$Completion.run(CompletableFuture.java:482) ~[?:?]
	at net.minecraft.class_4014.method_18365(class_4014.java:69) ~[server-intermediary.jar:?]
	at net.minecraft.class_4014.method_18367(class_4014.java:68) ~[server-intermediary.jar:?]
	at java.util.concurrent.CompletableFuture$UniCompletion.claim(CompletableFuture.java:572) ~[?:?]
	at java.util.concurrent.CompletableFuture$UniAccept.tryFire(CompletableFuture.java:714) ~[?:?]
	at java.util.concurrent.CompletableFuture.postComplete(CompletableFuture.java:510) ~[?:?]
	at java.util.concurrent.CompletableFuture.postFire(CompletableFuture.java:614) ~[?:?]
	at java.util.concurrent.CompletableFuture$UniAccept.tryFire(CompletableFuture.java:726) ~[?:?]
	at java.util.concurrent.CompletableFuture$Completion.run(CompletableFuture.java:482) ~[?:?]
	at net.minecraft.class_4014.method_18365(class_4014.java:69) ~[server-intermediary.jar:?]
	at net.minecraft.class_4014.method_18367(class_4014.java:68) ~[server-intermediary.jar:?]
	at java.util.concurrent.CompletableFuture$UniCompletion.claim(CompletableFuture.java:572) [?:?]
	at java.util.concurrent.CompletableFuture$UniAccept.tryFire(CompletableFuture.java:714) [?:?]
	at java.util.concurrent.CompletableFuture.postComplete(CompletableFuture.java:510) [?:?]
	at java.util.concurrent.CompletableFuture$AsyncSupply.run(CompletableFuture.java:1773) [?:?]
	at java.util.concurrent.CompletableFuture$AsyncSupply.exec(CompletableFuture.java:1760) [?:?]
	at java.util.concurrent.ForkJoinTask.doExec(ForkJoinTask.java:373) [?:?]
	at java.util.concurrent.ForkJoinPool$WorkQueue.topLevelExec(ForkJoinPool.java:1182) [?:?]
	at java.util.concurrent.ForkJoinPool.scan(ForkJoinPool.java:1655) [?:?]
	at java.util.concurrent.ForkJoinPool.runWorker(ForkJoinPool.java:1622) [?:?]
	at java.util.concurrent.ForkJoinWorkerThread.run(ForkJoinWorkerThread.java:165) [?:?]
[15:08:24] [Worker-Main-5/ERROR]: Couldn't parse loot table dbe:blocks/log_pile_chair
com.google.gson.JsonSyntaxException: Expected name to be an item, was unknown string 'dbe:log_pile_chair'
	at net.minecraft.class_3518.method_17995(class_3518.java:130) ~[server-intermediary.jar:?]
	at java.util.Optional.orElseThrow(Optional.java:403) ~[?:?]
	at net.minecraft.class_3518.method_15256(class_3518.java:130) ~[server-intermediary.jar:?]
	at net.minecraft.class_3518.method_15288(class_3518.java:138) ~[server-intermediary.jar:?]
	at net.minecraft.class_77$class_78.method_413(class_77.java:55) ~[server-intermediary.jar:?]
	at net.minecraft.class_77$class_78.method_443(class_77.java:40) ~[server-intermediary.jar:?]
	at net.minecraft.class_85$class_90.method_441(class_85.java:151) ~[server-intermediary.jar:?]
	at net.minecraft.class_85$class_90.method_424(class_85.java:129) ~[server-intermediary.jar:?]
	at net.minecraft.class_79$class_5337.method_29319(class_79.java:86) ~[server-intermediary.jar:?]
	at net.minecraft.class_79$class_5337.method_517(class_79.java:74) ~[server-intermediary.jar:?]
	at net.minecraft.class_5330$class_5333.deserialize(class_5330.java:102) ~[server-intermediary.jar:?]
	at com.google.gson.internal.bind.TreeTypeAdapter.read(TreeTypeAdapter.java:69) ~[gson-2.8.9.jar:?]
	at com.google.gson.internal.bind.TypeAdapterRuntimeTypeWrapper.read(TypeAdapterRuntimeTypeWrapper.java:41) ~[gson-2.8.9.jar:?]
	at com.google.gson.internal.bind.ArrayTypeAdapter.read(ArrayTypeAdapter.java:72) ~[gson-2.8.9.jar:?]
	at com.google.gson.Gson.fromJson(Gson.java:963) ~[gson-2.8.9.jar:?]
	at com.google.gson.Gson.fromJson(Gson.java:1034) ~[gson-2.8.9.jar:?]
	at com.google.gson.internal.bind.TreeTypeAdapter$GsonContextImpl.deserialize(TreeTypeAdapter.java:162) ~[gson-2.8.9.jar:?]
	at net.minecraft.class_3518.method_15291(class_3518.java:448) ~[server-intermediary.jar:?]
	at net.minecraft.class_3518.method_15272(class_3518.java:456) ~[server-intermediary.jar:?]
	at net.minecraft.class_55$class_57.method_358(class_55.java:173) ~[server-intermediary.jar:?]
	at net.minecraft.class_55$class_57.deserialize(class_55.java:169) ~[server-intermediary.jar:?]
	at com.google.gson.internal.bind.TreeTypeAdapter.read(TreeTypeAdapter.java:69) ~[gson-2.8.9.jar:?]
	at com.google.gson.internal.bind.TypeAdapterRuntimeTypeWrapper.read(TypeAdapterRuntimeTypeWrapper.java:41) ~[gson-2.8.9.jar:?]
	at com.google.gson.internal.bind.ArrayTypeAdapter.read(ArrayTypeAdapter.java:72) ~[gson-2.8.9.jar:?]
	at com.google.gson.Gson.fromJson(Gson.java:963) ~[gson-2.8.9.jar:?]
	at com.google.gson.Gson.fromJson(Gson.java:1034) ~[gson-2.8.9.jar:?]
	at com.google.gson.internal.bind.TreeTypeAdapter$GsonContextImpl.deserialize(TreeTypeAdapter.java:162) ~[gson-2.8.9.jar:?]
	at net.minecraft.class_3518.method_15291(class_3518.java:448) ~[server-intermediary.jar:?]
	at net.minecraft.class_3518.method_15283(class_3518.java:466) ~[server-intermediary.jar:?]
	at net.minecraft.class_52$class_54.method_340(class_52.java:213) ~[server-intermediary.jar:?]
	at net.minecraft.class_52$class_54.deserialize(class_52.java:209) ~[server-intermediary.jar:?]
	at com.google.gson.internal.bind.TreeTypeAdapter.read(TreeTypeAdapter.java:69) ~[gson-2.8.9.jar:?]
	at com.google.gson.Gson.fromJson(Gson.java:963) ~[gson-2.8.9.jar:?]
	at com.google.gson.Gson.fromJson(Gson.java:1034) ~[gson-2.8.9.jar:?]
	at com.google.gson.Gson.fromJson(Gson.java:1006) ~[gson-2.8.9.jar:?]
	at net.minecraft.class_60.method_20711(class_60.java:44) ~[server-intermediary.jar:?]
	at dev.latvian.mods.kubejs.core.LootTablesKJS.applyKJS0(LootTablesKJS.java:39) ~[kubejs-fabric-1802.5.5-build.569.jar:?]
	at net.minecraft.class_60.redirect$ccd000$kubejs$applyKJS(class_60.java:2023) ~[server-intermediary.jar:?]
	at net.minecraft.class_60.method_20712(class_60.java:42) ~[server-intermediary.jar:?]
	at net.minecraft.class_60.method_18788(class_60.java:17) ~[server-intermediary.jar:?]
	at net.minecraft.class_4080.method_18790(class_4080.java:13) ~[server-intermediary.jar:?]
	at java.util.concurrent.CompletableFuture$UniAccept.tryFire(CompletableFuture.java:718) ~[?:?]
	at java.util.concurrent.CompletableFuture$Completion.run(CompletableFuture.java:482) ~[?:?]
	at net.minecraft.class_4014.method_18365(class_4014.java:69) ~[server-intermediary.jar:?]
	at net.minecraft.class_4014.method_18367(class_4014.java:68) ~[server-intermediary.jar:?]
	at java.util.concurrent.CompletableFuture$UniCompletion.claim(CompletableFuture.java:572) ~[?:?]
	at java.util.concurrent.CompletableFuture$UniAccept.tryFire(CompletableFuture.java:714) ~[?:?]
	at java.util.concurrent.CompletableFuture.postComplete(CompletableFuture.java:510) ~[?:?]
	at java.util.concurrent.CompletableFuture.postFire(CompletableFuture.java:614) ~[?:?]
	at java.util.concurrent.CompletableFuture$UniAccept.tryFire(CompletableFuture.java:726) ~[?:?]
	at java.util.concurrent.CompletableFuture$Completion.run(CompletableFuture.java:482) ~[?:?]
	at net.minecraft.class_4014.method_18365(class_4014.java:69) ~[server-intermediary.jar:?]
	at net.minecraft.class_4014.method_18367(class_4014.java:68) ~[server-intermediary.jar:?]
	at java.util.concurrent.CompletableFuture$UniCompletion.claim(CompletableFuture.java:572) [?:?]
	at java.util.concurrent.CompletableFuture$UniAccept.tryFire(CompletableFuture.java:714) [?:?]
	at java.util.concurrent.CompletableFuture.postComplete(CompletableFuture.java:510) [?:?]
	at java.util.concurrent.CompletableFuture$AsyncSupply.run(CompletableFuture.java:1773) [?:?]
	at java.util.concurrent.CompletableFuture$AsyncSupply.exec(CompletableFuture.java:1760) [?:?]
	at java.util.concurrent.ForkJoinTask.doExec(ForkJoinTask.java:373) [?:?]
	at java.util.concurrent.ForkJoinPool$WorkQueue.topLevelExec(ForkJoinPool.java:1182) [?:?]
	at java.util.concurrent.ForkJoinPool.scan(ForkJoinPool.java:1655) [?:?]
	at java.util.concurrent.ForkJoinPool.runWorker(ForkJoinPool.java:1622) [?:?]
	at java.util.concurrent.ForkJoinWorkerThread.run(ForkJoinWorkerThread.java:165) [?:?]
[15:08:24] [Worker-Main-5/ERROR]: Couldn't parse loot table dbe:blocks/isolinear_front_blue
com.google.gson.JsonSyntaxException: Expected name to be an item, was unknown string 'dbe:isolinear_front_blue'
	at net.minecraft.class_3518.method_17995(class_3518.java:130) ~[server-intermediary.jar:?]
	at java.util.Optional.orElseThrow(Optional.java:403) ~[?:?]
	at net.minecraft.class_3518.method_15256(class_3518.java:130) ~[server-intermediary.jar:?]
	at net.minecraft.class_3518.method_15288(class_3518.java:138) ~[server-intermediary.jar:?]
	at net.minecraft.class_77$class_78.method_413(class_77.java:55) ~[server-intermediary.jar:?]
	at net.minecraft.class_77$class_78.method_443(class_77.java:40) ~[server-intermediary.jar:?]
	at net.minecraft.class_85$class_90.method_441(class_85.java:151) ~[server-intermediary.jar:?]
	at net.minecraft.class_85$class_90.method_424(class_85.java:129) ~[server-intermediary.jar:?]
	at net.minecraft.class_79$class_5337.method_29319(class_79.java:86) ~[server-intermediary.jar:?]
	at net.minecraft.class_79$class_5337.method_517(class_79.java:74) ~[server-intermediary.jar:?]
	at net.minecraft.class_5330$class_5333.deserialize(class_5330.java:102) ~[server-intermediary.jar:?]
	at com.google.gson.internal.bind.TreeTypeAdapter.read(TreeTypeAdapter.java:69) ~[gson-2.8.9.jar:?]
	at com.google.gson.internal.bind.TypeAdapterRuntimeTypeWrapper.read(TypeAdapterRuntimeTypeWrapper.java:41) ~[gson-2.8.9.jar:?]
	at com.google.gson.internal.bind.ArrayTypeAdapter.read(ArrayTypeAdapter.java:72) ~[gson-2.8.9.jar:?]
	at com.google.gson.Gson.fromJson(Gson.java:963) ~[gson-2.8.9.jar:?]
	at com.google.gson.Gson.fromJson(Gson.java:1034) ~[gson-2.8.9.jar:?]
	at com.google.gson.internal.bind.TreeTypeAdapter$GsonContextImpl.deserialize(TreeTypeAdapter.java:162) ~[gson-2.8.9.jar:?]
	at net.minecraft.class_3518.method_15291(class_3518.java:448) ~[server-intermediary.jar:?]
	at net.minecraft.class_3518.method_15272(class_3518.java:456) ~[server-intermediary.jar:?]
	at net.minecraft.class_55$class_57.method_358(class_55.java:173) ~[server-intermediary.jar:?]
	at net.minecraft.class_55$class_57.deserialize(class_55.java:169) ~[server-intermediary.jar:?]
	at com.google.gson.internal.bind.TreeTypeAdapter.read(TreeTypeAdapter.java:69) ~[gson-2.8.9.jar:?]
	at com.google.gson.internal.bind.TypeAdapterRuntimeTypeWrapper.read(TypeAdapterRuntimeTypeWrapper.java:41) ~[gson-2.8.9.jar:?]
	at com.google.gson.internal.bind.ArrayTypeAdapter.read(ArrayTypeAdapter.java:72) ~[gson-2.8.9.jar:?]
	at com.google.gson.Gson.fromJson(Gson.java:963) ~[gson-2.8.9.jar:?]
	at com.google.gson.Gson.fromJson(Gson.java:1034) ~[gson-2.8.9.jar:?]
	at com.google.gson.internal.bind.TreeTypeAdapter$GsonContextImpl.deserialize(TreeTypeAdapter.java:162) ~[gson-2.8.9.jar:?]
	at net.minecraft.class_3518.method_15291(class_3518.java:448) ~[server-intermediary.jar:?]
	at net.minecraft.class_3518.method_15283(class_3518.java:466) ~[server-intermediary.jar:?]
	at net.minecraft.class_52$class_54.method_340(class_52.java:213) ~[server-intermediary.jar:?]
	at net.minecraft.class_52$class_54.deserialize(class_52.java:209) ~[server-intermediary.jar:?]
	at com.google.gson.internal.bind.TreeTypeAdapter.read(TreeTypeAdapter.java:69) ~[gson-2.8.9.jar:?]
	at com.google.gson.Gson.fromJson(Gson.java:963) ~[gson-2.8.9.jar:?]
	at com.google.gson.Gson.fromJson(Gson.java:1034) ~[gson-2.8.9.jar:?]
	at com.google.gson.Gson.fromJson(Gson.java:1006) ~[gson-2.8.9.jar:?]
	at net.minecraft.class_60.method_20711(class_60.java:44) ~[server-intermediary.jar:?]
	at dev.latvian.mods.kubejs.core.LootTablesKJS.applyKJS0(LootTablesKJS.java:39) ~[kubejs-fabric-1802.5.5-build.569.jar:?]
	at net.minecraft.class_60.redirect$ccd000$kubejs$applyKJS(class_60.java:2023) ~[server-intermediary.jar:?]
	at net.minecraft.class_60.method_20712(class_60.java:42) ~[server-intermediary.jar:?]
	at net.minecraft.class_60.method_18788(class_60.java:17) ~[server-intermediary.jar:?]
	at net.minecraft.class_4080.method_18790(class_4080.java:13) ~[server-intermediary.jar:?]
	at java.util.concurrent.CompletableFuture$UniAccept.tryFire(CompletableFuture.java:718) ~[?:?]
	at java.util.concurrent.CompletableFuture$Completion.run(CompletableFuture.java:482) ~[?:?]
	at net.minecraft.class_4014.method_18365(class_4014.java:69) ~[server-intermediary.jar:?]
	at net.minecraft.class_4014.method_18367(class_4014.java:68) ~[server-intermediary.jar:?]
	at java.util.concurrent.CompletableFuture$UniCompletion.claim(CompletableFuture.java:572) ~[?:?]
	at java.util.concurrent.CompletableFuture$UniAccept.tryFire(CompletableFuture.java:714) ~[?:?]
	at java.util.concurrent.CompletableFuture.postComplete(CompletableFuture.java:510) ~[?:?]
	at java.util.concurrent.CompletableFuture.postFire(CompletableFuture.java:614) ~[?:?]
	at java.util.concurrent.CompletableFuture$UniAccept.tryFire(CompletableFuture.java:726) ~[?:?]
	at java.util.concurrent.CompletableFuture$Completion.run(CompletableFuture.java:482) ~[?:?]
	at net.minecraft.class_4014.method_18365(class_4014.java:69) ~[server-intermediary.jar:?]
	at net.minecraft.class_4014.method_18367(class_4014.java:68) ~[server-intermediary.jar:?]
	at java.util.concurrent.CompletableFuture$UniCompletion.claim(CompletableFuture.java:572) [?:?]
	at java.util.concurrent.CompletableFuture$UniAccept.tryFire(CompletableFuture.java:714) [?:?]
	at java.util.concurrent.CompletableFuture.postComplete(CompletableFuture.java:510) [?:?]
	at java.util.concurrent.CompletableFuture$AsyncSupply.run(CompletableFuture.java:1773) [?:?]
	at java.util.concurrent.CompletableFuture$AsyncSupply.exec(CompletableFuture.java:1760) [?:?]
	at java.util.concurrent.ForkJoinTask.doExec(ForkJoinTask.java:373) [?:?]
	at java.util.concurrent.ForkJoinPool$WorkQueue.topLevelExec(ForkJoinPool.java:1182) [?:?]
	at java.util.concurrent.ForkJoinPool.scan(ForkJoinPool.java:1655) [?:?]
	at java.util.concurrent.ForkJoinPool.runWorker(ForkJoinPool.java:1622) [?:?]
	at java.util.concurrent.ForkJoinWorkerThread.run(ForkJoinWorkerThread.java:165) [?:?]
[15:08:24] [Worker-Main-5/ERROR]: Couldn't parse loot table dbe:blocks/blue_light_off
com.google.gson.JsonSyntaxException: Expected name to be an item, was unknown string 'dbe:blue_light_off'
	at net.minecraft.class_3518.method_17995(class_3518.java:130) ~[server-intermediary.jar:?]
	at java.util.Optional.orElseThrow(Optional.java:403) ~[?:?]
	at net.minecraft.class_3518.method_15256(class_3518.java:130) ~[server-intermediary.jar:?]
	at net.minecraft.class_3518.method_15288(class_3518.java:138) ~[server-intermediary.jar:?]
	at net.minecraft.class_77$class_78.method_413(class_77.java:55) ~[server-intermediary.jar:?]
	at net.minecraft.class_77$class_78.method_443(class_77.java:40) ~[server-intermediary.jar:?]
	at net.minecraft.class_85$class_90.method_441(class_85.java:151) ~[server-intermediary.jar:?]
	at net.minecraft.class_85$class_90.method_424(class_85.java:129) ~[server-intermediary.jar:?]
	at net.minecraft.class_79$class_5337.method_29319(class_79.java:86) ~[server-intermediary.jar:?]
	at net.minecraft.class_79$class_5337.method_517(class_79.java:74) ~[server-intermediary.jar:?]
	at net.minecraft.class_5330$class_5333.deserialize(class_5330.java:102) ~[server-intermediary.jar:?]
	at com.google.gson.internal.bind.TreeTypeAdapter.read(TreeTypeAdapter.java:69) ~[gson-2.8.9.jar:?]
	at com.google.gson.internal.bind.TypeAdapterRuntimeTypeWrapper.read(TypeAdapterRuntimeTypeWrapper.java:41) ~[gson-2.8.9.jar:?]
	at com.google.gson.internal.bind.ArrayTypeAdapter.read(ArrayTypeAdapter.java:72) ~[gson-2.8.9.jar:?]
	at com.google.gson.Gson.fromJson(Gson.java:963) ~[gson-2.8.9.jar:?]
	at com.google.gson.Gson.fromJson(Gson.java:1034) ~[gson-2.8.9.jar:?]
	at com.google.gson.internal.bind.TreeTypeAdapter$GsonContextImpl.deserialize(TreeTypeAdapter.java:162) ~[gson-2.8.9.jar:?]
	at net.minecraft.class_3518.method_15291(class_3518.java:448) ~[server-intermediary.jar:?]
	at net.minecraft.class_3518.method_15272(class_3518.java:456) ~[server-intermediary.jar:?]
	at net.minecraft.class_55$class_57.method_358(class_55.java:173) ~[server-intermediary.jar:?]
	at net.minecraft.class_55$class_57.deserialize(class_55.java:169) ~[server-intermediary.jar:?]
	at com.google.gson.internal.bind.TreeTypeAdapter.read(TreeTypeAdapter.java:69) ~[gson-2.8.9.jar:?]
	at com.google.gson.internal.bind.TypeAdapterRuntimeTypeWrapper.read(TypeAdapterRuntimeTypeWrapper.java:41) ~[gson-2.8.9.jar:?]
	at com.google.gson.internal.bind.ArrayTypeAdapter.read(ArrayTypeAdapter.java:72) ~[gson-2.8.9.jar:?]
	at com.google.gson.Gson.fromJson(Gson.java:963) ~[gson-2.8.9.jar:?]
	at com.google.gson.Gson.fromJson(Gson.java:1034) ~[gson-2.8.9.jar:?]
	at com.google.gson.internal.bind.TreeTypeAdapter$GsonContextImpl.deserialize(TreeTypeAdapter.java:162) ~[gson-2.8.9.jar:?]
	at net.minecraft.class_3518.method_15291(class_3518.java:448) ~[server-intermediary.jar:?]
	at net.minecraft.class_3518.method_15283(class_3518.java:466) ~[server-intermediary.jar:?]
	at net.minecraft.class_52$class_54.method_340(class_52.java:213) ~[server-intermediary.jar:?]
	at net.minecraft.class_52$class_54.deserialize(class_52.java:209) ~[server-intermediary.jar:?]
	at com.google.gson.internal.bind.TreeTypeAdapter.read(TreeTypeAdapter.java:69) ~[gson-2.8.9.jar:?]
	at com.google.gson.Gson.fromJson(Gson.java:963) ~[gson-2.8.9.jar:?]
	at com.google.gson.Gson.fromJson(Gson.java:1034) ~[gson-2.8.9.jar:?]
	at com.google.gson.Gson.fromJson(Gson.java:1006) ~[gson-2.8.9.jar:?]
	at net.minecraft.class_60.method_20711(class_60.java:44) ~[server-intermediary.jar:?]
	at dev.latvian.mods.kubejs.core.LootTablesKJS.applyKJS0(LootTablesKJS.java:39) ~[kubejs-fabric-1802.5.5-build.569.jar:?]
	at net.minecraft.class_60.redirect$ccd000$kubejs$applyKJS(class_60.java:2023) ~[server-intermediary.jar:?]
	at net.minecraft.class_60.method_20712(class_60.java:42) ~[server-intermediary.jar:?]
	at net.minecraft.class_60.method_18788(class_60.java:17) ~[server-intermediary.jar:?]
	at net.minecraft.class_4080.method_18790(class_4080.java:13) ~[server-intermediary.jar:?]
	at java.util.concurrent.CompletableFuture$UniAccept.tryFire(CompletableFuture.java:718) ~[?:?]
	at java.util.concurrent.CompletableFuture$Completion.run(CompletableFuture.java:482) ~[?:?]
	at net.minecraft.class_4014.method_18365(class_4014.java:69) ~[server-intermediary.jar:?]
	at net.minecraft.class_4014.method_18367(class_4014.java:68) ~[server-intermediary.jar:?]
	at java.util.concurrent.CompletableFuture$UniCompletion.claim(CompletableFuture.java:572) ~[?:?]
	at java.util.concurrent.CompletableFuture$UniAccept.tryFire(CompletableFuture.java:714) ~[?:?]
	at java.util.concurrent.CompletableFuture.postComplete(CompletableFuture.java:510) ~[?:?]
	at java.util.concurrent.CompletableFuture.postFire(CompletableFuture.java:614) ~[?:?]
	at java.util.concurrent.CompletableFuture$UniAccept.tryFire(CompletableFuture.java:726) ~[?:?]
	at java.util.concurrent.CompletableFuture$Completion.run(CompletableFuture.java:482) ~[?:?]
	at net.minecraft.class_4014.method_18365(class_4014.java:69) ~[server-intermediary.jar:?]
	at net.minecraft.class_4014.method_18367(class_4014.java:68) ~[server-intermediary.jar:?]
	at java.util.concurrent.CompletableFuture$UniCompletion.claim(CompletableFuture.java:572) [?:?]
	at java.util.concurrent.CompletableFuture$UniAccept.tryFire(CompletableFuture.java:714) [?:?]
	at java.util.concurrent.CompletableFuture.postComplete(CompletableFuture.java:510) [?:?]
	at java.util.concurrent.CompletableFuture$AsyncSupply.run(CompletableFuture.java:1773) [?:?]
	at java.util.concurrent.CompletableFuture$AsyncSupply.exec(CompletableFuture.java:1760) [?:?]
	at java.util.concurrent.ForkJoinTask.doExec(ForkJoinTask.java:373) [?:?]
	at java.util.concurrent.ForkJoinPool$WorkQueue.topLevelExec(ForkJoinPool.java:1182) [?:?]
	at java.util.concurrent.ForkJoinPool.scan(ForkJoinPool.java:1655) [?:?]
	at java.util.concurrent.ForkJoinPool.runWorker(ForkJoinPool.java:1622) [?:?]
	at java.util.concurrent.ForkJoinWorkerThread.run(ForkJoinWorkerThread.java:165) [?:?]
[15:08:24] [Worker-Main-5/ERROR]: Couldn't parse loot table dbe:blocks/white_train_lamp
com.google.gson.JsonSyntaxException: Expected name to be an item, was unknown string 'dbe:white_train_lamp'
	at net.minecraft.class_3518.method_17995(class_3518.java:130) ~[server-intermediary.jar:?]
	at java.util.Optional.orElseThrow(Optional.java:403) ~[?:?]
	at net.minecraft.class_3518.method_15256(class_3518.java:130) ~[server-intermediary.jar:?]
	at net.minecraft.class_3518.method_15288(class_3518.java:138) ~[server-intermediary.jar:?]
	at net.minecraft.class_77$class_78.method_413(class_77.java:55) ~[server-intermediary.jar:?]
	at net.minecraft.class_77$class_78.method_443(class_77.java:40) ~[server-intermediary.jar:?]
	at net.minecraft.class_85$class_90.method_441(class_85.java:151) ~[server-intermediary.jar:?]
	at net.minecraft.class_85$class_90.method_424(class_85.java:129) ~[server-intermediary.jar:?]
	at net.minecraft.class_79$class_5337.method_29319(class_79.java:86) ~[server-intermediary.jar:?]
	at net.minecraft.class_79$class_5337.method_517(class_79.java:74) ~[server-intermediary.jar:?]
	at net.minecraft.class_5330$class_5333.deserialize(class_5330.java:102) ~[server-intermediary.jar:?]
	at com.google.gson.internal.bind.TreeTypeAdapter.read(TreeTypeAdapter.java:69) ~[gson-2.8.9.jar:?]
	at com.google.gson.internal.bind.TypeAdapterRuntimeTypeWrapper.read(TypeAdapterRuntimeTypeWrapper.java:41) ~[gson-2.8.9.jar:?]
	at com.google.gson.internal.bind.ArrayTypeAdapter.read(ArrayTypeAdapter.java:72) ~[gson-2.8.9.jar:?]
	at com.google.gson.Gson.fromJson(Gson.java:963) ~[gson-2.8.9.jar:?]
	at com.google.gson.Gson.fromJson(Gson.java:1034) ~[gson-2.8.9.jar:?]
	at com.google.gson.internal.bind.TreeTypeAdapter$GsonContextImpl.deserialize(TreeTypeAdapter.java:162) ~[gson-2.8.9.jar:?]
	at net.minecraft.class_3518.method_15291(class_3518.java:448) ~[server-intermediary.jar:?]
	at net.minecraft.class_3518.method_15272(class_3518.java:456) ~[server-intermediary.jar:?]
	at net.minecraft.class_55$class_57.method_358(class_55.java:173) ~[server-intermediary.jar:?]
	at net.minecraft.class_55$class_57.deserialize(class_55.java:169) ~[server-intermediary.jar:?]
	at com.google.gson.internal.bind.TreeTypeAdapter.read(TreeTypeAdapter.java:69) ~[gson-2.8.9.jar:?]
	at com.google.gson.internal.bind.TypeAdapterRuntimeTypeWrapper.read(TypeAdapterRuntimeTypeWrapper.java:41) ~[gson-2.8.9.jar:?]
	at com.google.gson.internal.bind.ArrayTypeAdapter.read(ArrayTypeAdapter.java:72) ~[gson-2.8.9.jar:?]
	at com.google.gson.Gson.fromJson(Gson.java:963) ~[gson-2.8.9.jar:?]
	at com.google.gson.Gson.fromJson(Gson.java:1034) ~[gson-2.8.9.jar:?]
	at com.google.gson.internal.bind.TreeTypeAdapter$GsonContextImpl.deserialize(TreeTypeAdapter.java:162) ~[gson-2.8.9.jar:?]
	at net.minecraft.class_3518.method_15291(class_3518.java:448) ~[server-intermediary.jar:?]
	at net.minecraft.class_3518.method_15283(class_3518.java:466) ~[server-intermediary.jar:?]
	at net.minecraft.class_52$class_54.method_340(class_52.java:213) ~[server-intermediary.jar:?]
	at net.minecraft.class_52$class_54.deserialize(class_52.java:209) ~[server-intermediary.jar:?]
	at com.google.gson.internal.bind.TreeTypeAdapter.read(TreeTypeAdapter.java:69) ~[gson-2.8.9.jar:?]
	at com.google.gson.Gson.fromJson(Gson.java:963) ~[gson-2.8.9.jar:?]
	at com.google.gson.Gson.fromJson(Gson.java:1034) ~[gson-2.8.9.jar:?]
	at com.google.gson.Gson.fromJson(Gson.java:1006) ~[gson-2.8.9.jar:?]
	at net.minecraft.class_60.method_20711(class_60.java:44) ~[server-intermediary.jar:?]
	at dev.latvian.mods.kubejs.core.LootTablesKJS.applyKJS0(LootTablesKJS.java:39) ~[kubejs-fabric-1802.5.5-build.569.jar:?]
	at net.minecraft.class_60.redirect$ccd000$kubejs$applyKJS(class_60.java:2023) ~[server-intermediary.jar:?]
	at net.minecraft.class_60.method_20712(class_60.java:42) ~[server-intermediary.jar:?]
	at net.minecraft.class_60.method_18788(class_60.java:17) ~[server-intermediary.jar:?]
	at net.minecraft.class_4080.method_18790(class_4080.java:13) ~[server-intermediary.jar:?]
	at java.util.concurrent.CompletableFuture$UniAccept.tryFire(CompletableFuture.java:718) ~[?:?]
	at java.util.concurrent.CompletableFuture$Completion.run(CompletableFuture.java:482) ~[?:?]
	at net.minecraft.class_4014.method_18365(class_4014.java:69) ~[server-intermediary.jar:?]
	at net.minecraft.class_4014.method_18367(class_4014.java:68) ~[server-intermediary.jar:?]
	at java.util.concurrent.CompletableFuture$UniCompletion.claim(CompletableFuture.java:572) ~[?:?]
	at java.util.concurrent.CompletableFuture$UniAccept.tryFire(CompletableFuture.java:714) ~[?:?]
	at java.util.concurrent.CompletableFuture.postComplete(CompletableFuture.java:510) ~[?:?]
	at java.util.concurrent.CompletableFuture.postFire(CompletableFuture.java:614) ~[?:?]
	at java.util.concurrent.CompletableFuture$UniAccept.tryFire(CompletableFuture.java:726) ~[?:?]
	at java.util.concurrent.CompletableFuture$Completion.run(CompletableFuture.java:482) ~[?:?]
	at net.minecraft.class_4014.method_18365(class_4014.java:69) ~[server-intermediary.jar:?]
	at net.minecraft.class_4014.method_18367(class_4014.java:68) ~[server-intermediary.jar:?]
	at java.util.concurrent.CompletableFuture$UniCompletion.claim(CompletableFuture.java:572) [?:?]
	at java.util.concurrent.CompletableFuture$UniAccept.tryFire(CompletableFuture.java:714) [?:?]
	at java.util.concurrent.CompletableFuture.postComplete(CompletableFuture.java:510) [?:?]
	at java.util.concurrent.CompletableFuture$AsyncSupply.run(CompletableFuture.java:1773) [?:?]
	at java.util.concurrent.CompletableFuture$AsyncSupply.exec(CompletableFuture.java:1760) [?:?]
	at java.util.concurrent.ForkJoinTask.doExec(ForkJoinTask.java:373) [?:?]
	at java.util.concurrent.ForkJoinPool$WorkQueue.topLevelExec(ForkJoinPool.java:1182) [?:?]
	at java.util.concurrent.ForkJoinPool.scan(ForkJoinPool.java:1655) [?:?]
	at java.util.concurrent.ForkJoinPool.runWorker(ForkJoinPool.java:1622) [?:?]
	at java.util.concurrent.ForkJoinWorkerThread.run(ForkJoinWorkerThread.java:165) [?:?]
[15:08:24] [Worker-Main-5/ERROR]: Couldn't parse loot table dbe:blocks/piss_off
com.google.gson.JsonSyntaxException: Expected name to be an item, was unknown string 'dbe:piss_off'
	at net.minecraft.class_3518.method_17995(class_3518.java:130) ~[server-intermediary.jar:?]
	at java.util.Optional.orElseThrow(Optional.java:403) ~[?:?]
	at net.minecraft.class_3518.method_15256(class_3518.java:130) ~[server-intermediary.jar:?]
	at net.minecraft.class_3518.method_15288(class_3518.java:138) ~[server-intermediary.jar:?]
	at net.minecraft.class_77$class_78.method_413(class_77.java:55) ~[server-intermediary.jar:?]
	at net.minecraft.class_77$class_78.method_443(class_77.java:40) ~[server-intermediary.jar:?]
	at net.minecraft.class_85$class_90.method_441(class_85.java:151) ~[server-intermediary.jar:?]
	at net.minecraft.class_85$class_90.method_424(class_85.java:129) ~[server-intermediary.jar:?]
	at net.minecraft.class_79$class_5337.method_29319(class_79.java:86) ~[server-intermediary.jar:?]
	at net.minecraft.class_79$class_5337.method_517(class_79.java:74) ~[server-intermediary.jar:?]
	at net.minecraft.class_5330$class_5333.deserialize(class_5330.java:102) ~[server-intermediary.jar:?]
	at com.google.gson.internal.bind.TreeTypeAdapter.read(TreeTypeAdapter.java:69) ~[gson-2.8.9.jar:?]
	at com.google.gson.internal.bind.TypeAdapterRuntimeTypeWrapper.read(TypeAdapterRuntimeTypeWrapper.java:41) ~[gson-2.8.9.jar:?]
	at com.google.gson.internal.bind.ArrayTypeAdapter.read(ArrayTypeAdapter.java:72) ~[gson-2.8.9.jar:?]
	at com.google.gson.Gson.fromJson(Gson.java:963) ~[gson-2.8.9.jar:?]
	at com.google.gson.Gson.fromJson(Gson.java:1034) ~[gson-2.8.9.jar:?]
	at com.google.gson.internal.bind.TreeTypeAdapter$GsonContextImpl.deserialize(TreeTypeAdapter.java:162) ~[gson-2.8.9.jar:?]
	at net.minecraft.class_3518.method_15291(class_3518.java:448) ~[server-intermediary.jar:?]
	at net.minecraft.class_3518.method_15272(class_3518.java:456) ~[server-intermediary.jar:?]
	at net.minecraft.class_55$class_57.method_358(class_55.java:173) ~[server-intermediary.jar:?]
	at net.minecraft.class_55$class_57.deserialize(class_55.java:169) ~[server-intermediary.jar:?]
	at com.google.gson.internal.bind.TreeTypeAdapter.read(TreeTypeAdapter.java:69) ~[gson-2.8.9.jar:?]
	at com.google.gson.internal.bind.TypeAdapterRuntimeTypeWrapper.read(TypeAdapterRuntimeTypeWrapper.java:41) ~[gson-2.8.9.jar:?]
	at com.google.gson.internal.bind.ArrayTypeAdapter.read(ArrayTypeAdapter.java:72) ~[gson-2.8.9.jar:?]
	at com.google.gson.Gson.fromJson(Gson.java:963) ~[gson-2.8.9.jar:?]
	at com.google.gson.Gson.fromJson(Gson.java:1034) ~[gson-2.8.9.jar:?]
	at com.google.gson.internal.bind.TreeTypeAdapter$GsonContextImpl.deserialize(TreeTypeAdapter.java:162) ~[gson-2.8.9.jar:?]
	at net.minecraft.class_3518.method_15291(class_3518.java:448) ~[server-intermediary.jar:?]
	at net.minecraft.class_3518.method_15283(class_3518.java:466) ~[server-intermediary.jar:?]
	at net.minecraft.class_52$class_54.method_340(class_52.java:213) ~[server-intermediary.jar:?]
	at net.minecraft.class_52$class_54.deserialize(class_52.java:209) ~[server-intermediary.jar:?]
	at com.google.gson.internal.bind.TreeTypeAdapter.read(TreeTypeAdapter.java:69) ~[gson-2.8.9.jar:?]
	at com.google.gson.Gson.fromJson(Gson.java:963) ~[gson-2.8.9.jar:?]
	at com.google.gson.Gson.fromJson(Gson.java:1034) ~[gson-2.8.9.jar:?]
	at com.google.gson.Gson.fromJson(Gson.java:1006) ~[gson-2.8.9.jar:?]
	at net.minecraft.class_60.method_20711(class_60.java:44) ~[server-intermediary.jar:?]
	at dev.latvian.mods.kubejs.core.LootTablesKJS.applyKJS0(LootTablesKJS.java:39) ~[kubejs-fabric-1802.5.5-build.569.jar:?]
	at net.minecraft.class_60.redirect$ccd000$kubejs$applyKJS(class_60.java:2023) ~[server-intermediary.jar:?]
	at net.minecraft.class_60.method_20712(class_60.java:42) ~[server-intermediary.jar:?]
	at net.minecraft.class_60.method_18788(class_60.java:17) ~[server-intermediary.jar:?]
	at net.minecraft.class_4080.method_18790(class_4080.java:13) ~[server-intermediary.jar:?]
	at java.util.concurrent.CompletableFuture$UniAccept.tryFire(CompletableFuture.java:718) ~[?:?]
	at java.util.concurrent.CompletableFuture$Completion.run(CompletableFuture.java:482) ~[?:?]
	at net.minecraft.class_4014.method_18365(class_4014.java:69) ~[server-intermediary.jar:?]
	at net.minecraft.class_4014.method_18367(class_4014.java:68) ~[server-intermediary.jar:?]
	at java.util.concurrent.CompletableFuture$UniCompletion.claim(CompletableFuture.java:572) ~[?:?]
	at java.util.concurrent.CompletableFuture$UniAccept.tryFire(CompletableFuture.java:714) ~[?:?]
	at java.util.concurrent.CompletableFuture.postComplete(CompletableFuture.java:510) ~[?:?]
	at java.util.concurrent.CompletableFuture.postFire(CompletableFuture.java:614) ~[?:?]
	at java.util.concurrent.CompletableFuture$UniAccept.tryFire(CompletableFuture.java:726) ~[?:?]
	at java.util.concurrent.CompletableFuture$Completion.run(CompletableFuture.java:482) ~[?:?]
	at net.minecraft.class_4014.method_18365(class_4014.java:69) ~[server-intermediary.jar:?]
	at net.minecraft.class_4014.method_18367(class_4014.java:68) ~[server-intermediary.jar:?]
	at java.util.concurrent.CompletableFuture$UniCompletion.claim(CompletableFuture.java:572) [?:?]
	at java.util.concurrent.CompletableFuture$UniAccept.tryFire(CompletableFuture.java:714) [?:?]
	at java.util.concurrent.CompletableFuture.postComplete(CompletableFuture.java:510) [?:?]
	at java.util.concurrent.CompletableFuture$AsyncSupply.run(CompletableFuture.java:1773) [?:?]
	at java.util.concurrent.CompletableFuture$AsyncSupply.exec(CompletableFuture.java:1760) [?:?]
	at java.util.concurrent.ForkJoinTask.doExec(ForkJoinTask.java:373) [?:?]
	at java.util.concurrent.ForkJoinPool$WorkQueue.topLevelExec(ForkJoinPool.java:1182) [?:?]
	at java.util.concurrent.ForkJoinPool.scan(ForkJoinPool.java:1655) [?:?]
	at java.util.concurrent.ForkJoinPool.runWorker(ForkJoinPool.java:1622) [?:?]
	at java.util.concurrent.ForkJoinWorkerThread.run(ForkJoinWorkerThread.java:165) [?:?]
[15:08:24] [Worker-Main-5/ERROR]: Couldn't parse loot table dbe:blocks/blue_light_on
com.google.gson.JsonSyntaxException: Expected name to be an item, was unknown string 'dbe:blue_light_on'
	at net.minecraft.class_3518.method_17995(class_3518.java:130) ~[server-intermediary.jar:?]
	at java.util.Optional.orElseThrow(Optional.java:403) ~[?:?]
	at net.minecraft.class_3518.method_15256(class_3518.java:130) ~[server-intermediary.jar:?]
	at net.minecraft.class_3518.method_15288(class_3518.java:138) ~[server-intermediary.jar:?]
	at net.minecraft.class_77$class_78.method_413(class_77.java:55) ~[server-intermediary.jar:?]
	at net.minecraft.class_77$class_78.method_443(class_77.java:40) ~[server-intermediary.jar:?]
	at net.minecraft.class_85$class_90.method_441(class_85.java:151) ~[server-intermediary.jar:?]
	at net.minecraft.class_85$class_90.method_424(class_85.java:129) ~[server-intermediary.jar:?]
	at net.minecraft.class_79$class_5337.method_29319(class_79.java:86) ~[server-intermediary.jar:?]
	at net.minecraft.class_79$class_5337.method_517(class_79.java:74) ~[server-intermediary.jar:?]
	at net.minecraft.class_5330$class_5333.deserialize(class_5330.java:102) ~[server-intermediary.jar:?]
	at com.google.gson.internal.bind.TreeTypeAdapter.read(TreeTypeAdapter.java:69) ~[gson-2.8.9.jar:?]
	at com.google.gson.internal.bind.TypeAdapterRuntimeTypeWrapper.read(TypeAdapterRuntimeTypeWrapper.java:41) ~[gson-2.8.9.jar:?]
	at com.google.gson.internal.bind.ArrayTypeAdapter.read(ArrayTypeAdapter.java:72) ~[gson-2.8.9.jar:?]
	at com.google.gson.Gson.fromJson(Gson.java:963) ~[gson-2.8.9.jar:?]
	at com.google.gson.Gson.fromJson(Gson.java:1034) ~[gson-2.8.9.jar:?]
	at com.google.gson.internal.bind.TreeTypeAdapter$GsonContextImpl.deserialize(TreeTypeAdapter.java:162) ~[gson-2.8.9.jar:?]
	at net.minecraft.class_3518.method_15291(class_3518.java:448) ~[server-intermediary.jar:?]
	at net.minecraft.class_3518.method_15272(class_3518.java:456) ~[server-intermediary.jar:?]
	at net.minecraft.class_55$class_57.method_358(class_55.java:173) ~[server-intermediary.jar:?]
	at net.minecraft.class_55$class_57.deserialize(class_55.java:169) ~[server-intermediary.jar:?]
	at com.google.gson.internal.bind.TreeTypeAdapter.read(TreeTypeAdapter.java:69) ~[gson-2.8.9.jar:?]
	at com.google.gson.internal.bind.TypeAdapterRuntimeTypeWrapper.read(TypeAdapterRuntimeTypeWrapper.java:41) ~[gson-2.8.9.jar:?]
	at com.google.gson.internal.bind.ArrayTypeAdapter.read(ArrayTypeAdapter.java:72) ~[gson-2.8.9.jar:?]
	at com.google.gson.Gson.fromJson(Gson.java:963) ~[gson-2.8.9.jar:?]
	at com.google.gson.Gson.fromJson(Gson.java:1034) ~[gson-2.8.9.jar:?]
	at com.google.gson.internal.bind.TreeTypeAdapter$GsonContextImpl.deserialize(TreeTypeAdapter.java:162) ~[gson-2.8.9.jar:?]
	at net.minecraft.class_3518.method_15291(class_3518.java:448) ~[server-intermediary.jar:?]
	at net.minecraft.class_3518.method_15283(class_3518.java:466) ~[server-intermediary.jar:?]
	at net.minecraft.class_52$class_54.method_340(class_52.java:213) ~[server-intermediary.jar:?]
	at net.minecraft.class_52$class_54.deserialize(class_52.java:209) ~[server-intermediary.jar:?]
	at com.google.gson.internal.bind.TreeTypeAdapter.read(TreeTypeAdapter.java:69) ~[gson-2.8.9.jar:?]
	at com.google.gson.Gson.fromJson(Gson.java:963) ~[gson-2.8.9.jar:?]
	at com.google.gson.Gson.fromJson(Gson.java:1034) ~[gson-2.8.9.jar:?]
	at com.google.gson.Gson.fromJson(Gson.java:1006) ~[gson-2.8.9.jar:?]
	at net.minecraft.class_60.method_20711(class_60.java:44) ~[server-intermediary.jar:?]
	at dev.latvian.mods.kubejs.core.LootTablesKJS.applyKJS0(LootTablesKJS.java:39) ~[kubejs-fabric-1802.5.5-build.569.jar:?]
	at net.minecraft.class_60.redirect$ccd000$kubejs$applyKJS(class_60.java:2023) ~[server-intermediary.jar:?]
	at net.minecraft.class_60.method_20712(class_60.java:42) ~[server-intermediary.jar:?]
	at net.minecraft.class_60.method_18788(class_60.java:17) ~[server-intermediary.jar:?]
	at net.minecraft.class_4080.method_18790(class_4080.java:13) ~[server-intermediary.jar:?]
	at java.util.concurrent.CompletableFuture$UniAccept.tryFire(CompletableFuture.java:718) ~[?:?]
	at java.util.concurrent.CompletableFuture$Completion.run(CompletableFuture.java:482) ~[?:?]
	at net.minecraft.class_4014.method_18365(class_4014.java:69) ~[server-intermediary.jar:?]
	at net.minecraft.class_4014.method_18367(class_4014.java:68) ~[server-intermediary.jar:?]
	at java.util.concurrent.CompletableFuture$UniCompletion.claim(CompletableFuture.java:572) ~[?:?]
	at java.util.concurrent.CompletableFuture$UniAccept.tryFire(CompletableFuture.java:714) ~[?:?]
	at java.util.concurrent.CompletableFuture.postComplete(CompletableFuture.java:510) ~[?:?]
	at java.util.concurrent.CompletableFuture.postFire(CompletableFuture.java:614) ~[?:?]
	at java.util.concurrent.CompletableFuture$UniAccept.tryFire(CompletableFuture.java:726) ~[?:?]
	at java.util.concurrent.CompletableFuture$Completion.run(CompletableFuture.java:482) ~[?:?]
	at net.minecraft.class_4014.method_18365(class_4014.java:69) ~[server-intermediary.jar:?]
	at net.minecraft.class_4014.method_18367(class_4014.java:68) ~[server-intermediary.jar:?]
	at java.util.concurrent.CompletableFuture$UniCompletion.claim(CompletableFuture.java:572) [?:?]
	at java.util.concurrent.CompletableFuture$UniAccept.tryFire(CompletableFuture.java:714) [?:?]
	at java.util.concurrent.CompletableFuture.postComplete(CompletableFuture.java:510) [?:?]
	at java.util.concurrent.CompletableFuture$AsyncSupply.run(CompletableFuture.java:1773) [?:?]
	at java.util.concurrent.CompletableFuture$AsyncSupply.exec(CompletableFuture.java:1760) [?:?]
	at java.util.concurrent.ForkJoinTask.doExec(ForkJoinTask.java:373) [?:?]
	at java.util.concurrent.ForkJoinPool$WorkQueue.topLevelExec(ForkJoinPool.java:1182) [?:?]
	at java.util.concurrent.ForkJoinPool.scan(ForkJoinPool.java:1655) [?:?]
	at java.util.concurrent.ForkJoinPool.runWorker(ForkJoinPool.java:1622) [?:?]
	at java.util.concurrent.ForkJoinWorkerThread.run(ForkJoinWorkerThread.java:165) [?:?]
[15:08:24] [Worker-Main-5/ERROR]: Couldn't parse loot table dbe:blocks/alarm_lighton
com.google.gson.JsonSyntaxException: Expected name to be an item, was unknown string 'dbe:alarm_lighton'
	at net.minecraft.class_3518.method_17995(class_3518.java:130) ~[server-intermediary.jar:?]
	at java.util.Optional.orElseThrow(Optional.java:403) ~[?:?]
	at net.minecraft.class_3518.method_15256(class_3518.java:130) ~[server-intermediary.jar:?]
	at net.minecraft.class_3518.method_15288(class_3518.java:138) ~[server-intermediary.jar:?]
	at net.minecraft.class_77$class_78.method_413(class_77.java:55) ~[server-intermediary.jar:?]
	at net.minecraft.class_77$class_78.method_443(class_77.java:40) ~[server-intermediary.jar:?]
	at net.minecraft.class_85$class_90.method_441(class_85.java:151) ~[server-intermediary.jar:?]
	at net.minecraft.class_85$class_90.method_424(class_85.java:129) ~[server-intermediary.jar:?]
	at net.minecraft.class_79$class_5337.method_29319(class_79.java:86) ~[server-intermediary.jar:?]
	at net.minecraft.class_79$class_5337.method_517(class_79.java:74) ~[server-intermediary.jar:?]
	at net.minecraft.class_5330$class_5333.deserialize(class_5330.java:102) ~[server-intermediary.jar:?]
	at com.google.gson.internal.bind.TreeTypeAdapter.read(TreeTypeAdapter.java:69) ~[gson-2.8.9.jar:?]
	at com.google.gson.internal.bind.TypeAdapterRuntimeTypeWrapper.read(TypeAdapterRuntimeTypeWrapper.java:41) ~[gson-2.8.9.jar:?]
	at com.google.gson.internal.bind.ArrayTypeAdapter.read(ArrayTypeAdapter.java:72) ~[gson-2.8.9.jar:?]
	at com.google.gson.Gson.fromJson(Gson.java:963) ~[gson-2.8.9.jar:?]
	at com.google.gson.Gson.fromJson(Gson.java:1034) ~[gson-2.8.9.jar:?]
	at com.google.gson.internal.bind.TreeTypeAdapter$GsonContextImpl.deserialize(TreeTypeAdapter.java:162) ~[gson-2.8.9.jar:?]
	at net.minecraft.class_3518.method_15291(class_3518.java:448) ~[server-intermediary.jar:?]
	at net.minecraft.class_3518.method_15272(class_3518.java:456) ~[server-intermediary.jar:?]
	at net.minecraft.class_55$class_57.method_358(class_55.java:173) ~[server-intermediary.jar:?]
	at net.minecraft.class_55$class_57.deserialize(class_55.java:169) ~[server-intermediary.jar:?]
	at com.google.gson.internal.bind.TreeTypeAdapter.read(TreeTypeAdapter.java:69) ~[gson-2.8.9.jar:?]
	at com.google.gson.internal.bind.TypeAdapterRuntimeTypeWrapper.read(TypeAdapterRuntimeTypeWrapper.java:41) ~[gson-2.8.9.jar:?]
	at com.google.gson.internal.bind.ArrayTypeAdapter.read(ArrayTypeAdapter.java:72) ~[gson-2.8.9.jar:?]
	at com.google.gson.Gson.fromJson(Gson.java:963) ~[gson-2.8.9.jar:?]
	at com.google.gson.Gson.fromJson(Gson.java:1034) ~[gson-2.8.9.jar:?]
	at com.google.gson.internal.bind.TreeTypeAdapter$GsonContextImpl.deserialize(TreeTypeAdapter.java:162) ~[gson-2.8.9.jar:?]
	at net.minecraft.class_3518.method_15291(class_3518.java:448) ~[server-intermediary.jar:?]
	at net.minecraft.class_3518.method_15283(class_3518.java:466) ~[server-intermediary.jar:?]
	at net.minecraft.class_52$class_54.method_340(class_52.java:213) ~[server-intermediary.jar:?]
	at net.minecraft.class_52$class_54.deserialize(class_52.java:209) ~[server-intermediary.jar:?]
	at com.google.gson.internal.bind.TreeTypeAdapter.read(TreeTypeAdapter.java:69) ~[gson-2.8.9.jar:?]
	at com.google.gson.Gson.fromJson(Gson.java:963) ~[gson-2.8.9.jar:?]
	at com.google.gson.Gson.fromJson(Gson.java:1034) ~[gson-2.8.9.jar:?]
	at com.google.gson.Gson.fromJson(Gson.java:1006) ~[gson-2.8.9.jar:?]
	at net.minecraft.class_60.method_20711(class_60.java:44) ~[server-intermediary.jar:?]
	at dev.latvian.mods.kubejs.core.LootTablesKJS.applyKJS0(LootTablesKJS.java:39) ~[kubejs-fabric-1802.5.5-build.569.jar:?]
	at net.minecraft.class_60.redirect$ccd000$kubejs$applyKJS(class_60.java:2023) ~[server-intermediary.jar:?]
	at net.minecraft.class_60.method_20712(class_60.java:42) ~[server-intermediary.jar:?]
	at net.minecraft.class_60.method_18788(class_60.java:17) ~[server-intermediary.jar:?]
	at net.minecraft.class_4080.method_18790(class_4080.java:13) ~[server-intermediary.jar:?]
	at java.util.concurrent.CompletableFuture$UniAccept.tryFire(CompletableFuture.java:718) ~[?:?]
	at java.util.concurrent.CompletableFuture$Completion.run(CompletableFuture.java:482) ~[?:?]
	at net.minecraft.class_4014.method_18365(class_4014.java:69) ~[server-intermediary.jar:?]
	at net.minecraft.class_4014.method_18367(class_4014.java:68) ~[server-intermediary.jar:?]
	at java.util.concurrent.CompletableFuture$UniCompletion.claim(CompletableFuture.java:572) ~[?:?]
	at java.util.concurrent.CompletableFuture$UniAccept.tryFire(CompletableFuture.java:714) ~[?:?]
	at java.util.concurrent.CompletableFuture.postComplete(CompletableFuture.java:510) ~[?:?]
	at java.util.concurrent.CompletableFuture.postFire(CompletableFuture.java:614) ~[?:?]
	at java.util.concurrent.CompletableFuture$UniAccept.tryFire(CompletableFuture.java:726) ~[?:?]
	at java.util.concurrent.CompletableFuture$Completion.run(CompletableFuture.java:482) ~[?:?]
	at net.minecraft.class_4014.method_18365(class_4014.java:69) ~[server-intermediary.jar:?]
	at net.minecraft.class_4014.method_18367(class_4014.java:68) ~[server-intermediary.jar:?]
	at java.util.concurrent.CompletableFuture$UniCompletion.claim(CompletableFuture.java:572) [?:?]
	at java.util.concurrent.CompletableFuture$UniAccept.tryFire(CompletableFuture.java:714) [?:?]
	at java.util.concurrent.CompletableFuture.postComplete(CompletableFuture.java:510) [?:?]
	at java.util.concurrent.CompletableFuture$AsyncSupply.run(CompletableFuture.java:1773) [?:?]
	at java.util.concurrent.CompletableFuture$AsyncSupply.exec(CompletableFuture.java:1760) [?:?]
	at java.util.concurrent.ForkJoinTask.doExec(ForkJoinTask.java:373) [?:?]
	at java.util.concurrent.ForkJoinPool$WorkQueue.topLevelExec(ForkJoinPool.java:1182) [?:?]
	at java.util.concurrent.ForkJoinPool.scan(ForkJoinPool.java:1655) [?:?]
	at java.util.concurrent.ForkJoinPool.runWorker(ForkJoinPool.java:1622) [?:?]
	at java.util.concurrent.ForkJoinWorkerThread.run(ForkJoinWorkerThread.java:165) [?:?]
[15:08:24] [Worker-Main-5/ERROR]: Couldn't parse loot table astraladditions:blocks/the_end
com.google.gson.JsonSyntaxException: Expected name to be an item, was unknown string 'astralsignals:polyvinyl_sheet'
	at net.minecraft.class_3518.method_17995(class_3518.java:130) ~[server-intermediary.jar:?]
	at java.util.Optional.orElseThrow(Optional.java:403) ~[?:?]
	at net.minecraft.class_3518.method_15256(class_3518.java:130) ~[server-intermediary.jar:?]
	at net.minecraft.class_3518.method_15288(class_3518.java:138) ~[server-intermediary.jar:?]
	at net.minecraft.class_77$class_78.method_413(class_77.java:55) ~[server-intermediary.jar:?]
	at net.minecraft.class_77$class_78.method_443(class_77.java:40) ~[server-intermediary.jar:?]
	at net.minecraft.class_85$class_90.method_441(class_85.java:151) ~[server-intermediary.jar:?]
	at net.minecraft.class_85$class_90.method_424(class_85.java:129) ~[server-intermediary.jar:?]
	at net.minecraft.class_79$class_5337.method_29319(class_79.java:86) ~[server-intermediary.jar:?]
	at net.minecraft.class_79$class_5337.method_517(class_79.java:74) ~[server-intermediary.jar:?]
	at net.minecraft.class_5330$class_5333.deserialize(class_5330.java:102) ~[server-intermediary.jar:?]
	at com.google.gson.internal.bind.TreeTypeAdapter.read(TreeTypeAdapter.java:69) ~[gson-2.8.9.jar:?]
	at com.google.gson.internal.bind.TypeAdapterRuntimeTypeWrapper.read(TypeAdapterRuntimeTypeWrapper.java:41) ~[gson-2.8.9.jar:?]
	at com.google.gson.internal.bind.ArrayTypeAdapter.read(ArrayTypeAdapter.java:72) ~[gson-2.8.9.jar:?]
	at com.google.gson.Gson.fromJson(Gson.java:963) ~[gson-2.8.9.jar:?]
	at com.google.gson.Gson.fromJson(Gson.java:1034) ~[gson-2.8.9.jar:?]
	at com.google.gson.internal.bind.TreeTypeAdapter$GsonContextImpl.deserialize(TreeTypeAdapter.java:162) ~[gson-2.8.9.jar:?]
	at net.minecraft.class_3518.method_15291(class_3518.java:448) ~[server-intermediary.jar:?]
	at net.minecraft.class_3518.method_15272(class_3518.java:456) ~[server-intermediary.jar:?]
	at net.minecraft.class_55$class_57.method_358(class_55.java:173) ~[server-intermediary.jar:?]
	at net.minecraft.class_55$class_57.deserialize(class_55.java:169) ~[server-intermediary.jar:?]
	at com.google.gson.internal.bind.TreeTypeAdapter.read(TreeTypeAdapter.java:69) ~[gson-2.8.9.jar:?]
	at com.google.gson.internal.bind.TypeAdapterRuntimeTypeWrapper.read(TypeAdapterRuntimeTypeWrapper.java:41) ~[gson-2.8.9.jar:?]
	at com.google.gson.internal.bind.ArrayTypeAdapter.read(ArrayTypeAdapter.java:72) ~[gson-2.8.9.jar:?]
	at com.google.gson.Gson.fromJson(Gson.java:963) ~[gson-2.8.9.jar:?]
	at com.google.gson.Gson.fromJson(Gson.java:1034) ~[gson-2.8.9.jar:?]
	at com.google.gson.internal.bind.TreeTypeAdapter$GsonContextImpl.deserialize(TreeTypeAdapter.java:162) ~[gson-2.8.9.jar:?]
	at net.minecraft.class_3518.method_15291(class_3518.java:448) ~[server-intermediary.jar:?]
	at net.minecraft.class_3518.method_15283(class_3518.java:466) ~[server-intermediary.jar:?]
	at net.minecraft.class_52$class_54.method_340(class_52.java:213) ~[server-intermediary.jar:?]
	at net.minecraft.class_52$class_54.deserialize(class_52.java:209) ~[server-intermediary.jar:?]
	at com.google.gson.internal.bind.TreeTypeAdapter.read(TreeTypeAdapter.java:69) ~[gson-2.8.9.jar:?]
	at com.google.gson.Gson.fromJson(Gson.java:963) ~[gson-2.8.9.jar:?]
	at com.google.gson.Gson.fromJson(Gson.java:1034) ~[gson-2.8.9.jar:?]
	at com.google.gson.Gson.fromJson(Gson.java:1006) ~[gson-2.8.9.jar:?]
	at net.minecraft.class_60.method_20711(class_60.java:44) ~[server-intermediary.jar:?]
	at dev.latvian.mods.kubejs.core.LootTablesKJS.applyKJS0(LootTablesKJS.java:39) ~[kubejs-fabric-1802.5.5-build.569.jar:?]
	at net.minecraft.class_60.redirect$ccd000$kubejs$applyKJS(class_60.java:2023) ~[server-intermediary.jar:?]
	at net.minecraft.class_60.method_20712(class_60.java:42) ~[server-intermediary.jar:?]
	at net.minecraft.class_60.method_18788(class_60.java:17) ~[server-intermediary.jar:?]
	at net.minecraft.class_4080.method_18790(class_4080.java:13) ~[server-intermediary.jar:?]
	at java.util.concurrent.CompletableFuture$UniAccept.tryFire(CompletableFuture.java:718) ~[?:?]
	at java.util.concurrent.CompletableFuture$Completion.run(CompletableFuture.java:482) ~[?:?]
	at net.minecraft.class_4014.method_18365(class_4014.java:69) ~[server-intermediary.jar:?]
	at net.minecraft.class_4014.method_18367(class_4014.java:68) ~[server-intermediary.jar:?]
	at java.util.concurrent.CompletableFuture$UniCompletion.claim(CompletableFuture.java:572) ~[?:?]
	at java.util.concurrent.CompletableFuture$UniAccept.tryFire(CompletableFuture.java:714) ~[?:?]
	at java.util.concurrent.CompletableFuture.postComplete(CompletableFuture.java:510) ~[?:?]
	at java.util.concurrent.CompletableFuture.postFire(CompletableFuture.java:614) ~[?:?]
	at java.util.concurrent.CompletableFuture$UniAccept.tryFire(CompletableFuture.java:726) ~[?:?]
	at java.util.concurrent.CompletableFuture$Completion.run(CompletableFuture.java:482) ~[?:?]
	at net.minecraft.class_4014.method_18365(class_4014.java:69) ~[server-intermediary.jar:?]
	at net.minecraft.class_4014.method_18367(class_4014.java:68) ~[server-intermediary.jar:?]
	at java.util.concurrent.CompletableFuture$UniCompletion.claim(CompletableFuture.java:572) [?:?]
	at java.util.concurrent.CompletableFuture$UniAccept.tryFire(CompletableFuture.java:714) [?:?]
	at java.util.concurrent.CompletableFuture.postComplete(CompletableFuture.java:510) [?:?]
	at java.util.concurrent.CompletableFuture$AsyncSupply.run(CompletableFuture.java:1773) [?:?]
	at java.util.concurrent.CompletableFuture$AsyncSupply.exec(CompletableFuture.java:1760) [?:?]
	at java.util.concurrent.ForkJoinTask.doExec(ForkJoinTask.java:373) [?:?]
	at java.util.concurrent.ForkJoinPool$WorkQueue.topLevelExec(ForkJoinPool.java:1182) [?:?]
	at java.util.concurrent.ForkJoinPool.scan(ForkJoinPool.java:1655) [?:?]
	at java.util.concurrent.ForkJoinPool.runWorker(ForkJoinPool.java:1622) [?:?]
	at java.util.concurrent.ForkJoinWorkerThread.run(ForkJoinWorkerThread.java:165) [?:?]
[15:08:24] [Worker-Main-5/ERROR]: Couldn't parse loot table dbe:blocks/lightoff
com.google.gson.JsonSyntaxException: Expected name to be an item, was unknown string 'dbe:lightoff'
	at net.minecraft.class_3518.method_17995(class_3518.java:130) ~[server-intermediary.jar:?]
	at java.util.Optional.orElseThrow(Optional.java:403) ~[?:?]
	at net.minecraft.class_3518.method_15256(class_3518.java:130) ~[server-intermediary.jar:?]
	at net.minecraft.class_3518.method_15288(class_3518.java:138) ~[server-intermediary.jar:?]
	at net.minecraft.class_77$class_78.method_413(class_77.java:55) ~[server-intermediary.jar:?]
	at net.minecraft.class_77$class_78.method_443(class_77.java:40) ~[server-intermediary.jar:?]
	at net.minecraft.class_85$class_90.method_441(class_85.java:151) ~[server-intermediary.jar:?]
	at net.minecraft.class_85$class_90.method_424(class_85.java:129) ~[server-intermediary.jar:?]
	at net.minecraft.class_79$class_5337.method_29319(class_79.java:86) ~[server-intermediary.jar:?]
	at net.minecraft.class_79$class_5337.method_517(class_79.java:74) ~[server-intermediary.jar:?]
	at net.minecraft.class_5330$class_5333.deserialize(class_5330.java:102) ~[server-intermediary.jar:?]
	at com.google.gson.internal.bind.TreeTypeAdapter.read(TreeTypeAdapter.java:69) ~[gson-2.8.9.jar:?]
	at com.google.gson.internal.bind.TypeAdapterRuntimeTypeWrapper.read(TypeAdapterRuntimeTypeWrapper.java:41) ~[gson-2.8.9.jar:?]
	at com.google.gson.internal.bind.ArrayTypeAdapter.read(ArrayTypeAdapter.java:72) ~[gson-2.8.9.jar:?]
	at com.google.gson.Gson.fromJson(Gson.java:963) ~[gson-2.8.9.jar:?]
	at com.google.gson.Gson.fromJson(Gson.java:1034) ~[gson-2.8.9.jar:?]
	at com.google.gson.internal.bind.TreeTypeAdapter$GsonContextImpl.deserialize(TreeTypeAdapter.java:162) ~[gson-2.8.9.jar:?]
	at net.minecraft.class_3518.method_15291(class_3518.java:448) ~[server-intermediary.jar:?]
	at net.minecraft.class_3518.method_15272(class_3518.java:456) ~[server-intermediary.jar:?]
	at net.minecraft.class_55$class_57.method_358(class_55.java:173) ~[server-intermediary.jar:?]
	at net.minecraft.class_55$class_57.deserialize(class_55.java:169) ~[server-intermediary.jar:?]
	at com.google.gson.internal.bind.TreeTypeAdapter.read(TreeTypeAdapter.java:69) ~[gson-2.8.9.jar:?]
	at com.google.gson.internal.bind.TypeAdapterRuntimeTypeWrapper.read(TypeAdapterRuntimeTypeWrapper.java:41) ~[gson-2.8.9.jar:?]
	at com.google.gson.internal.bind.ArrayTypeAdapter.read(ArrayTypeAdapter.java:72) ~[gson-2.8.9.jar:?]
	at com.google.gson.Gson.fromJson(Gson.java:963) ~[gson-2.8.9.jar:?]
	at com.google.gson.Gson.fromJson(Gson.java:1034) ~[gson-2.8.9.jar:?]
	at com.google.gson.internal.bind.TreeTypeAdapter$GsonContextImpl.deserialize(TreeTypeAdapter.java:162) ~[gson-2.8.9.jar:?]
	at net.minecraft.class_3518.method_15291(class_3518.java:448) ~[server-intermediary.jar:?]
	at net.minecraft.class_3518.method_15283(class_3518.java:466) ~[server-intermediary.jar:?]
	at net.minecraft.class_52$class_54.method_340(class_52.java:213) ~[server-intermediary.jar:?]
	at net.minecraft.class_52$class_54.deserialize(class_52.java:209) ~[server-intermediary.jar:?]
	at com.google.gson.internal.bind.TreeTypeAdapter.read(TreeTypeAdapter.java:69) ~[gson-2.8.9.jar:?]
	at com.google.gson.Gson.fromJson(Gson.java:963) ~[gson-2.8.9.jar:?]
	at com.google.gson.Gson.fromJson(Gson.java:1034) ~[gson-2.8.9.jar:?]
	at com.google.gson.Gson.fromJson(Gson.java:1006) ~[gson-2.8.9.jar:?]
	at net.minecraft.class_60.method_20711(class_60.java:44) ~[server-intermediary.jar:?]
	at dev.latvian.mods.kubejs.core.LootTablesKJS.applyKJS0(LootTablesKJS.java:39) ~[kubejs-fabric-1802.5.5-build.569.jar:?]
	at net.minecraft.class_60.redirect$ccd000$kubejs$applyKJS(class_60.java:2023) ~[server-intermediary.jar:?]
	at net.minecraft.class_60.method_20712(class_60.java:42) ~[server-intermediary.jar:?]
	at net.minecraft.class_60.method_18788(class_60.java:17) ~[server-intermediary.jar:?]
	at net.minecraft.class_4080.method_18790(class_4080.java:13) ~[server-intermediary.jar:?]
	at java.util.concurrent.CompletableFuture$UniAccept.tryFire(CompletableFuture.java:718) ~[?:?]
	at java.util.concurrent.CompletableFuture$Completion.run(CompletableFuture.java:482) ~[?:?]
	at net.minecraft.class_4014.method_18365(class_4014.java:69) ~[server-intermediary.jar:?]
	at net.minecraft.class_4014.method_18367(class_4014.java:68) ~[server-intermediary.jar:?]
	at java.util.concurrent.CompletableFuture$UniCompletion.claim(CompletableFuture.java:572) ~[?:?]
	at java.util.concurrent.CompletableFuture$UniAccept.tryFire(CompletableFuture.java:714) ~[?:?]
	at java.util.concurrent.CompletableFuture.postComplete(CompletableFuture.java:510) ~[?:?]
	at java.util.concurrent.CompletableFuture.postFire(CompletableFuture.java:614) ~[?:?]
	at java.util.concurrent.CompletableFuture$UniAccept.tryFire(CompletableFuture.java:726) ~[?:?]
	at java.util.concurrent.CompletableFuture$Completion.run(CompletableFuture.java:482) ~[?:?]
	at net.minecraft.class_4014.method_18365(class_4014.java:69) ~[server-intermediary.jar:?]
	at net.minecraft.class_4014.method_18367(class_4014.java:68) ~[server-intermediary.jar:?]
	at java.util.concurrent.CompletableFuture$UniCompletion.claim(CompletableFuture.java:572) [?:?]
	at java.util.concurrent.CompletableFuture$UniAccept.tryFire(CompletableFuture.java:714) [?:?]
	at java.util.concurrent.CompletableFuture.postComplete(CompletableFuture.java:510) [?:?]
	at java.util.concurrent.CompletableFuture$AsyncSupply.run(CompletableFuture.java:1773) [?:?]
	at java.util.concurrent.CompletableFuture$AsyncSupply.exec(CompletableFuture.java:1760) [?:?]
	at java.util.concurrent.ForkJoinTask.doExec(ForkJoinTask.java:373) [?:?]
	at java.util.concurrent.ForkJoinPool$WorkQueue.topLevelExec(ForkJoinPool.java:1182) [?:?]
	at java.util.concurrent.ForkJoinPool.scan(ForkJoinPool.java:1655) [?:?]
	at java.util.concurrent.ForkJoinPool.runWorker(ForkJoinPool.java:1622) [?:?]
	at java.util.concurrent.ForkJoinWorkerThread.run(ForkJoinWorkerThread.java:165) [?:?]
[15:08:24] [Worker-Main-5/ERROR]: Couldn't parse loot table dbe:blocks/alarm_lightoff
com.google.gson.JsonSyntaxException: Expected name to be an item, was unknown string 'dbe:alarm_lightoff'
	at net.minecraft.class_3518.method_17995(class_3518.java:130) ~[server-intermediary.jar:?]
	at java.util.Optional.orElseThrow(Optional.java:403) ~[?:?]
	at net.minecraft.class_3518.method_15256(class_3518.java:130) ~[server-intermediary.jar:?]
	at net.minecraft.class_3518.method_15288(class_3518.java:138) ~[server-intermediary.jar:?]
	at net.minecraft.class_77$class_78.method_413(class_77.java:55) ~[server-intermediary.jar:?]
	at net.minecraft.class_77$class_78.method_443(class_77.java:40) ~[server-intermediary.jar:?]
	at net.minecraft.class_85$class_90.method_441(class_85.java:151) ~[server-intermediary.jar:?]
	at net.minecraft.class_85$class_90.method_424(class_85.java:129) ~[server-intermediary.jar:?]
	at net.minecraft.class_79$class_5337.method_29319(class_79.java:86) ~[server-intermediary.jar:?]
	at net.minecraft.class_79$class_5337.method_517(class_79.java:74) ~[server-intermediary.jar:?]
	at net.minecraft.class_5330$class_5333.deserialize(class_5330.java:102) ~[server-intermediary.jar:?]
	at com.google.gson.internal.bind.TreeTypeAdapter.read(TreeTypeAdapter.java:69) ~[gson-2.8.9.jar:?]
	at com.google.gson.internal.bind.TypeAdapterRuntimeTypeWrapper.read(TypeAdapterRuntimeTypeWrapper.java:41) ~[gson-2.8.9.jar:?]
	at com.google.gson.internal.bind.ArrayTypeAdapter.read(ArrayTypeAdapter.java:72) ~[gson-2.8.9.jar:?]
	at com.google.gson.Gson.fromJson(Gson.java:963) ~[gson-2.8.9.jar:?]
	at com.google.gson.Gson.fromJson(Gson.java:1034) ~[gson-2.8.9.jar:?]
	at com.google.gson.internal.bind.TreeTypeAdapter$GsonContextImpl.deserialize(TreeTypeAdapter.java:162) ~[gson-2.8.9.jar:?]
	at net.minecraft.class_3518.method_15291(class_3518.java:448) ~[server-intermediary.jar:?]
	at net.minecraft.class_3518.method_15272(class_3518.java:456) ~[server-intermediary.jar:?]
	at net.minecraft.class_55$class_57.method_358(class_55.java:173) ~[server-intermediary.jar:?]
	at net.minecraft.class_55$class_57.deserialize(class_55.java:169) ~[server-intermediary.jar:?]
	at com.google.gson.internal.bind.TreeTypeAdapter.read(TreeTypeAdapter.java:69) ~[gson-2.8.9.jar:?]
	at com.google.gson.internal.bind.TypeAdapterRuntimeTypeWrapper.read(TypeAdapterRuntimeTypeWrapper.java:41) ~[gson-2.8.9.jar:?]
	at com.google.gson.internal.bind.ArrayTypeAdapter.read(ArrayTypeAdapter.java:72) ~[gson-2.8.9.jar:?]
	at com.google.gson.Gson.fromJson(Gson.java:963) ~[gson-2.8.9.jar:?]
	at com.google.gson.Gson.fromJson(Gson.java:1034) ~[gson-2.8.9.jar:?]
	at com.google.gson.internal.bind.TreeTypeAdapter$GsonContextImpl.deserialize(TreeTypeAdapter.java:162) ~[gson-2.8.9.jar:?]
	at net.minecraft.class_3518.method_15291(class_3518.java:448) ~[server-intermediary.jar:?]
	at net.minecraft.class_3518.method_15283(class_3518.java:466) ~[server-intermediary.jar:?]
	at net.minecraft.class_52$class_54.method_340(class_52.java:213) ~[server-intermediary.jar:?]
	at net.minecraft.class_52$class_54.deserialize(class_52.java:209) ~[server-intermediary.jar:?]
	at com.google.gson.internal.bind.TreeTypeAdapter.read(TreeTypeAdapter.java:69) ~[gson-2.8.9.jar:?]
	at com.google.gson.Gson.fromJson(Gson.java:963) ~[gson-2.8.9.jar:?]
	at com.google.gson.Gson.fromJson(Gson.java:1034) ~[gson-2.8.9.jar:?]
	at com.google.gson.Gson.fromJson(Gson.java:1006) ~[gson-2.8.9.jar:?]
	at net.minecraft.class_60.method_20711(class_60.java:44) ~[server-intermediary.jar:?]
	at dev.latvian.mods.kubejs.core.LootTablesKJS.applyKJS0(LootTablesKJS.java:39) ~[kubejs-fabric-1802.5.5-build.569.jar:?]
	at net.minecraft.class_60.redirect$ccd000$kubejs$applyKJS(class_60.java:2023) ~[server-intermediary.jar:?]
	at net.minecraft.class_60.method_20712(class_60.java:42) ~[server-intermediary.jar:?]
	at net.minecraft.class_60.method_18788(class_60.java:17) ~[server-intermediary.jar:?]
	at net.minecraft.class_4080.method_18790(class_4080.java:13) ~[server-intermediary.jar:?]
	at java.util.concurrent.CompletableFuture$UniAccept.tryFire(CompletableFuture.java:718) ~[?:?]
	at java.util.concurrent.CompletableFuture$Completion.run(CompletableFuture.java:482) ~[?:?]
	at net.minecraft.class_4014.method_18365(class_4014.java:69) ~[server-intermediary.jar:?]
	at net.minecraft.class_4014.method_18367(class_4014.java:68) ~[server-intermediary.jar:?]
	at java.util.concurrent.CompletableFuture$UniCompletion.claim(CompletableFuture.java:572) ~[?:?]
	at java.util.concurrent.CompletableFuture$UniAccept.tryFire(CompletableFuture.java:714) ~[?:?]
	at java.util.concurrent.CompletableFuture.postComplete(CompletableFuture.java:510) ~[?:?]
	at java.util.concurrent.CompletableFuture.postFire(CompletableFuture.java:614) ~[?:?]
	at java.util.concurrent.CompletableFuture$UniAccept.tryFire(CompletableFuture.java:726) ~[?:?]
	at java.util.concurrent.CompletableFuture$Completion.run(CompletableFuture.java:482) ~[?:?]
	at net.minecraft.class_4014.method_18365(class_4014.java:69) ~[server-intermediary.jar:?]
	at net.minecraft.class_4014.method_18367(class_4014.java:68) ~[server-intermediary.jar:?]
	at java.util.concurrent.CompletableFuture$UniCompletion.claim(CompletableFuture.java:572) [?:?]
	at java.util.concurrent.CompletableFuture$UniAccept.tryFire(CompletableFuture.java:714) [?:?]
	at java.util.concurrent.CompletableFuture.postComplete(CompletableFuture.java:510) [?:?]
	at java.util.concurrent.CompletableFuture$AsyncSupply.run(CompletableFuture.java:1773) [?:?]
	at java.util.concurrent.CompletableFuture$AsyncSupply.exec(CompletableFuture.java:1760) [?:?]
	at java.util.concurrent.ForkJoinTask.doExec(ForkJoinTask.java:373) [?:?]
	at java.util.concurrent.ForkJoinPool$WorkQueue.topLevelExec(ForkJoinPool.java:1182) [?:?]
	at java.util.concurrent.ForkJoinPool.scan(ForkJoinPool.java:1655) [?:?]
	at java.util.concurrent.ForkJoinPool.runWorker(ForkJoinPool.java:1622) [?:?]
	at java.util.concurrent.ForkJoinWorkerThread.run(ForkJoinWorkerThread.java:165) [?:?]
[15:08:24] [Worker-Main-5/ERROR]: Couldn't parse loot table dbe:blocks/isolinear_back_red
com.google.gson.JsonSyntaxException: Expected name to be an item, was unknown string 'dbe:isolinear_back_red'
	at net.minecraft.class_3518.method_17995(class_3518.java:130) ~[server-intermediary.jar:?]
	at java.util.Optional.orElseThrow(Optional.java:403) ~[?:?]
	at net.minecraft.class_3518.method_15256(class_3518.java:130) ~[server-intermediary.jar:?]
	at net.minecraft.class_3518.method_15288(class_3518.java:138) ~[server-intermediary.jar:?]
	at net.minecraft.class_77$class_78.method_413(class_77.java:55) ~[server-intermediary.jar:?]
	at net.minecraft.class_77$class_78.method_443(class_77.java:40) ~[server-intermediary.jar:?]
	at net.minecraft.class_85$class_90.method_441(class_85.java:151) ~[server-intermediary.jar:?]
	at net.minecraft.class_85$class_90.method_424(class_85.java:129) ~[server-intermediary.jar:?]
	at net.minecraft.class_79$class_5337.method_29319(class_79.java:86) ~[server-intermediary.jar:?]
	at net.minecraft.class_79$class_5337.method_517(class_79.java:74) ~[server-intermediary.jar:?]
	at net.minecraft.class_5330$class_5333.deserialize(class_5330.java:102) ~[server-intermediary.jar:?]
	at com.google.gson.internal.bind.TreeTypeAdapter.read(TreeTypeAdapter.java:69) ~[gson-2.8.9.jar:?]
	at com.google.gson.internal.bind.TypeAdapterRuntimeTypeWrapper.read(TypeAdapterRuntimeTypeWrapper.java:41) ~[gson-2.8.9.jar:?]
	at com.google.gson.internal.bind.ArrayTypeAdapter.read(ArrayTypeAdapter.java:72) ~[gson-2.8.9.jar:?]
	at com.google.gson.Gson.fromJson(Gson.java:963) ~[gson-2.8.9.jar:?]
	at com.google.gson.Gson.fromJson(Gson.java:1034) ~[gson-2.8.9.jar:?]
	at com.google.gson.internal.bind.TreeTypeAdapter$GsonContextImpl.deserialize(TreeTypeAdapter.java:162) ~[gson-2.8.9.jar:?]
	at net.minecraft.class_3518.method_15291(class_3518.java:448) ~[server-intermediary.jar:?]
	at net.minecraft.class_3518.method_15272(class_3518.java:456) ~[server-intermediary.jar:?]
	at net.minecraft.class_55$class_57.method_358(class_55.java:173) ~[server-intermediary.jar:?]
	at net.minecraft.class_55$class_57.deserialize(class_55.java:169) ~[server-intermediary.jar:?]
	at com.google.gson.internal.bind.TreeTypeAdapter.read(TreeTypeAdapter.java:69) ~[gson-2.8.9.jar:?]
	at com.google.gson.internal.bind.TypeAdapterRuntimeTypeWrapper.read(TypeAdapterRuntimeTypeWrapper.java:41) ~[gson-2.8.9.jar:?]
	at com.google.gson.internal.bind.ArrayTypeAdapter.read(ArrayTypeAdapter.java:72) ~[gson-2.8.9.jar:?]
	at com.google.gson.Gson.fromJson(Gson.java:963) ~[gson-2.8.9.jar:?]
	at com.google.gson.Gson.fromJson(Gson.java:1034) ~[gson-2.8.9.jar:?]
	at com.google.gson.internal.bind.TreeTypeAdapter$GsonContextImpl.deserialize(TreeTypeAdapter.java:162) ~[gson-2.8.9.jar:?]
	at net.minecraft.class_3518.method_15291(class_3518.java:448) ~[server-intermediary.jar:?]
	at net.minecraft.class_3518.method_15283(class_3518.java:466) ~[server-intermediary.jar:?]
	at net.minecraft.class_52$class_54.method_340(class_52.java:213) ~[server-intermediary.jar:?]
	at net.minecraft.class_52$class_54.deserialize(class_52.java:209) ~[server-intermediary.jar:?]
	at com.google.gson.internal.bind.TreeTypeAdapter.read(TreeTypeAdapter.java:69) ~[gson-2.8.9.jar:?]
	at com.google.gson.Gson.fromJson(Gson.java:963) ~[gson-2.8.9.jar:?]
	at com.google.gson.Gson.fromJson(Gson.java:1034) ~[gson-2.8.9.jar:?]
	at com.google.gson.Gson.fromJson(Gson.java:1006) ~[gson-2.8.9.jar:?]
	at net.minecraft.class_60.method_20711(class_60.java:44) ~[server-intermediary.jar:?]
	at dev.latvian.mods.kubejs.core.LootTablesKJS.applyKJS0(LootTablesKJS.java:39) ~[kubejs-fabric-1802.5.5-build.569.jar:?]
	at net.minecraft.class_60.redirect$ccd000$kubejs$applyKJS(class_60.java:2023) ~[server-intermediary.jar:?]
	at net.minecraft.class_60.method_20712(class_60.java:42) ~[server-intermediary.jar:?]
	at net.minecraft.class_60.method_18788(class_60.java:17) ~[server-intermediary.jar:?]
	at net.minecraft.class_4080.method_18790(class_4080.java:13) ~[server-intermediary.jar:?]
	at java.util.concurrent.CompletableFuture$UniAccept.tryFire(CompletableFuture.java:718) ~[?:?]
	at java.util.concurrent.CompletableFuture$Completion.run(CompletableFuture.java:482) ~[?:?]
	at net.minecraft.class_4014.method_18365(class_4014.java:69) ~[server-intermediary.jar:?]
	at net.minecraft.class_4014.method_18367(class_4014.java:68) ~[server-intermediary.jar:?]
	at java.util.concurrent.CompletableFuture$UniCompletion.claim(CompletableFuture.java:572) ~[?:?]
	at java.util.concurrent.CompletableFuture$UniAccept.tryFire(CompletableFuture.java:714) ~[?:?]
	at java.util.concurrent.CompletableFuture.postComplete(CompletableFuture.java:510) ~[?:?]
	at java.util.concurrent.CompletableFuture.postFire(CompletableFuture.java:614) ~[?:?]
	at java.util.concurrent.CompletableFuture$UniAccept.tryFire(CompletableFuture.java:726) ~[?:?]
	at java.util.concurrent.CompletableFuture$Completion.run(CompletableFuture.java:482) ~[?:?]
	at net.minecraft.class_4014.method_18365(class_4014.java:69) ~[server-intermediary.jar:?]
	at net.minecraft.class_4014.method_18367(class_4014.java:68) ~[server-intermediary.jar:?]
	at java.util.concurrent.CompletableFuture$UniCompletion.claim(CompletableFuture.java:572) [?:?]
	at java.util.concurrent.CompletableFuture$UniAccept.tryFire(CompletableFuture.java:714) [?:?]
	at java.util.concurrent.CompletableFuture.postComplete(CompletableFuture.java:510) [?:?]
	at java.util.concurrent.CompletableFuture$AsyncSupply.run(CompletableFuture.java:1773) [?:?]
	at java.util.concurrent.CompletableFuture$AsyncSupply.exec(CompletableFuture.java:1760) [?:?]
	at java.util.concurrent.ForkJoinTask.doExec(ForkJoinTask.java:373) [?:?]
	at java.util.concurrent.ForkJoinPool$WorkQueue.topLevelExec(ForkJoinPool.java:1182) [?:?]
	at java.util.concurrent.ForkJoinPool.scan(ForkJoinPool.java:1655) [?:?]
	at java.util.concurrent.ForkJoinPool.runWorker(ForkJoinPool.java:1622) [?:?]
	at java.util.concurrent.ForkJoinWorkerThread.run(ForkJoinWorkerThread.java:165) [?:?]
[15:08:24] [Worker-Main-5/ERROR]: Couldn't parse loot table dbe:blocks/isolinear_back_green
com.google.gson.JsonSyntaxException: Expected name to be an item, was unknown string 'dbe:isolinear_back_green'
	at net.minecraft.class_3518.method_17995(class_3518.java:130) ~[server-intermediary.jar:?]
	at java.util.Optional.orElseThrow(Optional.java:403) ~[?:?]
	at net.minecraft.class_3518.method_15256(class_3518.java:130) ~[server-intermediary.jar:?]
	at net.minecraft.class_3518.method_15288(class_3518.java:138) ~[server-intermediary.jar:?]
	at net.minecraft.class_77$class_78.method_413(class_77.java:55) ~[server-intermediary.jar:?]
	at net.minecraft.class_77$class_78.method_443(class_77.java:40) ~[server-intermediary.jar:?]
	at net.minecraft.class_85$class_90.method_441(class_85.java:151) ~[server-intermediary.jar:?]
	at net.minecraft.class_85$class_90.method_424(class_85.java:129) ~[server-intermediary.jar:?]
	at net.minecraft.class_79$class_5337.method_29319(class_79.java:86) ~[server-intermediary.jar:?]
	at net.minecraft.class_79$class_5337.method_517(class_79.java:74) ~[server-intermediary.jar:?]
	at net.minecraft.class_5330$class_5333.deserialize(class_5330.java:102) ~[server-intermediary.jar:?]
	at com.google.gson.internal.bind.TreeTypeAdapter.read(TreeTypeAdapter.java:69) ~[gson-2.8.9.jar:?]
	at com.google.gson.internal.bind.TypeAdapterRuntimeTypeWrapper.read(TypeAdapterRuntimeTypeWrapper.java:41) ~[gson-2.8.9.jar:?]
	at com.google.gson.internal.bind.ArrayTypeAdapter.read(ArrayTypeAdapter.java:72) ~[gson-2.8.9.jar:?]
	at com.google.gson.Gson.fromJson(Gson.java:963) ~[gson-2.8.9.jar:?]
	at com.google.gson.Gson.fromJson(Gson.java:1034) ~[gson-2.8.9.jar:?]
	at com.google.gson.internal.bind.TreeTypeAdapter$GsonContextImpl.deserialize(TreeTypeAdapter.java:162) ~[gson-2.8.9.jar:?]
	at net.minecraft.class_3518.method_15291(class_3518.java:448) ~[server-intermediary.jar:?]
	at net.minecraft.class_3518.method_15272(class_3518.java:456) ~[server-intermediary.jar:?]
	at net.minecraft.class_55$class_57.method_358(class_55.java:173) ~[server-intermediary.jar:?]
	at net.minecraft.class_55$class_57.deserialize(class_55.java:169) ~[server-intermediary.jar:?]
	at com.google.gson.internal.bind.TreeTypeAdapter.read(TreeTypeAdapter.java:69) ~[gson-2.8.9.jar:?]
	at com.google.gson.internal.bind.TypeAdapterRuntimeTypeWrapper.read(TypeAdapterRuntimeTypeWrapper.java:41) ~[gson-2.8.9.jar:?]
	at com.google.gson.internal.bind.ArrayTypeAdapter.read(ArrayTypeAdapter.java:72) ~[gson-2.8.9.jar:?]
	at com.google.gson.Gson.fromJson(Gson.java:963) ~[gson-2.8.9.jar:?]
	at com.google.gson.Gson.fromJson(Gson.java:1034) ~[gson-2.8.9.jar:?]
	at com.google.gson.internal.bind.TreeTypeAdapter$GsonContextImpl.deserialize(TreeTypeAdapter.java:162) ~[gson-2.8.9.jar:?]
	at net.minecraft.class_3518.method_15291(class_3518.java:448) ~[server-intermediary.jar:?]
	at net.minecraft.class_3518.method_15283(class_3518.java:466) ~[server-intermediary.jar:?]
	at net.minecraft.class_52$class_54.method_340(class_52.java:213) ~[server-intermediary.jar:?]
	at net.minecraft.class_52$class_54.deserialize(class_52.java:209) ~[server-intermediary.jar:?]
	at com.google.gson.internal.bind.TreeTypeAdapter.read(TreeTypeAdapter.java:69) ~[gson-2.8.9.jar:?]
	at com.google.gson.Gson.fromJson(Gson.java:963) ~[gson-2.8.9.jar:?]
	at com.google.gson.Gson.fromJson(Gson.java:1034) ~[gson-2.8.9.jar:?]
	at com.google.gson.Gson.fromJson(Gson.java:1006) ~[gson-2.8.9.jar:?]
	at net.minecraft.class_60.method_20711(class_60.java:44) ~[server-intermediary.jar:?]
	at dev.latvian.mods.kubejs.core.LootTablesKJS.applyKJS0(LootTablesKJS.java:39) ~[kubejs-fabric-1802.5.5-build.569.jar:?]
	at net.minecraft.class_60.redirect$ccd000$kubejs$applyKJS(class_60.java:2023) ~[server-intermediary.jar:?]
	at net.minecraft.class_60.method_20712(class_60.java:42) ~[server-intermediary.jar:?]
	at net.minecraft.class_60.method_18788(class_60.java:17) ~[server-intermediary.jar:?]
	at net.minecraft.class_4080.method_18790(class_4080.java:13) ~[server-intermediary.jar:?]
	at java.util.concurrent.CompletableFuture$UniAccept.tryFire(CompletableFuture.java:718) ~[?:?]
	at java.util.concurrent.CompletableFuture$Completion.run(CompletableFuture.java:482) ~[?:?]
	at net.minecraft.class_4014.method_18365(class_4014.java:69) ~[server-intermediary.jar:?]
	at net.minecraft.class_4014.method_18367(class_4014.java:68) ~[server-intermediary.jar:?]
	at java.util.concurrent.CompletableFuture$UniCompletion.claim(CompletableFuture.java:572) ~[?:?]
	at java.util.concurrent.CompletableFuture$UniAccept.tryFire(CompletableFuture.java:714) ~[?:?]
	at java.util.concurrent.CompletableFuture.postComplete(CompletableFuture.java:510) ~[?:?]
	at java.util.concurrent.CompletableFuture.postFire(CompletableFuture.java:614) ~[?:?]
	at java.util.concurrent.CompletableFuture$UniAccept.tryFire(CompletableFuture.java:726) ~[?:?]
	at java.util.concurrent.CompletableFuture$Completion.run(CompletableFuture.java:482) ~[?:?]
	at net.minecraft.class_4014.method_18365(class_4014.java:69) ~[server-intermediary.jar:?]
	at net.minecraft.class_4014.method_18367(class_4014.java:68) ~[server-intermediary.jar:?]
	at java.util.concurrent.CompletableFuture$UniCompletion.claim(CompletableFuture.java:572) [?:?]
	at java.util.concurrent.CompletableFuture$UniAccept.tryFire(CompletableFuture.java:714) [?:?]
	at java.util.concurrent.CompletableFuture.postComplete(CompletableFuture.java:510) [?:?]
	at java.util.concurrent.CompletableFuture$AsyncSupply.run(CompletableFuture.java:1773) [?:?]
	at java.util.concurrent.CompletableFuture$AsyncSupply.exec(CompletableFuture.java:1760) [?:?]
	at java.util.concurrent.ForkJoinTask.doExec(ForkJoinTask.java:373) [?:?]
	at java.util.concurrent.ForkJoinPool$WorkQueue.topLevelExec(ForkJoinPool.java:1182) [?:?]
	at java.util.concurrent.ForkJoinPool.scan(ForkJoinPool.java:1655) [?:?]
	at java.util.concurrent.ForkJoinPool.runWorker(ForkJoinPool.java:1622) [?:?]
	at java.util.concurrent.ForkJoinWorkerThread.run(ForkJoinWorkerThread.java:165) [?:?]
[15:08:24] [Worker-Main-5/ERROR]: Couldn't parse loot table dbe:blocks/arrow_up_sign
com.google.gson.JsonSyntaxException: Expected name to be an item, was unknown string 'dbe:arrow_up_sign'
	at net.minecraft.class_3518.method_17995(class_3518.java:130) ~[server-intermediary.jar:?]
	at java.util.Optional.orElseThrow(Optional.java:403) ~[?:?]
	at net.minecraft.class_3518.method_15256(class_3518.java:130) ~[server-intermediary.jar:?]
	at net.minecraft.class_3518.method_15288(class_3518.java:138) ~[server-intermediary.jar:?]
	at net.minecraft.class_77$class_78.method_413(class_77.java:55) ~[server-intermediary.jar:?]
	at net.minecraft.class_77$class_78.method_443(class_77.java:40) ~[server-intermediary.jar:?]
	at net.minecraft.class_85$class_90.method_441(class_85.java:151) ~[server-intermediary.jar:?]
	at net.minecraft.class_85$class_90.method_424(class_85.java:129) ~[server-intermediary.jar:?]
	at net.minecraft.class_79$class_5337.method_29319(class_79.java:86) ~[server-intermediary.jar:?]
	at net.minecraft.class_79$class_5337.method_517(class_79.java:74) ~[server-intermediary.jar:?]
	at net.minecraft.class_5330$class_5333.deserialize(class_5330.java:102) ~[server-intermediary.jar:?]
	at com.google.gson.internal.bind.TreeTypeAdapter.read(TreeTypeAdapter.java:69) ~[gson-2.8.9.jar:?]
	at com.google.gson.internal.bind.TypeAdapterRuntimeTypeWrapper.read(TypeAdapterRuntimeTypeWrapper.java:41) ~[gson-2.8.9.jar:?]
	at com.google.gson.internal.bind.ArrayTypeAdapter.read(ArrayTypeAdapter.java:72) ~[gson-2.8.9.jar:?]
	at com.google.gson.Gson.fromJson(Gson.java:963) ~[gson-2.8.9.jar:?]
	at com.google.gson.Gson.fromJson(Gson.java:1034) ~[gson-2.8.9.jar:?]
	at com.google.gson.internal.bind.TreeTypeAdapter$GsonContextImpl.deserialize(TreeTypeAdapter.java:162) ~[gson-2.8.9.jar:?]
	at net.minecraft.class_3518.method_15291(class_3518.java:448) ~[server-intermediary.jar:?]
	at net.minecraft.class_3518.method_15272(class_3518.java:456) ~[server-intermediary.jar:?]
	at net.minecraft.class_55$class_57.method_358(class_55.java:173) ~[server-intermediary.jar:?]
	at net.minecraft.class_55$class_57.deserialize(class_55.java:169) ~[server-intermediary.jar:?]
	at com.google.gson.internal.bind.TreeTypeAdapter.read(TreeTypeAdapter.java:69) ~[gson-2.8.9.jar:?]
	at com.google.gson.internal.bind.TypeAdapterRuntimeTypeWrapper.read(TypeAdapterRuntimeTypeWrapper.java:41) ~[gson-2.8.9.jar:?]
	at com.google.gson.internal.bind.ArrayTypeAdapter.read(ArrayTypeAdapter.java:72) ~[gson-2.8.9.jar:?]
	at com.google.gson.Gson.fromJson(Gson.java:963) ~[gson-2.8.9.jar:?]
	at com.google.gson.Gson.fromJson(Gson.java:1034) ~[gson-2.8.9.jar:?]
	at com.google.gson.internal.bind.TreeTypeAdapter$GsonContextImpl.deserialize(TreeTypeAdapter.java:162) ~[gson-2.8.9.jar:?]
	at net.minecraft.class_3518.method_15291(class_3518.java:448) ~[server-intermediary.jar:?]
	at net.minecraft.class_3518.method_15283(class_3518.java:466) ~[server-intermediary.jar:?]
	at net.minecraft.class_52$class_54.method_340(class_52.java:213) ~[server-intermediary.jar:?]
	at net.minecraft.class_52$class_54.deserialize(class_52.java:209) ~[server-intermediary.jar:?]
	at com.google.gson.internal.bind.TreeTypeAdapter.read(TreeTypeAdapter.java:69) ~[gson-2.8.9.jar:?]
	at com.google.gson.Gson.fromJson(Gson.java:963) ~[gson-2.8.9.jar:?]
	at com.google.gson.Gson.fromJson(Gson.java:1034) ~[gson-2.8.9.jar:?]
	at com.google.gson.Gson.fromJson(Gson.java:1006) ~[gson-2.8.9.jar:?]
	at net.minecraft.class_60.method_20711(class_60.java:44) ~[server-intermediary.jar:?]
	at dev.latvian.mods.kubejs.core.LootTablesKJS.applyKJS0(LootTablesKJS.java:39) ~[kubejs-fabric-1802.5.5-build.569.jar:?]
	at net.minecraft.class_60.redirect$ccd000$kubejs$applyKJS(class_60.java:2023) ~[server-intermediary.jar:?]
	at net.minecraft.class_60.method_20712(class_60.java:42) ~[server-intermediary.jar:?]
	at net.minecraft.class_60.method_18788(class_60.java:17) ~[server-intermediary.jar:?]
	at net.minecraft.class_4080.method_18790(class_4080.java:13) ~[server-intermediary.jar:?]
	at java.util.concurrent.CompletableFuture$UniAccept.tryFire(CompletableFuture.java:718) ~[?:?]
	at java.util.concurrent.CompletableFuture$Completion.run(CompletableFuture.java:482) ~[?:?]
	at net.minecraft.class_4014.method_18365(class_4014.java:69) ~[server-intermediary.jar:?]
	at net.minecraft.class_4014.method_18367(class_4014.java:68) ~[server-intermediary.jar:?]
	at java.util.concurrent.CompletableFuture$UniCompletion.claim(CompletableFuture.java:572) ~[?:?]
	at java.util.concurrent.CompletableFuture$UniAccept.tryFire(CompletableFuture.java:714) ~[?:?]
	at java.util.concurrent.CompletableFuture.postComplete(CompletableFuture.java:510) ~[?:?]
	at java.util.concurrent.CompletableFuture.postFire(CompletableFuture.java:614) ~[?:?]
	at java.util.concurrent.CompletableFuture$UniAccept.tryFire(CompletableFuture.java:726) ~[?:?]
	at java.util.concurrent.CompletableFuture$Completion.run(CompletableFuture.java:482) ~[?:?]
	at net.minecraft.class_4014.method_18365(class_4014.java:69) ~[server-intermediary.jar:?]
	at net.minecraft.class_4014.method_18367(class_4014.java:68) ~[server-intermediary.jar:?]
	at java.util.concurrent.CompletableFuture$UniCompletion.claim(CompletableFuture.java:572) [?:?]
	at java.util.concurrent.CompletableFuture$UniAccept.tryFire(CompletableFuture.java:714) [?:?]
	at java.util.concurrent.CompletableFuture.postComplete(CompletableFuture.java:510) [?:?]
	at java.util.concurrent.CompletableFuture$AsyncSupply.run(CompletableFuture.java:1773) [?:?]
	at java.util.concurrent.CompletableFuture$AsyncSupply.exec(CompletableFuture.java:1760) [?:?]
	at java.util.concurrent.ForkJoinTask.doExec(ForkJoinTask.java:373) [?:?]
	at java.util.concurrent.ForkJoinPool$WorkQueue.topLevelExec(ForkJoinPool.java:1182) [?:?]
	at java.util.concurrent.ForkJoinPool.scan(ForkJoinPool.java:1655) [?:?]
	at java.util.concurrent.ForkJoinPool.runWorker(ForkJoinPool.java:1622) [?:?]
	at java.util.concurrent.ForkJoinWorkerThread.run(ForkJoinWorkerThread.java:165) [?:?]
[15:08:24] [Worker-Main-5/ERROR]: Couldn't parse loot table dbe:blocks/lighton
com.google.gson.JsonSyntaxException: Expected name to be an item, was unknown string 'dbe:lighton'
	at net.minecraft.class_3518.method_17995(class_3518.java:130) ~[server-intermediary.jar:?]
	at java.util.Optional.orElseThrow(Optional.java:403) ~[?:?]
	at net.minecraft.class_3518.method_15256(class_3518.java:130) ~[server-intermediary.jar:?]
	at net.minecraft.class_3518.method_15288(class_3518.java:138) ~[server-intermediary.jar:?]
	at net.minecraft.class_77$class_78.method_413(class_77.java:55) ~[server-intermediary.jar:?]
	at net.minecraft.class_77$class_78.method_443(class_77.java:40) ~[server-intermediary.jar:?]
	at net.minecraft.class_85$class_90.method_441(class_85.java:151) ~[server-intermediary.jar:?]
	at net.minecraft.class_85$class_90.method_424(class_85.java:129) ~[server-intermediary.jar:?]
	at net.minecraft.class_79$class_5337.method_29319(class_79.java:86) ~[server-intermediary.jar:?]
	at net.minecraft.class_79$class_5337.method_517(class_79.java:74) ~[server-intermediary.jar:?]
	at net.minecraft.class_5330$class_5333.deserialize(class_5330.java:102) ~[server-intermediary.jar:?]
	at com.google.gson.internal.bind.TreeTypeAdapter.read(TreeTypeAdapter.java:69) ~[gson-2.8.9.jar:?]
	at com.google.gson.internal.bind.TypeAdapterRuntimeTypeWrapper.read(TypeAdapterRuntimeTypeWrapper.java:41) ~[gson-2.8.9.jar:?]
	at com.google.gson.internal.bind.ArrayTypeAdapter.read(ArrayTypeAdapter.java:72) ~[gson-2.8.9.jar:?]
	at com.google.gson.Gson.fromJson(Gson.java:963) ~[gson-2.8.9.jar:?]
	at com.google.gson.Gson.fromJson(Gson.java:1034) ~[gson-2.8.9.jar:?]
	at com.google.gson.internal.bind.TreeTypeAdapter$GsonContextImpl.deserialize(TreeTypeAdapter.java:162) ~[gson-2.8.9.jar:?]
	at net.minecraft.class_3518.method_15291(class_3518.java:448) ~[server-intermediary.jar:?]
	at net.minecraft.class_3518.method_15272(class_3518.java:456) ~[server-intermediary.jar:?]
	at net.minecraft.class_55$class_57.method_358(class_55.java:173) ~[server-intermediary.jar:?]
	at net.minecraft.class_55$class_57.deserialize(class_55.java:169) ~[server-intermediary.jar:?]
	at com.google.gson.internal.bind.TreeTypeAdapter.read(TreeTypeAdapter.java:69) ~[gson-2.8.9.jar:?]
	at com.google.gson.internal.bind.TypeAdapterRuntimeTypeWrapper.read(TypeAdapterRuntimeTypeWrapper.java:41) ~[gson-2.8.9.jar:?]
	at com.google.gson.internal.bind.ArrayTypeAdapter.read(ArrayTypeAdapter.java:72) ~[gson-2.8.9.jar:?]
	at com.google.gson.Gson.fromJson(Gson.java:963) ~[gson-2.8.9.jar:?]
	at com.google.gson.Gson.fromJson(Gson.java:1034) ~[gson-2.8.9.jar:?]
	at com.google.gson.internal.bind.TreeTypeAdapter$GsonContextImpl.deserialize(TreeTypeAdapter.java:162) ~[gson-2.8.9.jar:?]
	at net.minecraft.class_3518.method_15291(class_3518.java:448) ~[server-intermediary.jar:?]
	at net.minecraft.class_3518.method_15283(class_3518.java:466) ~[server-intermediary.jar:?]
	at net.minecraft.class_52$class_54.method_340(class_52.java:213) ~[server-intermediary.jar:?]
	at net.minecraft.class_52$class_54.deserialize(class_52.java:209) ~[server-intermediary.jar:?]
	at com.google.gson.internal.bind.TreeTypeAdapter.read(TreeTypeAdapter.java:69) ~[gson-2.8.9.jar:?]
	at com.google.gson.Gson.fromJson(Gson.java:963) ~[gson-2.8.9.jar:?]
	at com.google.gson.Gson.fromJson(Gson.java:1034) ~[gson-2.8.9.jar:?]
	at com.google.gson.Gson.fromJson(Gson.java:1006) ~[gson-2.8.9.jar:?]
	at net.minecraft.class_60.method_20711(class_60.java:44) ~[server-intermediary.jar:?]
	at dev.latvian.mods.kubejs.core.LootTablesKJS.applyKJS0(LootTablesKJS.java:39) ~[kubejs-fabric-1802.5.5-build.569.jar:?]
	at net.minecraft.class_60.redirect$ccd000$kubejs$applyKJS(class_60.java:2023) ~[server-intermediary.jar:?]
	at net.minecraft.class_60.method_20712(class_60.java:42) ~[server-intermediary.jar:?]
	at net.minecraft.class_60.method_18788(class_60.java:17) ~[server-intermediary.jar:?]
	at net.minecraft.class_4080.method_18790(class_4080.java:13) ~[server-intermediary.jar:?]
	at java.util.concurrent.CompletableFuture$UniAccept.tryFire(CompletableFuture.java:718) ~[?:?]
	at java.util.concurrent.CompletableFuture$Completion.run(CompletableFuture.java:482) ~[?:?]
	at net.minecraft.class_4014.method_18365(class_4014.java:69) ~[server-intermediary.jar:?]
	at net.minecraft.class_4014.method_18367(class_4014.java:68) ~[server-intermediary.jar:?]
	at java.util.concurrent.CompletableFuture$UniCompletion.claim(CompletableFuture.java:572) ~[?:?]
	at java.util.concurrent.CompletableFuture$UniAccept.tryFire(CompletableFuture.java:714) ~[?:?]
	at java.util.concurrent.CompletableFuture.postComplete(CompletableFuture.java:510) ~[?:?]
	at java.util.concurrent.CompletableFuture.postFire(CompletableFuture.java:614) ~[?:?]
	at java.util.concurrent.CompletableFuture$UniAccept.tryFire(CompletableFuture.java:726) ~[?:?]
	at java.util.concurrent.CompletableFuture$Completion.run(CompletableFuture.java:482) ~[?:?]
	at net.minecraft.class_4014.method_18365(class_4014.java:69) ~[server-intermediary.jar:?]
	at net.minecraft.class_4014.method_18367(class_4014.java:68) ~[server-intermediary.jar:?]
	at java.util.concurrent.CompletableFuture$UniCompletion.claim(CompletableFuture.java:572) [?:?]
	at java.util.concurrent.CompletableFuture$UniAccept.tryFire(CompletableFuture.java:714) [?:?]
	at java.util.concurrent.CompletableFuture.postComplete(CompletableFuture.java:510) [?:?]
	at java.util.concurrent.CompletableFuture$AsyncSupply.run(CompletableFuture.java:1773) [?:?]
	at java.util.concurrent.CompletableFuture$AsyncSupply.exec(CompletableFuture.java:1760) [?:?]
	at java.util.concurrent.ForkJoinTask.doExec(ForkJoinTask.java:373) [?:?]
	at java.util.concurrent.ForkJoinPool$WorkQueue.topLevelExec(ForkJoinPool.java:1182) [?:?]
	at java.util.concurrent.ForkJoinPool.scan(ForkJoinPool.java:1655) [?:?]
	at java.util.concurrent.ForkJoinPool.runWorker(ForkJoinPool.java:1622) [?:?]
	at java.util.concurrent.ForkJoinWorkerThread.run(ForkJoinWorkerThread.java:165) [?:?]
[15:08:24] [Worker-Main-5/ERROR]: Couldn't parse loot table dbe:blocks/isolinear_front_green
com.google.gson.JsonSyntaxException: Expected name to be an item, was unknown string 'dbe:isolinear_front_green'
	at net.minecraft.class_3518.method_17995(class_3518.java:130) ~[server-intermediary.jar:?]
	at java.util.Optional.orElseThrow(Optional.java:403) ~[?:?]
	at net.minecraft.class_3518.method_15256(class_3518.java:130) ~[server-intermediary.jar:?]
	at net.minecraft.class_3518.method_15288(class_3518.java:138) ~[server-intermediary.jar:?]
	at net.minecraft.class_77$class_78.method_413(class_77.java:55) ~[server-intermediary.jar:?]
	at net.minecraft.class_77$class_78.method_443(class_77.java:40) ~[server-intermediary.jar:?]
	at net.minecraft.class_85$class_90.method_441(class_85.java:151) ~[server-intermediary.jar:?]
	at net.minecraft.class_85$class_90.method_424(class_85.java:129) ~[server-intermediary.jar:?]
	at net.minecraft.class_79$class_5337.method_29319(class_79.java:86) ~[server-intermediary.jar:?]
	at net.minecraft.class_79$class_5337.method_517(class_79.java:74) ~[server-intermediary.jar:?]
	at net.minecraft.class_5330$class_5333.deserialize(class_5330.java:102) ~[server-intermediary.jar:?]
	at com.google.gson.internal.bind.TreeTypeAdapter.read(TreeTypeAdapter.java:69) ~[gson-2.8.9.jar:?]
	at com.google.gson.internal.bind.TypeAdapterRuntimeTypeWrapper.read(TypeAdapterRuntimeTypeWrapper.java:41) ~[gson-2.8.9.jar:?]
	at com.google.gson.internal.bind.ArrayTypeAdapter.read(ArrayTypeAdapter.java:72) ~[gson-2.8.9.jar:?]
	at com.google.gson.Gson.fromJson(Gson.java:963) ~[gson-2.8.9.jar:?]
	at com.google.gson.Gson.fromJson(Gson.java:1034) ~[gson-2.8.9.jar:?]
	at com.google.gson.internal.bind.TreeTypeAdapter$GsonContextImpl.deserialize(TreeTypeAdapter.java:162) ~[gson-2.8.9.jar:?]
	at net.minecraft.class_3518.method_15291(class_3518.java:448) ~[server-intermediary.jar:?]
	at net.minecraft.class_3518.method_15272(class_3518.java:456) ~[server-intermediary.jar:?]
	at net.minecraft.class_55$class_57.method_358(class_55.java:173) ~[server-intermediary.jar:?]
	at net.minecraft.class_55$class_57.deserialize(class_55.java:169) ~[server-intermediary.jar:?]
	at com.google.gson.internal.bind.TreeTypeAdapter.read(TreeTypeAdapter.java:69) ~[gson-2.8.9.jar:?]
	at com.google.gson.internal.bind.TypeAdapterRuntimeTypeWrapper.read(TypeAdapterRuntimeTypeWrapper.java:41) ~[gson-2.8.9.jar:?]
	at com.google.gson.internal.bind.ArrayTypeAdapter.read(ArrayTypeAdapter.java:72) ~[gson-2.8.9.jar:?]
	at com.google.gson.Gson.fromJson(Gson.java:963) ~[gson-2.8.9.jar:?]
	at com.google.gson.Gson.fromJson(Gson.java:1034) ~[gson-2.8.9.jar:?]
	at com.google.gson.internal.bind.TreeTypeAdapter$GsonContextImpl.deserialize(TreeTypeAdapter.java:162) ~[gson-2.8.9.jar:?]
	at net.minecraft.class_3518.method_15291(class_3518.java:448) ~[server-intermediary.jar:?]
	at net.minecraft.class_3518.method_15283(class_3518.java:466) ~[server-intermediary.jar:?]
	at net.minecraft.class_52$class_54.method_340(class_52.java:213) ~[server-intermediary.jar:?]
	at net.minecraft.class_52$class_54.deserialize(class_52.java:209) ~[server-intermediary.jar:?]
	at com.google.gson.internal.bind.TreeTypeAdapter.read(TreeTypeAdapter.java:69) ~[gson-2.8.9.jar:?]
	at com.google.gson.Gson.fromJson(Gson.java:963) ~[gson-2.8.9.jar:?]
	at com.google.gson.Gson.fromJson(Gson.java:1034) ~[gson-2.8.9.jar:?]
	at com.google.gson.Gson.fromJson(Gson.java:1006) ~[gson-2.8.9.jar:?]
	at net.minecraft.class_60.method_20711(class_60.java:44) ~[server-intermediary.jar:?]
	at dev.latvian.mods.kubejs.core.LootTablesKJS.applyKJS0(LootTablesKJS.java:39) ~[kubejs-fabric-1802.5.5-build.569.jar:?]
	at net.minecraft.class_60.redirect$ccd000$kubejs$applyKJS(class_60.java:2023) ~[server-intermediary.jar:?]
	at net.minecraft.class_60.method_20712(class_60.java:42) ~[server-intermediary.jar:?]
	at net.minecraft.class_60.method_18788(class_60.java:17) ~[server-intermediary.jar:?]
	at net.minecraft.class_4080.method_18790(class_4080.java:13) ~[server-intermediary.jar:?]
	at java.util.concurrent.CompletableFuture$UniAccept.tryFire(CompletableFuture.java:718) ~[?:?]
	at java.util.concurrent.CompletableFuture$Completion.run(CompletableFuture.java:482) ~[?:?]
	at net.minecraft.class_4014.method_18365(class_4014.java:69) ~[server-intermediary.jar:?]
	at net.minecraft.class_4014.method_18367(class_4014.java:68) ~[server-intermediary.jar:?]
	at java.util.concurrent.CompletableFuture$UniCompletion.claim(CompletableFuture.java:572) ~[?:?]
	at java.util.concurrent.CompletableFuture$UniAccept.tryFire(CompletableFuture.java:714) ~[?:?]
	at java.util.concurrent.CompletableFuture.postComplete(CompletableFuture.java:510) ~[?:?]
	at java.util.concurrent.CompletableFuture.postFire(CompletableFuture.java:614) ~[?:?]
	at java.util.concurrent.CompletableFuture$UniAccept.tryFire(CompletableFuture.java:726) ~[?:?]
	at java.util.concurrent.CompletableFuture$Completion.run(CompletableFuture.java:482) ~[?:?]
	at net.minecraft.class_4014.method_18365(class_4014.java:69) ~[server-intermediary.jar:?]
	at net.minecraft.class_4014.method_18367(class_4014.java:68) ~[server-intermediary.jar:?]
	at java.util.concurrent.CompletableFuture$UniCompletion.claim(CompletableFuture.java:572) [?:?]
	at java.util.concurrent.CompletableFuture$UniAccept.tryFire(CompletableFuture.java:714) [?:?]
	at java.util.concurrent.CompletableFuture.postComplete(CompletableFuture.java:510) [?:?]
	at java.util.concurrent.CompletableFuture$AsyncSupply.run(CompletableFuture.java:1773) [?:?]
	at java.util.concurrent.CompletableFuture$AsyncSupply.exec(CompletableFuture.java:1760) [?:?]
	at java.util.concurrent.ForkJoinTask.doExec(ForkJoinTask.java:373) [?:?]
	at java.util.concurrent.ForkJoinPool$WorkQueue.topLevelExec(ForkJoinPool.java:1182) [?:?]
	at java.util.concurrent.ForkJoinPool.scan(ForkJoinPool.java:1655) [?:?]
	at java.util.concurrent.ForkJoinPool.runWorker(ForkJoinPool.java:1622) [?:?]
	at java.util.concurrent.ForkJoinWorkerThread.run(ForkJoinWorkerThread.java:165) [?:?]
[15:08:24] [Worker-Main-5/ERROR]: Couldn't parse loot table dbe:blocks/isolinear_front_red
com.google.gson.JsonSyntaxException: Expected name to be an item, was unknown string 'dbe:isolinear_front_red'
	at net.minecraft.class_3518.method_17995(class_3518.java:130) ~[server-intermediary.jar:?]
	at java.util.Optional.orElseThrow(Optional.java:403) ~[?:?]
	at net.minecraft.class_3518.method_15256(class_3518.java:130) ~[server-intermediary.jar:?]
	at net.minecraft.class_3518.method_15288(class_3518.java:138) ~[server-intermediary.jar:?]
	at net.minecraft.class_77$class_78.method_413(class_77.java:55) ~[server-intermediary.jar:?]
	at net.minecraft.class_77$class_78.method_443(class_77.java:40) ~[server-intermediary.jar:?]
	at net.minecraft.class_85$class_90.method_441(class_85.java:151) ~[server-intermediary.jar:?]
	at net.minecraft.class_85$class_90.method_424(class_85.java:129) ~[server-intermediary.jar:?]
	at net.minecraft.class_79$class_5337.method_29319(class_79.java:86) ~[server-intermediary.jar:?]
	at net.minecraft.class_79$class_5337.method_517(class_79.java:74) ~[server-intermediary.jar:?]
	at net.minecraft.class_5330$class_5333.deserialize(class_5330.java:102) ~[server-intermediary.jar:?]
	at com.google.gson.internal.bind.TreeTypeAdapter.read(TreeTypeAdapter.java:69) ~[gson-2.8.9.jar:?]
	at com.google.gson.internal.bind.TypeAdapterRuntimeTypeWrapper.read(TypeAdapterRuntimeTypeWrapper.java:41) ~[gson-2.8.9.jar:?]
	at com.google.gson.internal.bind.ArrayTypeAdapter.read(ArrayTypeAdapter.java:72) ~[gson-2.8.9.jar:?]
	at com.google.gson.Gson.fromJson(Gson.java:963) ~[gson-2.8.9.jar:?]
	at com.google.gson.Gson.fromJson(Gson.java:1034) ~[gson-2.8.9.jar:?]
	at com.google.gson.internal.bind.TreeTypeAdapter$GsonContextImpl.deserialize(TreeTypeAdapter.java:162) ~[gson-2.8.9.jar:?]
	at net.minecraft.class_3518.method_15291(class_3518.java:448) ~[server-intermediary.jar:?]
	at net.minecraft.class_3518.method_15272(class_3518.java:456) ~[server-intermediary.jar:?]
	at net.minecraft.class_55$class_57.method_358(class_55.java:173) ~[server-intermediary.jar:?]
	at net.minecraft.class_55$class_57.deserialize(class_55.java:169) ~[server-intermediary.jar:?]
	at com.google.gson.internal.bind.TreeTypeAdapter.read(TreeTypeAdapter.java:69) ~[gson-2.8.9.jar:?]
	at com.google.gson.internal.bind.TypeAdapterRuntimeTypeWrapper.read(TypeAdapterRuntimeTypeWrapper.java:41) ~[gson-2.8.9.jar:?]
	at com.google.gson.internal.bind.ArrayTypeAdapter.read(ArrayTypeAdapter.java:72) ~[gson-2.8.9.jar:?]
	at com.google.gson.Gson.fromJson(Gson.java:963) ~[gson-2.8.9.jar:?]
	at com.google.gson.Gson.fromJson(Gson.java:1034) ~[gson-2.8.9.jar:?]
	at com.google.gson.internal.bind.TreeTypeAdapter$GsonContextImpl.deserialize(TreeTypeAdapter.java:162) ~[gson-2.8.9.jar:?]
	at net.minecraft.class_3518.method_15291(class_3518.java:448) ~[server-intermediary.jar:?]
	at net.minecraft.class_3518.method_15283(class_3518.java:466) ~[server-intermediary.jar:?]
	at net.minecraft.class_52$class_54.method_340(class_52.java:213) ~[server-intermediary.jar:?]
	at net.minecraft.class_52$class_54.deserialize(class_52.java:209) ~[server-intermediary.jar:?]
	at com.google.gson.internal.bind.TreeTypeAdapter.read(TreeTypeAdapter.java:69) ~[gson-2.8.9.jar:?]
	at com.google.gson.Gson.fromJson(Gson.java:963) ~[gson-2.8.9.jar:?]
	at com.google.gson.Gson.fromJson(Gson.java:1034) ~[gson-2.8.9.jar:?]
	at com.google.gson.Gson.fromJson(Gson.java:1006) ~[gson-2.8.9.jar:?]
	at net.minecraft.class_60.method_20711(class_60.java:44) ~[server-intermediary.jar:?]
	at dev.latvian.mods.kubejs.core.LootTablesKJS.applyKJS0(LootTablesKJS.java:39) ~[kubejs-fabric-1802.5.5-build.569.jar:?]
	at net.minecraft.class_60.redirect$ccd000$kubejs$applyKJS(class_60.java:2023) ~[server-intermediary.jar:?]
	at net.minecraft.class_60.method_20712(class_60.java:42) ~[server-intermediary.jar:?]
	at net.minecraft.class_60.method_18788(class_60.java:17) ~[server-intermediary.jar:?]
	at net.minecraft.class_4080.method_18790(class_4080.java:13) ~[server-intermediary.jar:?]
	at java.util.concurrent.CompletableFuture$UniAccept.tryFire(CompletableFuture.java:718) ~[?:?]
	at java.util.concurrent.CompletableFuture$Completion.run(CompletableFuture.java:482) ~[?:?]
	at net.minecraft.class_4014.method_18365(class_4014.java:69) ~[server-intermediary.jar:?]
	at net.minecraft.class_4014.method_18367(class_4014.java:68) ~[server-intermediary.jar:?]
	at java.util.concurrent.CompletableFuture$UniCompletion.claim(CompletableFuture.java:572) ~[?:?]
	at java.util.concurrent.CompletableFuture$UniAccept.tryFire(CompletableFuture.java:714) ~[?:?]
	at java.util.concurrent.CompletableFuture.postComplete(CompletableFuture.java:510) ~[?:?]
	at java.util.concurrent.CompletableFuture.postFire(CompletableFuture.java:614) ~[?:?]
	at java.util.concurrent.CompletableFuture$UniAccept.tryFire(CompletableFuture.java:726) ~[?:?]
	at java.util.concurrent.CompletableFuture$Completion.run(CompletableFuture.java:482) ~[?:?]
	at net.minecraft.class_4014.method_18365(class_4014.java:69) ~[server-intermediary.jar:?]
	at net.minecraft.class_4014.method_18367(class_4014.java:68) ~[server-intermediary.jar:?]
	at java.util.concurrent.CompletableFuture$UniCompletion.claim(CompletableFuture.java:572) [?:?]
	at java.util.concurrent.CompletableFuture$UniAccept.tryFire(CompletableFuture.java:714) [?:?]
	at java.util.concurrent.CompletableFuture.postComplete(CompletableFuture.java:510) [?:?]
	at java.util.concurrent.CompletableFuture$AsyncSupply.run(CompletableFuture.java:1773) [?:?]
	at java.util.concurrent.CompletableFuture$AsyncSupply.exec(CompletableFuture.java:1760) [?:?]
	at java.util.concurrent.ForkJoinTask.doExec(ForkJoinTask.java:373) [?:?]
	at java.util.concurrent.ForkJoinPool$WorkQueue.topLevelExec(ForkJoinPool.java:1182) [?:?]
	at java.util.concurrent.ForkJoinPool.scan(ForkJoinPool.java:1655) [?:?]
	at java.util.concurrent.ForkJoinPool.runWorker(ForkJoinPool.java:1622) [?:?]
	at java.util.concurrent.ForkJoinWorkerThread.run(ForkJoinWorkerThread.java:165) [?:?]
[15:08:25] [Worker-Main-5/INFO]: Loaded 7163 advancements
[15:08:25] [Worker-Main-5/INFO]: Collecting Custom Machine upgrades from JS scripts.
[15:08:25] [Worker-Main-5/INFO]: Loaded 17 dynamic modifiers in 1.016285 ms
[15:08:25] [Worker-Main-5/INFO]: [REI] ========================================
[15:08:25] [Worker-Main-5/INFO]: [REI] REIPlugin starting main-reload for START.
[15:08:25] [Worker-Main-5/INFO]: [REI] Plugins (6):
[15:08:25] [Worker-Main-5/INFO]: [REI]  - (-100.00) DefaultPlugin of DefaultPlugin [roughlyenoughitems]
[15:08:25] [Worker-Main-5/INFO]: [REI]  - (0.00) FabricFluidAPISupportPlugin
[15:08:25] [Worker-Main-5/INFO]: [REI]  - (0.00) ReiCompat of ReiCompat [travelersbackpack]
[15:08:25] [Worker-Main-5/INFO]: [REI]  - (0.00) REIPluginServer of REIPluginServer [tconstruct]
[15:08:25] [Worker-Main-5/INFO]: [REI]  - (0.00) DefaultRuntimePlugin of DefaultRuntimePlugin [roughlyenoughitems]
[15:08:25] [Worker-Main-5/INFO]: [REI]  - (0.00) ProjectTableREIPluginServer of ProjectTableREIPluginServer [projecttable]
[15:08:25] [Worker-Main-5/INFO]: [REI] ========================================
[15:08:25] [Worker-Main-5/INFO]: [REI] ****************************************
[15:08:25] [Worker-Main-5/INFO]: [REI] REIServerPlugin starting main-reload for START.
[15:08:25] [Worker-Main-5/INFO]: [REI] Plugins (6):
[15:08:25] [Worker-Main-5/INFO]: [REI]  - (-100.00) DefaultPlugin of DefaultPlugin [roughlyenoughitems]
[15:08:25] [Worker-Main-5/INFO]: [REI]  - (0.00) FabricFluidAPISupportPlugin
[15:08:25] [Worker-Main-5/INFO]: [REI]  - (0.00) ReiCompat of ReiCompat [travelersbackpack]
[15:08:25] [Worker-Main-5/INFO]: [REI]  - (0.00) REIPluginServer of REIPluginServer [tconstruct]
[15:08:25] [Worker-Main-5/INFO]: [REI]  - (0.00) DefaultRuntimePlugin of DefaultRuntimePlugin [roughlyenoughitems]
[15:08:25] [Worker-Main-5/INFO]: [REI]  - (0.00) ProjectTableREIPluginServer of ProjectTableREIPluginServer [projecttable]
[15:08:25] [Worker-Main-5/INFO]: [REI] ****************************************
[15:08:25] [Worker-Main-5/INFO]: [REI] REIPlugin finished post-reload for START in 2.598 ms, totaling 39.23 ms.
[15:08:25] [Worker-Main-5/INFO]: [REI] REIServerPlugin finished post-reload for START in 1.318 ms, totaling 7.081 ms.
[15:08:25] [Worker-Main-5/INFO]: [REI] @@@@@@@@@@@@@@@@@@@@@@@@@@@@@@@@@@@@@@@@
[15:08:25] [Worker-Main-5/INFO]: [REI] REIPlugin starting main-reload for END.
[15:08:25] [Worker-Main-5/INFO]: [REI] Plugins (6):
[15:08:25] [Worker-Main-5/INFO]: [REI]  - (-100.00) DefaultPlugin of DefaultPlugin [roughlyenoughitems]
[15:08:25] [Worker-Main-5/INFO]: [REI]  - (0.00) FabricFluidAPISupportPlugin
[15:08:25] [Worker-Main-5/INFO]: [REI]  - (0.00) ReiCompat of ReiCompat [travelersbackpack]
[15:08:25] [Worker-Main-5/INFO]: [REI]  - (0.00) REIPluginServer of REIPluginServer [tconstruct]
[15:08:25] [Worker-Main-5/INFO]: [REI]  - (0.00) DefaultRuntimePlugin of DefaultRuntimePlugin [roughlyenoughitems]
[15:08:25] [Worker-Main-5/INFO]: [REI]  - (0.00) ProjectTableREIPluginServer of ProjectTableREIPluginServer [projecttable]
[15:08:25] [Worker-Main-5/INFO]: [REI] @@@@@@@@@@@@@@@@@@@@@@@@@@@@@@@@@@@@@@@@
[15:08:25] [Worker-Main-5/INFO]: [REI] ========================================
[15:08:25] [Worker-Main-5/INFO]: [REI] REIServerPlugin starting main-reload for END.
[15:08:25] [Worker-Main-5/INFO]: [REI] Plugins (6):
[15:08:25] [Worker-Main-5/INFO]: [REI]  - (-100.00) DefaultPlugin of DefaultPlugin [roughlyenoughitems]
[15:08:25] [Worker-Main-5/INFO]: [REI]  - (0.00) FabricFluidAPISupportPlugin
[15:08:25] [Worker-Main-5/INFO]: [REI]  - (0.00) ReiCompat of ReiCompat [travelersbackpack]
[15:08:25] [Worker-Main-5/INFO]: [REI]  - (0.00) REIPluginServer of REIPluginServer [tconstruct]
[15:08:25] [Worker-Main-5/INFO]: [REI]  - (0.00) DefaultRuntimePlugin of DefaultRuntimePlugin [roughlyenoughitems]
[15:08:25] [Worker-Main-5/INFO]: [REI]  - (0.00) ProjectTableREIPluginServer of ProjectTableREIPluginServer [projecttable]
[15:08:25] [Worker-Main-5/INFO]: [REI] ========================================
[15:08:25] [Worker-Main-5/INFO]: Registering custom REI menu info
[15:08:25] [Worker-Main-5/INFO]: [REI] REIPlugin finished post-reload for END in 1.273 ms, totaling 37.04 ms.
[15:08:25] [Worker-Main-5/INFO]: [REI] REIServerPlugin finished post-reload for END in 991.4 μs, totaling 13.60 ms.
[15:08:25] [Worker-Main-5/INFO]: Loaded 59 dynamic modifiers and 8 modifier redirects in 8.412358 ms
[15:08:25] [Worker-Main-5/INFO]: Loaded 1 modifier tags for 2 modifiers in 7.061159 ms
[15:08:25] [Worker-Main-5/INFO]: Loaded 26 spilling fluids in 2.63776 ms
[15:08:25] [Worker-Main-5/ERROR]: Invalid material redirect tconstruct:tinkers_bronze as material tconstruct:bronze does not exist
[15:08:25] [Worker-Main-5/INFO]: Loaded 49 materials in 5.429737 ms
[15:08:25] [Worker-Main-5/INFO]: Loaded 1 material tags for 20 materials in 5.896777 ms
[15:08:25] [Worker-Main-5/INFO]: 128 stats loaded for 64 materials in 13.792853 ms
[15:08:25] [Worker-Main-5/INFO]: 56 traits loaded for 64 materials in 11.954575 ms
[15:08:25] [Worker-Main-5/INFO]: Loaded 26 tool definitions in 5.196792 ms
[15:08:25] [Worker-Main-5/INFO]: Loaded 16 station slot layouts in 3.468909 ms
[15:08:25] [Worker-Main-5/INFO]: Reloading graveyard
[15:08:25] [Worker-Main-5/INFO]: Reloading custom grave areas
[15:08:25] [Worker-Main-5/INFO]: Reloading grave shape (server side)
[15:08:25] [main/INFO]: Applied 1067 biome modifications to 75 of 75 new biomes in 34.43 ms
[15:08:25] [Server thread/INFO]: [CobbleGen] Loading generators...
[15:08:25] [Server thread/INFO]: [CobbleGen] Loading plugin from cobblegen
[15:08:25] [Server thread/INFO]: [CobbleGen] Loading config...
[15:08:25] [Server thread/INFO]: [CobbleGen] Trying to load config file...
[15:08:25] [Server thread/ERROR]: [CobbleGen] There was an error while loading the config file!
java.io.FileNotFoundException: ./config/cobblegen.json5 (No such file or directory)
[15:08:25] [Server thread/INFO]: [CobbleGen] Trying to create config file...
[15:08:25] [Server thread/WARN]: [CobbleGen] Falling back to default config...
[15:08:25] [Server thread/INFO]: [CobbleGen] 3 generators has been added from config
[15:08:25] [Server thread/INFO]: [CobbleGen] Loaded plugin from cobblegen
[15:08:25] [Server thread/INFO]: [CobbleGen] Loading plugin from cobblegen
[15:08:25] [Server thread/INFO]: [CobbleGen] Create mod detected, loading integration...
[15:08:25] [Server thread/INFO]: [CobbleGen] Loaded plugin from cobblegen
[15:08:25] [Server thread/INFO]: [CobbleGen] 5 generators has been loaded
[15:08:26] [Server thread/INFO]: loaded team data: 4 known players, 5 teams total
[15:08:26] [Server thread/INFO]: Registering compost heaps in village type of plains
[15:08:26] [Server thread/INFO]: Registering compost heaps in village type of savanna
[15:08:26] [Server thread/INFO]: Registering compost heaps in village type of snowy
[15:08:26] [Server thread/INFO]: Registering compost heaps in village type of taiga
[15:08:26] [Server thread/INFO]: Registering compost heaps in village type of desert
[15:08:26] [Server thread/INFO]: Starting background profiler...
[15:08:26] [Server thread/INFO]: Starting minecraft server version 1.18.2
[15:08:26] [Server thread/INFO]: Loading properties
[15:08:26] [Server thread/INFO]: Default game type: SURVIVAL
[15:08:26] [Server thread/INFO]: Generating keypair
[15:08:26] [Server thread/INFO]: Starting Minecraft server on *:25565
[15:08:26] [Server thread/INFO]: Using epoll channel type
[15:08:26] [Server thread/INFO]: Preparing level "world"
[15:08:27] [Server thread/WARN]: Method overwrite conflict for removeIf in modernfix-common.mixins.json:bugfix.paper_chunk_patches.SortedArraySetMixin from mod modernfix, previously written by me.jellysquid.mods.lithium.mixin.world.chunk_tickets.SortedArraySetMixin. Skipping method.
[15:08:27] [Server thread/INFO]: Force-loaded 4 chunks in minecraft:overworld
[15:08:27] [Server thread/INFO]: Preparing start region for dimension minecraft:overworld
[15:08:27] [Server thread/WARN]: The namespace subterrestrial contains an outdated structure file, which can cause worldgen lag. Please view debug.log for the full filename, determine which mod provides the structure, and report to the mod/datapack author, including the debug log.
[15:08:28] [Server thread/WARN]: The namespace tconstruct contains an outdated structure file, which can cause worldgen lag. Please view debug.log for the full filename, determine which mod provides the structure, and report to the mod/datapack author, including the debug log.
[15:08:29] [Server thread/WARN]: The namespace ad_astra contains an outdated structure file, which can cause worldgen lag. Please view debug.log for the full filename, determine which mod provides the structure, and report to the mod/datapack author, including the debug log.
[15:08:30] [Server thread/INFO]: Preparing spawn area: 0%
[15:08:30] [Server thread/INFO]: Preparing spawn area: 0%
[15:08:30] [Server thread/INFO]: Preparing spawn area: 0%
[15:08:30] [Server thread/INFO]: Preparing spawn area: 0%
[15:08:30] [Server thread/INFO]: Preparing spawn area: 0%
[15:08:30] [Server thread/INFO]: Preparing spawn area: 0%
[15:08:30] [Server thread/INFO]: Preparing spawn area: 37%
[15:08:30] [Server thread/INFO]: Preparing spawn area: 100%
[15:08:34] [Server thread/INFO]: Time elapsed: 6901 ms
[15:08:34] [Server thread/INFO]: Done (7.403s)! For help, type "help"
[15:08:34] [Server thread/WARN]: Dedicated server took 41.468 seconds to load
[15:08:34] [Server thread/INFO]: Created backup folder at /workspaces/Servertest/servidor_minecraft/backups
[15:08:34] [Server thread/INFO]: Loading quest progression data from /workspaces/Servertest/servidor_minecraft/config/ftbquests/quests
[15:08:34] [Server thread/INFO]: Registered thread Server thread
[15:08:34] [Server thread/INFO]: Encoded Weapon Attribute registry size (with package overhead): 101857 bytes (in 11 string chunks with the size of 10000)
[15:08:34] [Server thread/INFO]: Start loading plugin from Applied Energistics 2
[15:08:34] [Server thread/INFO]: Start loading plugin from Beautify
[15:08:34] [Server thread/ERROR]: Error loading plugin at null
java.lang.NoClassDefFoundError: snownee/jade/api/fabric/CustomEnchantPower
	at java.lang.Class.forName0(Native Method) ~[?:?]
	at java.lang.Class.forName(Class.java:467) ~[?:?]
	at net.fabricmc.loader.impl.util.DefaultLanguageAdapter.create(DefaultLanguageAdapter.java:50) ~[fabric-loader-0.16.3.jar:?]
	at net.fabricmc.loader.impl.entrypoint.EntrypointStorage$NewEntry.getOrCreate(EntrypointStorage.java:124) ~[fabric-loader-0.16.3.jar:?]
	at net.fabricmc.loader.impl.entrypoint.EntrypointContainerImpl.getEntrypoint(EntrypointContainerImpl.java:53) ~[fabric-loader-0.16.3.jar:?]
	at snownee.jade.Jade.lambda$loadComplete$6(Jade.java:168) ~[Jade-1.18.2-fabric-5.100.0.jar:?]
	at java.util.ArrayList.forEach(ArrayList.java:1511) ~[?:?]
	at snownee.jade.Jade.loadComplete(Jade.java:163) ~[Jade-1.18.2-fabric-5.100.0.jar:?]
	at snownee.jade.Jade.lambda$onInitialize$5(Jade.java:157) ~[Jade-1.18.2-fabric-5.100.0.jar:?]
	at net.fabricmc.fabric.api.event.lifecycle.v1.ServerLifecycleEvents.lambda$static$2(ServerLifecycleEvents.java:49) ~[fabric-lifecycle-events-v1-2.1.1+cc71601c60-9ad41f25ee9ba96b.jar:?]
	at net.minecraft.server.MinecraftServer.handler$blp000$fabric-lifecycle-events-v1$afterSetupServer(MinecraftServer.java:6812) ~[server-intermediary.jar:?]
	at net.minecraft.server.MinecraftServer.method_29741(MinecraftServer.java:676) ~[server-intermediary.jar:?]
	at net.minecraft.server.MinecraftServer.method_29739(MinecraftServer.java:273) ~[server-intermediary.jar:?]
	at java.lang.Thread.run(Thread.java:840) [?:?]
Caused by: java.lang.ClassNotFoundException: snownee.jade.api.fabric.CustomEnchantPower
	at jdk.internal.loader.BuiltinClassLoader.loadClass(BuiltinClassLoader.java:641) ~[?:?]
	at java.lang.ClassLoader.loadClass(ClassLoader.java:525) ~[?:?]
	at net.fabricmc.loader.impl.launch.knot.KnotClassDelegate.loadClass(KnotClassDelegate.java:226) ~[fabric-loader-0.16.3.jar:?]
	at net.fabricmc.loader.impl.launch.knot.KnotClassLoader.loadClass(KnotClassLoader.java:119) ~[fabric-loader-0.16.3.jar:?]
	at java.lang.ClassLoader.loadClass(ClassLoader.java:525) ~[?:?]
	... 14 more
[15:08:34] [Server thread/INFO]: Start loading plugin from Custom Machinery
[15:08:34] [Server thread/INFO]: Start loading plugin from Jade
[15:08:34] [Server thread/INFO]: Start loading plugin from Jade
[15:08:34] [Server thread/INFO]: Start loading plugin from Jade
[15:08:34] [Server thread/INFO]: Start loading plugin from Jade Addons
[15:08:34] [Server thread/INFO]: global (FirstLoaded) Setting config file to version "5.9.8": journeymap.server.global.config
[15:08:34] [Server thread/INFO]: global (Valid) Creating config file: ./journeymap/server/5.9/journeymap.server.global.config
[15:08:34] [Server thread/INFO]: default (FirstLoaded) Setting config file to version "5.9.8": journeymap.server.default.config
[15:08:34] [Server thread/INFO]: default (Valid) Creating config file: ./journeymap/server/5.9/journeymap.server.default.config
[15:08:34] [Server thread/INFO]: minecraft~overworld (Initialized) Setting config file to version "5.9.8": journeymap.server.minecraft~overworld.config
[15:08:34] [Server thread/INFO]: minecraft~overworld (Valid) Creating config file: ./journeymap/server/5.9/journeymap.server.minecraft~overworld.config
[15:08:34] [Server thread/INFO]: ad_astra~mars (Initialized) Setting config file to version "5.9.8": journeymap.server.ad_astra~mars.config
[15:08:34] [Server thread/INFO]: ad_astra~mars (Valid) Creating config file: ./journeymap/server/5.9/journeymap.server.ad_astra~mars.config
[15:08:34] [Server thread/INFO]: ad_astra~venus_orbit (Initialized) Setting config file to version "5.9.8": journeymap.server.ad_astra~venus_orbit.config
[15:08:34] [Server thread/INFO]: ad_astra~venus_orbit (Valid) Creating config file: ./journeymap/server/5.9/journeymap.server.ad_astra~venus_orbit.config
[15:08:34] [Server thread/INFO]: minecraft~the_nether (Initialized) Setting config file to version "5.9.8": journeymap.server.minecraft~the_nether.config
[15:08:34] [Server thread/INFO]: minecraft~the_nether (Valid) Creating config file: ./journeymap/server/5.9/journeymap.server.minecraft~the_nether.config
[15:08:34] [Server thread/INFO]: ad_astra~mars_orbit (Initialized) Setting config file to version "5.9.8": journeymap.server.ad_astra~mars_orbit.config
[15:08:34] [Server thread/INFO]: ad_astra~mars_orbit (Valid) Creating config file: ./journeymap/server/5.9/journeymap.server.ad_astra~mars_orbit.config
[15:08:34] [Server thread/INFO]: ad_astra~glacio_orbit (Initialized) Setting config file to version "5.9.8": journeymap.server.ad_astra~glacio_orbit.config
[15:08:34] [Server thread/INFO]: ad_astra~glacio_orbit (Valid) Creating config file: ./journeymap/server/5.9/journeymap.server.ad_astra~glacio_orbit.config
[15:08:34] [Server thread/INFO]: ad_astra~mercury_orbit (Initialized) Setting config file to version "5.9.8": journeymap.server.ad_astra~mercury_orbit.config
[15:08:34] [Server thread/INFO]: ad_astra~mercury_orbit (Valid) Creating config file: ./journeymap/server/5.9/journeymap.server.ad_astra~mercury_orbit.config
[15:08:34] [Server thread/INFO]: minecraft~the_end (Initialized) Setting config file to version "5.9.8": journeymap.server.minecraft~the_end.config
[15:08:34] [Server thread/INFO]: minecraft~the_end (Valid) Creating config file: ./journeymap/server/5.9/journeymap.server.minecraft~the_end.config
[15:08:34] [Server thread/INFO]: ad_astra~mercury (Initialized) Setting config file to version "5.9.8": journeymap.server.ad_astra~mercury.config
[15:08:34] [Server thread/INFO]: ad_astra~mercury (Valid) Creating config file: ./journeymap/server/5.9/journeymap.server.ad_astra~mercury.config
[15:08:34] [Server thread/INFO]: ad_astra~moon (Initialized) Setting config file to version "5.9.8": journeymap.server.ad_astra~moon.config
[15:08:34] [Server thread/INFO]: ad_astra~moon (Valid) Creating config file: ./journeymap/server/5.9/journeymap.server.ad_astra~moon.config
[15:08:34] [Server thread/INFO]: ad_astra~earth_orbit (Initialized) Setting config file to version "5.9.8": journeymap.server.ad_astra~earth_orbit.config
[15:08:34] [Server thread/INFO]: ad_astra~earth_orbit (Valid) Creating config file: ./journeymap/server/5.9/journeymap.server.ad_astra~earth_orbit.config
[15:08:34] [Server thread/INFO]: ad_astra~moon_orbit (Initialized) Setting config file to version "5.9.8": journeymap.server.ad_astra~moon_orbit.config
[15:08:34] [Server thread/INFO]: ad_astra~moon_orbit (Valid) Creating config file: ./journeymap/server/5.9/journeymap.server.ad_astra~moon_orbit.config
[15:08:34] [Server thread/INFO]: ae2~spatial_storage (Initialized) Setting config file to version "5.9.8": journeymap.server.ae2~spatial_storage.config
[15:08:34] [Server thread/INFO]: ae2~spatial_storage (Valid) Creating config file: ./journeymap/server/5.9/journeymap.server.ae2~spatial_storage.config
[15:08:34] [Server thread/INFO]: ad_astra~glacio (Initialized) Setting config file to version "5.9.8": journeymap.server.ad_astra~glacio.config
[15:08:34] [Server thread/INFO]: ad_astra~glacio (Valid) Creating config file: ./journeymap/server/5.9/journeymap.server.ad_astra~glacio.config
[15:08:34] [Server thread/INFO]: ad_astra~venus (Initialized) Setting config file to version "5.9.8": journeymap.server.ad_astra~venus.config
[15:08:34] [Server thread/INFO]: ad_astra~venus (Valid) Creating config file: ./journeymap/server/5.9/journeymap.server.ad_astra~venus.config
[15:08:44] [Server thread/INFO]: Loaded data from grave data file
[15:08:44] [Server thread/WARN]: @Redirect conflict. Skipping lithium.mixins.json:alloc.entity_tracker.EntityTrackerMixin from mod lithium->@Redirect::useFasterCollection()Ljava/util/Set; with priority 1000, already redirected by krypton.mixins.json:shared.network.microopt.TacsTrackedEntityMixin from mod krypton->@Redirect::construct$useFastutil()Ljava/util/Set; with priority 1000
[15:09:42] [Netty Epoll Server IO #2/ERROR]: Exception occurred in netty pipeline
io.netty.handler.codec.DecoderException: java.lang.IndexOutOfBoundsException: Index 3 out of bounds for length 1
	at io.netty.handler.codec.ByteToMessageDecoder.callDecode(ByteToMessageDecoder.java:477) ~[netty-all-4.1.68.Final.jar:?]
	at io.netty.handler.codec.ByteToMessageDecoder.channelRead(ByteToMessageDecoder.java:276) ~[netty-all-4.1.68.Final.jar:?]
	at io.netty.channel.AbstractChannelHandlerContext.invokeChannelRead(AbstractChannelHandlerContext.java:379) [netty-all-4.1.68.Final.jar:?]
	at io.netty.channel.AbstractChannelHandlerContext.invokeChannelRead(AbstractChannelHandlerContext.java:365) [netty-all-4.1.68.Final.jar:?]
	at io.netty.channel.AbstractChannelHandlerContext.fireChannelRead(AbstractChannelHandlerContext.java:357) [netty-all-4.1.68.Final.jar:?]
	at io.netty.handler.codec.ByteToMessageDecoder.fireChannelRead(ByteToMessageDecoder.java:324) [netty-all-4.1.68.Final.jar:?]
	at io.netty.handler.codec.ByteToMessageDecoder.fireChannelRead(ByteToMessageDecoder.java:311) [netty-all-4.1.68.Final.jar:?]
	at io.netty.handler.codec.ByteToMessageDecoder.callDecode(ByteToMessageDecoder.java:432) [netty-all-4.1.68.Final.jar:?]
	at io.netty.handler.codec.ByteToMessageDecoder.channelRead(ByteToMessageDecoder.java:276) [netty-all-4.1.68.Final.jar:?]
	at io.netty.channel.AbstractChannelHandlerContext.invokeChannelRead(AbstractChannelHandlerContext.java:379) [netty-all-4.1.68.Final.jar:?]
	at io.netty.channel.AbstractChannelHandlerContext.invokeChannelRead(AbstractChannelHandlerContext.java:365) [netty-all-4.1.68.Final.jar:?]
	at io.netty.channel.AbstractChannelHandlerContext.fireChannelRead(AbstractChannelHandlerContext.java:357) [netty-all-4.1.68.Final.jar:?]
	at net.minecraft.class_3238.channelRead(class_3238.java:94) [server-intermediary.jar:?]
	at io.netty.channel.AbstractChannelHandlerContext.invokeChannelRead(AbstractChannelHandlerContext.java:379) [netty-all-4.1.68.Final.jar:?]
	at io.netty.channel.AbstractChannelHandlerContext.invokeChannelRead(AbstractChannelHandlerContext.java:365) [netty-all-4.1.68.Final.jar:?]
	at io.netty.channel.AbstractChannelHandlerContext.fireChannelRead(AbstractChannelHandlerContext.java:357) [netty-all-4.1.68.Final.jar:?]
	at io.netty.handler.timeout.IdleStateHandler.channelRead(IdleStateHandler.java:286) [netty-all-4.1.68.Final.jar:?]
	at io.netty.channel.AbstractChannelHandlerContext.invokeChannelRead(AbstractChannelHandlerContext.java:379) [netty-all-4.1.68.Final.jar:?]
	at io.netty.channel.AbstractChannelHandlerContext.invokeChannelRead(AbstractChannelHandlerContext.java:365) [netty-all-4.1.68.Final.jar:?]
	at io.netty.channel.AbstractChannelHandlerContext.fireChannelRead(AbstractChannelHandlerContext.java:357) [netty-all-4.1.68.Final.jar:?]
	at io.netty.channel.DefaultChannelPipeline$HeadContext.channelRead(DefaultChannelPipeline.java:1410) [netty-all-4.1.68.Final.jar:?]
	at io.netty.channel.AbstractChannelHandlerContext.invokeChannelRead(AbstractChannelHandlerContext.java:379) [netty-all-4.1.68.Final.jar:?]
	at io.netty.channel.AbstractChannelHandlerContext.invokeChannelRead(AbstractChannelHandlerContext.java:365) [netty-all-4.1.68.Final.jar:?]
	at io.netty.channel.DefaultChannelPipeline.fireChannelRead(DefaultChannelPipeline.java:919) [netty-all-4.1.68.Final.jar:?]
	at io.netty.channel.epoll.AbstractEpollStreamChannel$EpollStreamUnsafe.epollInReady(AbstractEpollStreamChannel.java:795) [netty-all-4.1.68.Final.jar:?]
	at io.netty.channel.epoll.EpollEventLoop.processReady(EpollEventLoop.java:480) [netty-all-4.1.68.Final.jar:?]
	at io.netty.channel.epoll.EpollEventLoop.run(EpollEventLoop.java:378) [netty-all-4.1.68.Final.jar:?]
	at io.netty.util.concurrent.SingleThreadEventExecutor$4.run(SingleThreadEventExecutor.java:986) [netty-all-4.1.68.Final.jar:?]
	at io.netty.util.internal.ThreadExecutorMap$2.run(ThreadExecutorMap.java:74) [netty-all-4.1.68.Final.jar:?]
	at java.lang.Thread.run(Thread.java:840) [?:?]
Caused by: java.lang.IndexOutOfBoundsException: Index 3 out of bounds for length 1
	at jdk.internal.util.Preconditions.outOfBounds(Preconditions.java:64) ~[?:?]
	at jdk.internal.util.Preconditions.outOfBoundsCheckIndex(Preconditions.java:70) ~[?:?]
	at jdk.internal.util.Preconditions.checkIndex(Preconditions.java:266) ~[?:?]
	at java.util.Objects.checkIndex(Objects.java:361) ~[?:?]
	at java.util.ArrayList.get(ArrayList.java:427) ~[?:?]
	at net.minecraft.class_2539$class_4532.method_22310(class_2539.java:418) ~[server-intermediary.jar:?]
	at net.minecraft.class_2539.method_10783(class_2539.java:471) ~[server-intermediary.jar:?]
	at net.minecraft.class_2543.decode(class_2543.java:32) ~[server-intermediary.jar:?]
	at io.netty.handler.codec.ByteToMessageDecoder.decodeRemovalReentryProtection(ByteToMessageDecoder.java:507) ~[netty-all-4.1.68.Final.jar:?]
	at io.netty.handler.codec.ByteToMessageDecoder.callDecode(ByteToMessageDecoder.java:446) ~[netty-all-4.1.68.Final.jar:?]
	... 29 more
[15:09:44] [Netty Epoll Server IO #3/ERROR]: Exception occurred in netty pipeline
io.netty.handler.codec.DecoderException: java.lang.IndexOutOfBoundsException: Index 3 out of bounds for length 1
	at io.netty.handler.codec.ByteToMessageDecoder.callDecode(ByteToMessageDecoder.java:477) ~[netty-all-4.1.68.Final.jar:?]
	at io.netty.handler.codec.ByteToMessageDecoder.channelRead(ByteToMessageDecoder.java:276) ~[netty-all-4.1.68.Final.jar:?]
	at io.netty.channel.AbstractChannelHandlerContext.invokeChannelRead(AbstractChannelHandlerContext.java:379) [netty-all-4.1.68.Final.jar:?]
	at io.netty.channel.AbstractChannelHandlerContext.invokeChannelRead(AbstractChannelHandlerContext.java:365) [netty-all-4.1.68.Final.jar:?]
	at io.netty.channel.AbstractChannelHandlerContext.fireChannelRead(AbstractChannelHandlerContext.java:357) [netty-all-4.1.68.Final.jar:?]
	at io.netty.handler.codec.ByteToMessageDecoder.fireChannelRead(ByteToMessageDecoder.java:324) [netty-all-4.1.68.Final.jar:?]
	at io.netty.handler.codec.ByteToMessageDecoder.fireChannelRead(ByteToMessageDecoder.java:311) [netty-all-4.1.68.Final.jar:?]
	at io.netty.handler.codec.ByteToMessageDecoder.callDecode(ByteToMessageDecoder.java:432) [netty-all-4.1.68.Final.jar:?]
	at io.netty.handler.codec.ByteToMessageDecoder.channelRead(ByteToMessageDecoder.java:276) [netty-all-4.1.68.Final.jar:?]
	at io.netty.channel.AbstractChannelHandlerContext.invokeChannelRead(AbstractChannelHandlerContext.java:379) [netty-all-4.1.68.Final.jar:?]
	at io.netty.channel.AbstractChannelHandlerContext.invokeChannelRead(AbstractChannelHandlerContext.java:365) [netty-all-4.1.68.Final.jar:?]
	at io.netty.channel.AbstractChannelHandlerContext.fireChannelRead(AbstractChannelHandlerContext.java:357) [netty-all-4.1.68.Final.jar:?]
	at net.minecraft.class_3238.channelRead(class_3238.java:94) [server-intermediary.jar:?]
	at io.netty.channel.AbstractChannelHandlerContext.invokeChannelRead(AbstractChannelHandlerContext.java:379) [netty-all-4.1.68.Final.jar:?]
	at io.netty.channel.AbstractChannelHandlerContext.invokeChannelRead(AbstractChannelHandlerContext.java:365) [netty-all-4.1.68.Final.jar:?]
	at io.netty.channel.AbstractChannelHandlerContext.fireChannelRead(AbstractChannelHandlerContext.java:357) [netty-all-4.1.68.Final.jar:?]
	at io.netty.handler.timeout.IdleStateHandler.channelRead(IdleStateHandler.java:286) [netty-all-4.1.68.Final.jar:?]
	at io.netty.channel.AbstractChannelHandlerContext.invokeChannelRead(AbstractChannelHandlerContext.java:379) [netty-all-4.1.68.Final.jar:?]
	at io.netty.channel.AbstractChannelHandlerContext.invokeChannelRead(AbstractChannelHandlerContext.java:365) [netty-all-4.1.68.Final.jar:?]
	at io.netty.channel.AbstractChannelHandlerContext.fireChannelRead(AbstractChannelHandlerContext.java:357) [netty-all-4.1.68.Final.jar:?]
	at io.netty.channel.DefaultChannelPipeline$HeadContext.channelRead(DefaultChannelPipeline.java:1410) [netty-all-4.1.68.Final.jar:?]
	at io.netty.channel.AbstractChannelHandlerContext.invokeChannelRead(AbstractChannelHandlerContext.java:379) [netty-all-4.1.68.Final.jar:?]
	at io.netty.channel.AbstractChannelHandlerContext.invokeChannelRead(AbstractChannelHandlerContext.java:365) [netty-all-4.1.68.Final.jar:?]
	at io.netty.channel.DefaultChannelPipeline.fireChannelRead(DefaultChannelPipeline.java:919) [netty-all-4.1.68.Final.jar:?]
	at io.netty.channel.epoll.AbstractEpollStreamChannel$EpollStreamUnsafe.epollInReady(AbstractEpollStreamChannel.java:795) [netty-all-4.1.68.Final.jar:?]
	at io.netty.channel.epoll.EpollEventLoop.processReady(EpollEventLoop.java:480) [netty-all-4.1.68.Final.jar:?]
	at io.netty.channel.epoll.EpollEventLoop.run(EpollEventLoop.java:378) [netty-all-4.1.68.Final.jar:?]
	at io.netty.util.concurrent.SingleThreadEventExecutor$4.run(SingleThreadEventExecutor.java:986) [netty-all-4.1.68.Final.jar:?]
	at io.netty.util.internal.ThreadExecutorMap$2.run(ThreadExecutorMap.java:74) [netty-all-4.1.68.Final.jar:?]
	at java.lang.Thread.run(Thread.java:840) [?:?]
Caused by: java.lang.IndexOutOfBoundsException: Index 3 out of bounds for length 1
	at jdk.internal.util.Preconditions.outOfBounds(Preconditions.java:64) ~[?:?]
	at jdk.internal.util.Preconditions.outOfBoundsCheckIndex(Preconditions.java:70) ~[?:?]
	at jdk.internal.util.Preconditions.checkIndex(Preconditions.java:266) ~[?:?]
	at java.util.Objects.checkIndex(Objects.java:361) ~[?:?]
	at java.util.ArrayList.get(ArrayList.java:427) ~[?:?]
	at net.minecraft.class_2539$class_4532.method_22310(class_2539.java:418) ~[server-intermediary.jar:?]
	at net.minecraft.class_2539.method_10783(class_2539.java:471) ~[server-intermediary.jar:?]
	at net.minecraft.class_2543.decode(class_2543.java:32) ~[server-intermediary.jar:?]
	at io.netty.handler.codec.ByteToMessageDecoder.decodeRemovalReentryProtection(ByteToMessageDecoder.java:507) ~[netty-all-4.1.68.Final.jar:?]
	at io.netty.handler.codec.ByteToMessageDecoder.callDecode(ByteToMessageDecoder.java:446) ~[netty-all-4.1.68.Final.jar:?]
	... 29 more
[15:09:44] [Netty Epoll Server IO #4/ERROR]: Exception occurred in netty pipeline
io.netty.handler.codec.DecoderException: java.lang.IndexOutOfBoundsException: Index 3 out of bounds for length 1
	at io.netty.handler.codec.ByteToMessageDecoder.callDecode(ByteToMessageDecoder.java:477) ~[netty-all-4.1.68.Final.jar:?]
	at io.netty.handler.codec.ByteToMessageDecoder.channelRead(ByteToMessageDecoder.java:276) ~[netty-all-4.1.68.Final.jar:?]
	at io.netty.channel.AbstractChannelHandlerContext.invokeChannelRead(AbstractChannelHandlerContext.java:379) [netty-all-4.1.68.Final.jar:?]
	at io.netty.channel.AbstractChannelHandlerContext.invokeChannelRead(AbstractChannelHandlerContext.java:365) [netty-all-4.1.68.Final.jar:?]
	at io.netty.channel.AbstractChannelHandlerContext.fireChannelRead(AbstractChannelHandlerContext.java:357) [netty-all-4.1.68.Final.jar:?]
	at io.netty.handler.codec.ByteToMessageDecoder.fireChannelRead(ByteToMessageDecoder.java:324) [netty-all-4.1.68.Final.jar:?]
	at io.netty.handler.codec.ByteToMessageDecoder.fireChannelRead(ByteToMessageDecoder.java:311) [netty-all-4.1.68.Final.jar:?]
	at io.netty.handler.codec.ByteToMessageDecoder.callDecode(ByteToMessageDecoder.java:432) [netty-all-4.1.68.Final.jar:?]
	at io.netty.handler.codec.ByteToMessageDecoder.channelRead(ByteToMessageDecoder.java:276) [netty-all-4.1.68.Final.jar:?]
	at io.netty.channel.AbstractChannelHandlerContext.invokeChannelRead(AbstractChannelHandlerContext.java:379) [netty-all-4.1.68.Final.jar:?]
	at io.netty.channel.AbstractChannelHandlerContext.invokeChannelRead(AbstractChannelHandlerContext.java:365) [netty-all-4.1.68.Final.jar:?]
	at io.netty.channel.AbstractChannelHandlerContext.fireChannelRead(AbstractChannelHandlerContext.java:357) [netty-all-4.1.68.Final.jar:?]
	at net.minecraft.class_3238.channelRead(class_3238.java:94) [server-intermediary.jar:?]
	at io.netty.channel.AbstractChannelHandlerContext.invokeChannelRead(AbstractChannelHandlerContext.java:379) [netty-all-4.1.68.Final.jar:?]
	at io.netty.channel.AbstractChannelHandlerContext.invokeChannelRead(AbstractChannelHandlerContext.java:365) [netty-all-4.1.68.Final.jar:?]
	at io.netty.channel.AbstractChannelHandlerContext.fireChannelRead(AbstractChannelHandlerContext.java:357) [netty-all-4.1.68.Final.jar:?]
	at io.netty.handler.timeout.IdleStateHandler.channelRead(IdleStateHandler.java:286) [netty-all-4.1.68.Final.jar:?]
	at io.netty.channel.AbstractChannelHandlerContext.invokeChannelRead(AbstractChannelHandlerContext.java:379) [netty-all-4.1.68.Final.jar:?]
	at io.netty.channel.AbstractChannelHandlerContext.invokeChannelRead(AbstractChannelHandlerContext.java:365) [netty-all-4.1.68.Final.jar:?]
	at io.netty.channel.AbstractChannelHandlerContext.fireChannelRead(AbstractChannelHandlerContext.java:357) [netty-all-4.1.68.Final.jar:?]
	at io.netty.channel.DefaultChannelPipeline$HeadContext.channelRead(DefaultChannelPipeline.java:1410) [netty-all-4.1.68.Final.jar:?]
	at io.netty.channel.AbstractChannelHandlerContext.invokeChannelRead(AbstractChannelHandlerContext.java:379) [netty-all-4.1.68.Final.jar:?]
	at io.netty.channel.AbstractChannelHandlerContext.invokeChannelRead(AbstractChannelHandlerContext.java:365) [netty-all-4.1.68.Final.jar:?]
	at io.netty.channel.DefaultChannelPipeline.fireChannelRead(DefaultChannelPipeline.java:919) [netty-all-4.1.68.Final.jar:?]
	at io.netty.channel.epoll.AbstractEpollStreamChannel$EpollStreamUnsafe.epollInReady(AbstractEpollStreamChannel.java:795) [netty-all-4.1.68.Final.jar:?]
	at io.netty.channel.epoll.EpollEventLoop.processReady(EpollEventLoop.java:480) [netty-all-4.1.68.Final.jar:?]
	at io.netty.channel.epoll.EpollEventLoop.run(EpollEventLoop.java:378) [netty-all-4.1.68.Final.jar:?]
	at io.netty.util.concurrent.SingleThreadEventExecutor$4.run(SingleThreadEventExecutor.java:986) [netty-all-4.1.68.Final.jar:?]
	at io.netty.util.internal.ThreadExecutorMap$2.run(ThreadExecutorMap.java:74) [netty-all-4.1.68.Final.jar:?]
	at java.lang.Thread.run(Thread.java:840) [?:?]
Caused by: java.lang.IndexOutOfBoundsException: Index 3 out of bounds for length 1
	at jdk.internal.util.Preconditions.outOfBounds(Preconditions.java:64) ~[?:?]
	at jdk.internal.util.Preconditions.outOfBoundsCheckIndex(Preconditions.java:70) ~[?:?]
	at jdk.internal.util.Preconditions.checkIndex(Preconditions.java:266) ~[?:?]
	at java.util.Objects.checkIndex(Objects.java:361) ~[?:?]
	at java.util.ArrayList.get(ArrayList.java:427) ~[?:?]
	at net.minecraft.class_2539$class_4532.method_22310(class_2539.java:418) ~[server-intermediary.jar:?]
	at net.minecraft.class_2539.method_10783(class_2539.java:471) ~[server-intermediary.jar:?]
	at net.minecraft.class_2543.decode(class_2543.java:32) ~[server-intermediary.jar:?]
	at io.netty.handler.codec.ByteToMessageDecoder.decodeRemovalReentryProtection(ByteToMessageDecoder.java:507) ~[netty-all-4.1.68.Final.jar:?]
	at io.netty.handler.codec.ByteToMessageDecoder.callDecode(ByteToMessageDecoder.java:446) ~[netty-all-4.1.68.Final.jar:?]
	... 29 more
[15:09:45] [Netty Epoll Server IO #5/ERROR]: Exception occurred in netty pipeline
io.netty.handler.codec.DecoderException: java.lang.IndexOutOfBoundsException: Index 3 out of bounds for length 1
	at io.netty.handler.codec.ByteToMessageDecoder.callDecode(ByteToMessageDecoder.java:477) ~[netty-all-4.1.68.Final.jar:?]
	at io.netty.handler.codec.ByteToMessageDecoder.channelRead(ByteToMessageDecoder.java:276) ~[netty-all-4.1.68.Final.jar:?]
	at io.netty.channel.AbstractChannelHandlerContext.invokeChannelRead(AbstractChannelHandlerContext.java:379) [netty-all-4.1.68.Final.jar:?]
	at io.netty.channel.AbstractChannelHandlerContext.invokeChannelRead(AbstractChannelHandlerContext.java:365) [netty-all-4.1.68.Final.jar:?]
	at io.netty.channel.AbstractChannelHandlerContext.fireChannelRead(AbstractChannelHandlerContext.java:357) [netty-all-4.1.68.Final.jar:?]
	at io.netty.handler.codec.ByteToMessageDecoder.fireChannelRead(ByteToMessageDecoder.java:324) [netty-all-4.1.68.Final.jar:?]
	at io.netty.handler.codec.ByteToMessageDecoder.fireChannelRead(ByteToMessageDecoder.java:311) [netty-all-4.1.68.Final.jar:?]
	at io.netty.handler.codec.ByteToMessageDecoder.callDecode(ByteToMessageDecoder.java:432) [netty-all-4.1.68.Final.jar:?]
	at io.netty.handler.codec.ByteToMessageDecoder.channelRead(ByteToMessageDecoder.java:276) [netty-all-4.1.68.Final.jar:?]
	at io.netty.channel.AbstractChannelHandlerContext.invokeChannelRead(AbstractChannelHandlerContext.java:379) [netty-all-4.1.68.Final.jar:?]
	at io.netty.channel.AbstractChannelHandlerContext.invokeChannelRead(AbstractChannelHandlerContext.java:365) [netty-all-4.1.68.Final.jar:?]
	at io.netty.channel.AbstractChannelHandlerContext.fireChannelRead(AbstractChannelHandlerContext.java:357) [netty-all-4.1.68.Final.jar:?]
	at net.minecraft.class_3238.channelRead(class_3238.java:94) [server-intermediary.jar:?]
	at io.netty.channel.AbstractChannelHandlerContext.invokeChannelRead(AbstractChannelHandlerContext.java:379) [netty-all-4.1.68.Final.jar:?]
	at io.netty.channel.AbstractChannelHandlerContext.invokeChannelRead(AbstractChannelHandlerContext.java:365) [netty-all-4.1.68.Final.jar:?]
	at io.netty.channel.AbstractChannelHandlerContext.fireChannelRead(AbstractChannelHandlerContext.java:357) [netty-all-4.1.68.Final.jar:?]
	at io.netty.handler.timeout.IdleStateHandler.channelRead(IdleStateHandler.java:286) [netty-all-4.1.68.Final.jar:?]
	at io.netty.channel.AbstractChannelHandlerContext.invokeChannelRead(AbstractChannelHandlerContext.java:379) [netty-all-4.1.68.Final.jar:?]
	at io.netty.channel.AbstractChannelHandlerContext.invokeChannelRead(AbstractChannelHandlerContext.java:365) [netty-all-4.1.68.Final.jar:?]
	at io.netty.channel.AbstractChannelHandlerContext.fireChannelRead(AbstractChannelHandlerContext.java:357) [netty-all-4.1.68.Final.jar:?]
	at io.netty.channel.DefaultChannelPipeline$HeadContext.channelRead(DefaultChannelPipeline.java:1410) [netty-all-4.1.68.Final.jar:?]
	at io.netty.channel.AbstractChannelHandlerContext.invokeChannelRead(AbstractChannelHandlerContext.java:379) [netty-all-4.1.68.Final.jar:?]
	at io.netty.channel.AbstractChannelHandlerContext.invokeChannelRead(AbstractChannelHandlerContext.java:365) [netty-all-4.1.68.Final.jar:?]
	at io.netty.channel.DefaultChannelPipeline.fireChannelRead(DefaultChannelPipeline.java:919) [netty-all-4.1.68.Final.jar:?]
	at io.netty.channel.epoll.AbstractEpollStreamChannel$EpollStreamUnsafe.epollInReady(AbstractEpollStreamChannel.java:795) [netty-all-4.1.68.Final.jar:?]
	at io.netty.channel.epoll.EpollEventLoop.processReady(EpollEventLoop.java:480) [netty-all-4.1.68.Final.jar:?]
	at io.netty.channel.epoll.EpollEventLoop.run(EpollEventLoop.java:378) [netty-all-4.1.68.Final.jar:?]
	at io.netty.util.concurrent.SingleThreadEventExecutor$4.run(SingleThreadEventExecutor.java:986) [netty-all-4.1.68.Final.jar:?]
	at io.netty.util.internal.ThreadExecutorMap$2.run(ThreadExecutorMap.java:74) [netty-all-4.1.68.Final.jar:?]
	at java.lang.Thread.run(Thread.java:840) [?:?]
Caused by: java.lang.IndexOutOfBoundsException: Index 3 out of bounds for length 1
	at jdk.internal.util.Preconditions.outOfBounds(Preconditions.java:64) ~[?:?]
	at jdk.internal.util.Preconditions.outOfBoundsCheckIndex(Preconditions.java:70) ~[?:?]
	at jdk.internal.util.Preconditions.checkIndex(Preconditions.java:266) ~[?:?]
	at java.util.Objects.checkIndex(Objects.java:361) ~[?:?]
	at java.util.ArrayList.get(ArrayList.java:427) ~[?:?]
	at net.minecraft.class_2539$class_4532.method_22310(class_2539.java:418) ~[server-intermediary.jar:?]
	at net.minecraft.class_2539.method_10783(class_2539.java:471) ~[server-intermediary.jar:?]
	at net.minecraft.class_2543.decode(class_2543.java:32) ~[server-intermediary.jar:?]
	at io.netty.handler.codec.ByteToMessageDecoder.decodeRemovalReentryProtection(ByteToMessageDecoder.java:507) ~[netty-all-4.1.68.Final.jar:?]
	at io.netty.handler.codec.ByteToMessageDecoder.callDecode(ByteToMessageDecoder.java:446) ~[netty-all-4.1.68.Final.jar:?]
	... 29 more
[15:09:52] [Server thread/INFO]: /advancement (grant|revoke)
[15:09:52] [Server thread/INFO]: /attribute <target> <attribute> (get|base|modifier)
[15:09:52] [Server thread/INFO]: /execute (run|if|unless|as|at|store|positioned|rotated|facing|align|anchored|in)
[15:09:52] [Server thread/INFO]: /bossbar (add|remove|list|set|get)
[15:09:52] [Server thread/INFO]: /clear [<targets>]
[15:09:52] [Server thread/INFO]: /clone <begin> <end> <destination> [replace|masked|filtered]
[15:09:52] [Server thread/INFO]: /data (merge|get|remove|modify)
[15:09:52] [Server thread/INFO]: /datapack (enable|disable|list)
[15:09:52] [Server thread/INFO]: /debug (start|stop|function)
[15:09:52] [Server thread/INFO]: /defaultgamemode (survival|creative|adventure|spectator)
[15:09:52] [Server thread/INFO]: /difficulty [peaceful|easy|normal|hard]
[15:09:52] [Server thread/INFO]: /effect (clear|give)
[15:09:52] [Server thread/INFO]: /me <action>
[15:09:52] [Server thread/INFO]: /enchant <targets> <enchantment> [<level>]
[15:09:52] [Server thread/INFO]: /experience (add|set|query)
[15:09:52] [Server thread/INFO]: /xp -> experience
[15:09:52] [Server thread/INFO]: /fill <from> <to> <block> [replace|keep|outline|hollow|destroy]
[15:09:52] [Server thread/INFO]: /forceload (add|remove|query)
[15:09:52] [Server thread/INFO]: /function <name>
[15:09:52] [Server thread/INFO]: /gamemode (survival|creative|adventure|spectator)
[15:09:52] [Server thread/INFO]: /gamerule (announceAdvancements|commandBlockOutput|disableElytraMovementCheck|disableRaids|doDaylightCycle|doEntityDrops|doFireTick|doImmediateRespawn|doInsomnia|doLimitedCrafting|doMobLoot|doMobSpawning|doPatrolSpawning|doTileDrops|doTraderSpawning|doWeatherCycle|drowningDamage|fallDamage|fireDamage|forgiveDeadPlayers|freezeDamage|keepInventory|logAdminCommands|maxCommandChainLength|maxEntityCramming|mobGriefing|naturalRegeneration|petFriendlyFire|playersSleepingPercentage|randomTickSpeed|reducedDebugInfo|sendCommandFeedback|showDeathMessages|spawnRadius|spectatorsGenerateChunks|universalAnger)
[15:09:52] [Server thread/INFO]: /give <targets> <item> [<count>]
[15:09:52] [Server thread/INFO]: /help [<command>]
[15:09:52] [Server thread/INFO]: /item (replace|modify)
[15:09:52] [Server thread/INFO]: /kick <targets> [<reason>]
[15:09:52] [Server thread/INFO]: /kill [<targets>]
[15:09:52] [Server thread/INFO]: /list [uuids]
[15:09:52] [Server thread/INFO]: /locate <structure>
[15:09:52] [Server thread/INFO]: /locatebiome <biome>
[15:09:52] [Server thread/INFO]: /loot (replace|insert|give|spawn)
[15:09:52] [Server thread/INFO]: /msg <targets> <message>
[15:09:52] [Server thread/INFO]: /tell -> msg
[15:09:52] [Server thread/INFO]: /w -> msg
[15:09:52] [Server thread/INFO]: /particle <name> [<pos>]
[15:09:52] [Server thread/INFO]: /placefeature <feature> [<pos>]
[15:09:52] [Server thread/INFO]: /playsound <sound> (master|music|record|weather|block|hostile|neutral|player|ambient|voice)
[15:09:52] [Server thread/INFO]: /reload
[15:09:52] [Server thread/INFO]: /recipe (give|take)
[15:09:52] [Server thread/INFO]: /say <message>
[15:09:52] [Server thread/INFO]: /schedule (function|clear)
[15:09:52] [Server thread/INFO]: /scoreboard (objectives|players)
[15:09:52] [Server thread/INFO]: /seed
[15:09:52] [Server thread/INFO]: /setblock <pos> <block> [destroy|keep|replace]
[15:09:52] [Server thread/INFO]: /spawnpoint [<targets>]
[15:09:52] [Server thread/INFO]: /setworldspawn [<pos>]
[15:09:52] [Server thread/INFO]: /spectate [<target>]
[15:09:52] [Server thread/INFO]: /spreadplayers <center> <spreadDistance> <maxRange> (<respectTeams>|under)
[15:09:52] [Server thread/INFO]: /stopsound <targets> [*|master|music|record|weather|block|hostile|neutral|player|ambient|voice]
[15:09:52] [Server thread/INFO]: /summon <entity> [<pos>]
[15:09:52] [Server thread/INFO]: /tag <targets> (add|remove|list)
[15:09:52] [Server thread/INFO]: /team (list|add|remove|empty|join|leave|modify)
[15:09:52] [Server thread/INFO]: /teammsg <message>
[15:09:52] [Server thread/INFO]: /tm -> teammsg
[15:09:52] [Server thread/INFO]: /teleport (<location>|<destination>|<targets>)
[15:09:52] [Server thread/INFO]: /tp -> teleport
[15:09:52] [Server thread/INFO]: /tellraw <targets> <message>
[15:09:52] [Server thread/INFO]: /time (set|add|query)
[15:09:52] [Server thread/INFO]: /title <targets> (clear|reset|title|subtitle|actionbar|times)
[15:09:52] [Server thread/INFO]: /trigger <objective> [add|set]
[15:09:52] [Server thread/INFO]: /weather (clear|rain|thunder)
[15:09:52] [Server thread/INFO]: /worldborder (add|set|center|damage|get|warning)
[15:09:52] [Server thread/INFO]: /jfr (start|stop)
[15:09:52] [Server thread/INFO]: /ban-ip <target> [<reason>]
[15:09:52] [Server thread/INFO]: /banlist [ips|players]
[15:09:52] [Server thread/INFO]: /ban <targets> [<reason>]
[15:09:52] [Server thread/INFO]: /deop <targets>
[15:09:52] [Server thread/INFO]: /op <targets>
[15:09:52] [Server thread/INFO]: /pardon <targets>
[15:09:52] [Server thread/INFO]: /pardon-ip <target>
[15:09:52] [Server thread/INFO]: /perf (start|stop)
[15:09:52] [Server thread/INFO]: /save-all [flush]
[15:09:52] [Server thread/INFO]: /save-off
[15:09:52] [Server thread/INFO]: /save-on
[15:09:52] [Server thread/INFO]: /setidletimeout <minutes>
[15:09:52] [Server thread/INFO]: /stop
[15:09:52] [Server thread/INFO]: /whitelist (on|off|list|add|remove|reload)
[15:09:52] [Server thread/INFO]: /alternatecurrent [on|off]
[15:09:52] [Server thread/INFO]: /planetgui [<target>]
[15:09:52] [Server thread/INFO]: /custommachinery log
[15:09:52] [Server thread/INFO]: /cm log
[15:09:52] [Server thread/INFO]: /backup <command> [<name>]
[15:09:52] [Server thread/INFO]: /ftbchunks (claim|unclaim|load|unload|unclaim_all|unload_all|info|admin)
[15:09:52] [Server thread/INFO]: /chunks -> ftbchunks
[15:09:52] [Server thread/INFO]: /ftblibrary (gamemode|rain|day|night|nbtedit|generate_loot_tables)
[15:09:52] [Server thread/INFO]: /ftbquests (editing_mode|locked|delete_empty_reward_tables|change_progress|export_reward_table_to_chest|import_reward_table_from_chest|generate_chapter_with_all_items_in_game|reload|block_rewards|open_book)
[15:09:52] [Server thread/INFO]: /ftbteams (party|server|msg|info|list)
[15:09:52] [Server thread/INFO]: /kubejs (custom_command|hand|offhand|inventory|hotbar|errors|warnings|reload|export|export_virtual_data|list_tag|dump_registry|wiki|stages|painter)
[15:09:52] [Server thread/INFO]: /kjs_hand
[15:09:52] [Server thread/INFO]: /observable [set]
[15:09:52] [Server thread/INFO]: /probejs test
[15:09:52] [Server thread/INFO]: /chunky [cancel|center|confirm|continue|corners|help|pattern|pause|progress|quiet|radius|reload|shape|silent|spawn|start|trim|worldborder|world]
[15:09:52] [Server thread/INFO]: /computercraft [dump|shutdown|turn-on|tp|queue|view|track|help]
[15:09:52] [Server thread/INFO]: /create (rainbowDebug|overlay|trains|fixLighting|debuginfo|highlight|killTrain|passenger|coupling|config|ponder|clone|glue|util|u)
[15:09:52] [Server thread/INFO]: /c (rainbowDebug|overlay|trains|fixLighting|debuginfo|highlight|killTrain|passenger|coupling|config|ponder|clone|glue|util|u)
[15:09:52] [Server thread/INFO]: /cca_api
[15:09:52] [Server thread/INFO]: /disableportals (allowNether|allowEnd|allowEndGateways|reloadConfig)
[15:09:52] [Server thread/INFO]: /closeguiscreen [<target_players>]
[15:09:52] [Server thread/INFO]: /openguiscreen <screen_identifier> [<target_players>]
[15:09:52] [Server thread/INFO]: /fmvariable (get|set)
[15:09:52] [Server thread/INFO]: /graphlib (updateblocks|removeemptygraphs)
[15:09:52] [Server thread/INFO]: /jade (show|hide)
[15:09:52] [Server thread/INFO]: /waypoint (create|delete)
[15:09:52] [Server thread/INFO]: /wp -> waypoint
[15:09:52] [Server thread/INFO]: /lootr [barrel|trapped_chest|chest|shulker|clear|cart|custom|id|refresh|decay|openers]
[15:09:52] [Server thread/INFO]: /mantle (view_tag|dump_tag|dump_loot_modifiers|dump_all_tags|tags_for|harvest_tiers|tag_preference)
[15:09:52] [Server thread/INFO]: /mconfig reload (server|common)
[15:09:52] [Server thread/INFO]: /modernfix upgradeStructures
[15:09:52] [Server thread/INFO]: /open-patchouli-book <targets> <book> [<entry>]
[15:09:52] [Server thread/INFO]: /polymorph conflicts
[15:09:52] [Server thread/INFO]: /railways (split_train|train_uuid)
[15:09:52] [Server thread/INFO]: /snr (split_train|train_uuid)
[15:09:52] [Server thread/INFO]: /reborncore (generate|flyspeed|render)
[15:09:52] [Server thread/INFO]: /servercore (config|settings|status)
[15:09:52] [Server thread/INFO]: /sc -> servercore
[15:09:52] [Server thread/INFO]: /statistics [entities|block-entities]
[15:09:52] [Server thread/INFO]: /mobcaps
[15:09:52] [Server thread/INFO]: /tconstruct (modifiers|tool_stats|slots|modifier_usage)
[15:09:52] [Server thread/INFO]: /techreborn
[15:09:52] [Server thread/INFO]: /tb (access|restore|remove|clear|unpack)
[15:09:52] [Server thread/INFO]: /replacenear [<args>]
[15:09:52] [Server thread/INFO]: //replacenear [<args>]
[15:09:52] [Server thread/INFO]: /.s [<args>]
[15:09:52] [Server thread/INFO]: /lrbuild [<args>]
[15:09:52] [Server thread/INFO]: //lrbuild [<args>]
[15:09:52] [Server thread/INFO]: //stack [<args>]
[15:09:52] [Server thread/INFO]: //overlay [<args>]
[15:09:52] [Server thread/INFO]: //shift [<args>]
[15:09:52] [Server thread/INFO]: /searchitem [<args>]
[15:09:52] [Server thread/INFO]: //searchitem [<args>]
[15:09:52] [Server thread/INFO]: //l [<args>]
[15:09:52] [Server thread/INFO]: //search [<args>]
[15:09:52] [Server thread/INFO]: /toggleeditwand [<args>]
[15:09:52] [Server thread/INFO]: /none [<args>]
[15:09:52] [Server thread/INFO]: /gmask [<args>]
[15:09:52] [Server thread/INFO]: //gmask [<args>]
[15:09:52] [Server thread/INFO]: /selwand [<args>]
[15:09:52] [Server thread/INFO]: //selwand [<args>]
[15:09:52] [Server thread/INFO]: /removeabove [<args>]
[15:09:52] [Server thread/INFO]: //removeabove [<args>]
[15:09:52] [Server thread/INFO]: /pumpkins [<args>]
[15:09:52] [Server thread/INFO]: //outset [<args>]
[15:09:52] [Server thread/INFO]: /navwand [<args>]
[15:09:52] [Server thread/INFO]: //navwand [<args>]
[15:09:52] [Server thread/INFO]: //generate [<args>]
[15:09:52] [Server thread/INFO]: //gen [<args>]
[15:09:52] [Server thread/INFO]: //g [<args>]
[15:09:52] [Server thread/INFO]: //replace [<args>]
[15:09:52] [Server thread/INFO]: //re [<args>]
[15:09:52] [Server thread/INFO]: //rep [<args>]
[15:09:52] [Server thread/INFO]: //faces [<args>]
[15:09:52] [Server thread/INFO]: //outline [<args>]
[15:09:52] [Server thread/INFO]: //deform [<args>]
[15:09:52] [Server thread/INFO]: /biomelist [<args>]
[15:09:52] [Server thread/INFO]: /biomels [<args>]
[15:09:52] [Server thread/INFO]: /green [<args>]
[15:09:52] [Server thread/INFO]: //green [<args>]
[15:09:52] [Server thread/INFO]: /extinguish [<args>]
[15:09:52] [Server thread/INFO]: //ex [<args>]
[15:09:52] [Server thread/INFO]: //ext [<args>]
[15:09:52] [Server thread/INFO]: //extinguish [<args>]
[15:09:52] [Server thread/INFO]: /ex [<args>]
[15:09:52] [Server thread/INFO]: /ext [<args>]
[15:09:52] [Server thread/INFO]: /unstuck [<args>]
[15:09:52] [Server thread/INFO]: /! [<args>]
[15:09:52] [Server thread/INFO]: /farwand [<args>]
[15:09:52] [Server thread/INFO]: /removenear [<args>]
[15:09:52] [Server thread/INFO]: //removenear [<args>]
[15:09:52] [Server thread/INFO]: /ceil [<args>]
[15:09:52] [Server thread/INFO]: //smooth [<args>]
[15:09:52] [Server thread/INFO]: // [<args>]
[15:09:52] [Server thread/INFO]: /, [<args>]
[15:09:52] [Server thread/INFO]: /floodfill [<args>]
[15:09:52] [Server thread/INFO]: /flood [<args>]
[15:09:52] [Server thread/INFO]: //cyl [<args>]
[15:09:52] [Server thread/INFO]: //watchdog [<args>]
[15:09:52] [Server thread/INFO]: /superpickaxe [<args>]
[15:09:52] [Server thread/INFO]: /pickaxe [<args>]
[15:09:52] [Server thread/INFO]: /sp [<args>]
[15:09:52] [Server thread/INFO]: /size [<args>]
[15:09:52] [Server thread/INFO]: //generatebiome [<args>]
[15:09:52] [Server thread/INFO]: //genbiome [<args>]
[15:09:52] [Server thread/INFO]: //gb [<args>]
[15:09:52] [Server thread/INFO]: /material [<args>]
[15:09:52] [Server thread/INFO]: //material [<args>]
[15:09:52] [Server thread/INFO]: //naturalize [<args>]
[15:09:52] [Server thread/INFO]: //world [<args>]
[15:09:52] [Server thread/INFO]: //help [<args>]
[15:09:52] [Server thread/INFO]: //hcyl [<args>]
[15:09:52] [Server thread/INFO]: //sel [<args>]
[15:09:52] [Server thread/INFO]: /; [<args>]
[15:09:52] [Server thread/INFO]: //desel [<args>]
[15:09:52] [Server thread/INFO]: //deselect [<args>]
[15:09:52] [Server thread/INFO]: /clearhistory [<args>]
[15:09:52] [Server thread/INFO]: //clearhistory [<args>]
[15:09:52] [Server thread/INFO]: /snapshot [<args>]
[15:09:52] [Server thread/INFO]: /snap [<args>]
[15:09:52] [Server thread/INFO]: /toggleplace [<args>]
[15:09:52] [Server thread/INFO]: //toggleplace [<args>]
[15:09:52] [Server thread/INFO]: /forestgen [<args>]
[15:09:52] [Server thread/INFO]: /schematic [<args>]
[15:09:52] [Server thread/INFO]: /schem [<args>]
[15:09:52] [Server thread/INFO]: //schematic [<args>]
[15:09:52] [Server thread/INFO]: //schem [<args>]
[15:09:52] [Server thread/INFO]: //move [<args>]
[15:09:52] [Server thread/INFO]: //chunk [<args>]
[15:09:52] [Server thread/INFO]: /range [<args>]
[15:09:52] [Server thread/INFO]: //paste [<args>]
[15:09:52] [Server thread/INFO]: /brush [<args>]
[15:09:52] [Server thread/INFO]: /br [<args>]
[15:09:52] [Server thread/INFO]: //brush [<args>]
[15:09:52] [Server thread/INFO]: //br [<args>]
[15:09:52] [Server thread/INFO]: //hsphere [<args>]
[15:09:52] [Server thread/INFO]: //perf [<args>]
[15:09:52] [Server thread/INFO]: //timeout [<args>]
[15:09:52] [Server thread/INFO]: //rotate [<args>]
[15:09:52] [Server thread/INFO]: /deltree [<args>]
[15:09:52] [Server thread/INFO]: /repl [<args>]
[15:09:52] [Server thread/INFO]: //distr [<args>]
[15:09:52] [Server thread/INFO]: /remove [<args>]
[15:09:52] [Server thread/INFO]: /rem [<args>]
[15:09:52] [Server thread/INFO]: /rement [<args>]
[15:09:52] [Server thread/INFO]: /undo [<args>]
[15:09:52] [Server thread/INFO]: //undo [<args>]
[15:09:52] [Server thread/INFO]: //sphere [<args>]
[15:09:52] [Server thread/INFO]: /descend [<args>]
[15:09:52] [Server thread/INFO]: /desc [<args>]
[15:09:52] [Server thread/INFO]: //inset [<args>]
[15:09:52] [Server thread/INFO]: //wand [<args>]
[15:09:52] [Server thread/INFO]: //reorder [<args>]
[15:09:52] [Server thread/INFO]: /redo [<args>]
[15:09:52] [Server thread/INFO]: //redo [<args>]
[15:09:52] [Server thread/INFO]: /fixwater [<args>]
[15:09:52] [Server thread/INFO]: //fixwater [<args>]
[15:09:52] [Server thread/INFO]: /worldedit [<args>]
[15:09:52] [Server thread/INFO]: /we [<args>]
[15:09:52] [Server thread/INFO]: /jumpto [<args>]
[15:09:52] [Server thread/INFO]: /j [<args>]
[15:09:52] [Server thread/INFO]: //line [<args>]
[15:09:52] [Server thread/INFO]: /fixlava [<args>]
[15:09:52] [Server thread/INFO]: //fixlava [<args>]
[15:09:52] [Server thread/INFO]: /biomeinfo [<args>]
[15:09:52] [Server thread/INFO]: /chunkinfo [<args>]
[15:09:52] [Server thread/INFO]: /ascend [<args>]
[15:09:52] [Server thread/INFO]: /asc [<args>]
[15:09:52] [Server thread/INFO]: /cs [<args>]
[15:09:52] [Server thread/INFO]: //size [<args>]
[15:09:52] [Server thread/INFO]: /thru [<args>]
[15:09:52] [Server thread/INFO]: //fillr [<args>]
[15:09:52] [Server thread/INFO]: //contract [<args>]
[15:09:52] [Server thread/INFO]: /tracemask [<args>]
[15:09:52] [Server thread/INFO]: /removebelow [<args>]
[15:09:52] [Server thread/INFO]: //removebelow [<args>]
[15:09:52] [Server thread/INFO]: /butcher [<args>]
[15:09:52] [Server thread/INFO]: //flora [<args>]
[15:09:52] [Server thread/INFO]: /cycler [<args>]
[15:09:52] [Server thread/INFO]: //calculate [<args>]
[15:09:52] [Server thread/INFO]: //calc [<args>]
[15:09:52] [Server thread/INFO]: //eval [<args>]
[15:09:52] [Server thread/INFO]: //evaluate [<args>]
[15:09:52] [Server thread/INFO]: //solve [<args>]
[15:09:52] [Server thread/INFO]: /thaw [<args>]
[15:09:52] [Server thread/INFO]: //thaw [<args>]
[15:09:52] [Server thread/INFO]: /up [<args>]
[15:09:52] [Server thread/INFO]: //count [<args>]
[15:09:52] [Server thread/INFO]: /info [<args>]
[15:09:52] [Server thread/INFO]: /listchunks [<args>]
[15:09:52] [Server thread/INFO]: //hpyramid [<args>]
[15:09:52] [Server thread/INFO]: //cut [<args>]
[15:09:52] [Server thread/INFO]: //forest [<args>]
[15:09:52] [Server thread/INFO]: /tree [<args>]
[15:09:52] [Server thread/INFO]: /tool [<args>]
[15:09:52] [Server thread/INFO]: //center [<args>]
[15:09:52] [Server thread/INFO]: //middle [<args>]
[15:09:52] [Server thread/INFO]: /snow [<args>]
[15:09:52] [Server thread/INFO]: //snow [<args>]
[15:09:52] [Server thread/INFO]: //setbiome [<args>]
[15:09:52] [Server thread/INFO]: //limit [<args>]
[15:09:52] [Server thread/INFO]: /restore [<args>]
[15:09:52] [Server thread/INFO]: //restore [<args>]
[15:09:52] [Server thread/INFO]: //pyramid [<args>]
[15:09:52] [Server thread/INFO]: //drain [<args>]
[15:09:52] [Server thread/INFO]: //set [<args>]
[15:09:52] [Server thread/INFO]: //pos1 [<args>]
[15:09:52] [Server thread/INFO]: //regen [<args>]
[15:09:52] [Server thread/INFO]: //pos2 [<args>]
[15:09:52] [Server thread/INFO]: //fast [<args>]
[15:09:52] [Server thread/INFO]: //hollow [<args>]
[15:09:52] [Server thread/INFO]: //hpos2 [<args>]
[15:09:52] [Server thread/INFO]: //hpos1 [<args>]
[15:09:52] [Server thread/INFO]: //flip [<args>]
[15:09:52] [Server thread/INFO]: //drawsel [<args>]
[15:09:52] [Server thread/INFO]: /mask [<args>]
[15:09:52] [Server thread/INFO]: //copy [<args>]
[15:09:52] [Server thread/INFO]: /delchunks [<args>]
[15:09:52] [Server thread/INFO]: //expand [<args>]
[15:09:52] [Server thread/INFO]: /clearclipboard [<args>]
[15:09:52] [Server thread/INFO]: //walls [<args>]
[15:09:52] [Server thread/INFO]: //fill [<args>]
[15:09:52] [Server thread/INFO]: //curve [<args>]
[15:09:52] [Server thread/INFO]: /yigd [restore|rob|grave|moderate|clear|whitelist|coordinates]
[15:09:52] [Server thread/INFO]: /yttr:void_undo (clean|just|by)
[15:09:52] [Server thread/INFO]: /yttr:goto (spawn|<dimension>)
[15:09:52] [Server thread/INFO]: /yttr:devsetup
[15:09:52] [Server thread/INFO]: /yttr:dump_server_blockstates
[15:09:52] [Server thread/INFO]: /cobblegen reload-meta
[15:09:52] [Server thread/INFO]: /environmentalcreepers-reload
[15:09:52] [Server thread/INFO]: /spark [<args>]
[15:09:52] [Server thread/INFO]: /ae2 (supporters|chunklogger|spatial|channelmode|tickmonitor)
[15:09:52] [Server thread/INFO]: /buildinggadgets (OverrideBuildSize|OverrideCopySize|ForceLoadChunks|OverrideBuildSizeList|OverrideCopySizeList|ForceLoadChunksList)
[15:10:04] [Netty Epoll Server IO #6/ERROR]: Exception occurred in netty pipeline
io.netty.handler.codec.DecoderException: java.lang.IndexOutOfBoundsException: Index 3 out of bounds for length 1
	at io.netty.handler.codec.ByteToMessageDecoder.callDecode(ByteToMessageDecoder.java:477) ~[netty-all-4.1.68.Final.jar:?]
	at io.netty.handler.codec.ByteToMessageDecoder.channelRead(ByteToMessageDecoder.java:276) ~[netty-all-4.1.68.Final.jar:?]
	at io.netty.channel.AbstractChannelHandlerContext.invokeChannelRead(AbstractChannelHandlerContext.java:379) [netty-all-4.1.68.Final.jar:?]
	at io.netty.channel.AbstractChannelHandlerContext.invokeChannelRead(AbstractChannelHandlerContext.java:365) [netty-all-4.1.68.Final.jar:?]
	at io.netty.channel.AbstractChannelHandlerContext.fireChannelRead(AbstractChannelHandlerContext.java:357) [netty-all-4.1.68.Final.jar:?]
	at io.netty.handler.codec.ByteToMessageDecoder.fireChannelRead(ByteToMessageDecoder.java:324) [netty-all-4.1.68.Final.jar:?]
	at io.netty.handler.codec.ByteToMessageDecoder.fireChannelRead(ByteToMessageDecoder.java:311) [netty-all-4.1.68.Final.jar:?]
	at io.netty.handler.codec.ByteToMessageDecoder.callDecode(ByteToMessageDecoder.java:432) [netty-all-4.1.68.Final.jar:?]
	at io.netty.handler.codec.ByteToMessageDecoder.channelRead(ByteToMessageDecoder.java:276) [netty-all-4.1.68.Final.jar:?]
	at io.netty.channel.AbstractChannelHandlerContext.invokeChannelRead(AbstractChannelHandlerContext.java:379) [netty-all-4.1.68.Final.jar:?]
	at io.netty.channel.AbstractChannelHandlerContext.invokeChannelRead(AbstractChannelHandlerContext.java:365) [netty-all-4.1.68.Final.jar:?]
	at io.netty.channel.AbstractChannelHandlerContext.fireChannelRead(AbstractChannelHandlerContext.java:357) [netty-all-4.1.68.Final.jar:?]
	at net.minecraft.class_3238.channelRead(class_3238.java:94) [server-intermediary.jar:?]
	at io.netty.channel.AbstractChannelHandlerContext.invokeChannelRead(AbstractChannelHandlerContext.java:379) [netty-all-4.1.68.Final.jar:?]
	at io.netty.channel.AbstractChannelHandlerContext.invokeChannelRead(AbstractChannelHandlerContext.java:365) [netty-all-4.1.68.Final.jar:?]
	at io.netty.channel.AbstractChannelHandlerContext.fireChannelRead(AbstractChannelHandlerContext.java:357) [netty-all-4.1.68.Final.jar:?]
	at io.netty.handler.timeout.IdleStateHandler.channelRead(IdleStateHandler.java:286) [netty-all-4.1.68.Final.jar:?]
	at io.netty.channel.AbstractChannelHandlerContext.invokeChannelRead(AbstractChannelHandlerContext.java:379) [netty-all-4.1.68.Final.jar:?]
	at io.netty.channel.AbstractChannelHandlerContext.invokeChannelRead(AbstractChannelHandlerContext.java:365) [netty-all-4.1.68.Final.jar:?]
	at io.netty.channel.AbstractChannelHandlerContext.fireChannelRead(AbstractChannelHandlerContext.java:357) [netty-all-4.1.68.Final.jar:?]
	at io.netty.channel.DefaultChannelPipeline$HeadContext.channelRead(DefaultChannelPipeline.java:1410) [netty-all-4.1.68.Final.jar:?]
	at io.netty.channel.AbstractChannelHandlerContext.invokeChannelRead(AbstractChannelHandlerContext.java:379) [netty-all-4.1.68.Final.jar:?]
	at io.netty.channel.AbstractChannelHandlerContext.invokeChannelRead(AbstractChannelHandlerContext.java:365) [netty-all-4.1.68.Final.jar:?]
	at io.netty.channel.DefaultChannelPipeline.fireChannelRead(DefaultChannelPipeline.java:919) [netty-all-4.1.68.Final.jar:?]
	at io.netty.channel.epoll.AbstractEpollStreamChannel$EpollStreamUnsafe.epollInReady(AbstractEpollStreamChannel.java:795) [netty-all-4.1.68.Final.jar:?]
	at io.netty.channel.epoll.EpollEventLoop.processReady(EpollEventLoop.java:480) [netty-all-4.1.68.Final.jar:?]
	at io.netty.channel.epoll.EpollEventLoop.run(EpollEventLoop.java:378) [netty-all-4.1.68.Final.jar:?]
	at io.netty.util.concurrent.SingleThreadEventExecutor$4.run(SingleThreadEventExecutor.java:986) [netty-all-4.1.68.Final.jar:?]
	at io.netty.util.internal.ThreadExecutorMap$2.run(ThreadExecutorMap.java:74) [netty-all-4.1.68.Final.jar:?]
	at java.lang.Thread.run(Thread.java:840) [?:?]
Caused by: java.lang.IndexOutOfBoundsException: Index 3 out of bounds for length 1
	at jdk.internal.util.Preconditions.outOfBounds(Preconditions.java:64) ~[?:?]
	at jdk.internal.util.Preconditions.outOfBoundsCheckIndex(Preconditions.java:70) ~[?:?]
	at jdk.internal.util.Preconditions.checkIndex(Preconditions.java:266) ~[?:?]
	at java.util.Objects.checkIndex(Objects.java:361) ~[?:?]
	at java.util.ArrayList.get(ArrayList.java:427) ~[?:?]
	at net.minecraft.class_2539$class_4532.method_22310(class_2539.java:418) ~[server-intermediary.jar:?]
	at net.minecraft.class_2539.method_10783(class_2539.java:471) ~[server-intermediary.jar:?]
	at net.minecraft.class_2543.decode(class_2543.java:32) ~[server-intermediary.jar:?]
	at io.netty.handler.codec.ByteToMessageDecoder.decodeRemovalReentryProtection(ByteToMessageDecoder.java:507) ~[netty-all-4.1.68.Final.jar:?]
	at io.netty.handler.codec.ByteToMessageDecoder.callDecode(ByteToMessageDecoder.java:446) ~[netty-all-4.1.68.Final.jar:?]
	... 29 more
[15:10:04] [Netty Epoll Server IO #7/ERROR]: Exception occurred in netty pipeline
io.netty.handler.codec.DecoderException: java.lang.IndexOutOfBoundsException: Index 3 out of bounds for length 1
	at io.netty.handler.codec.ByteToMessageDecoder.callDecode(ByteToMessageDecoder.java:477) ~[netty-all-4.1.68.Final.jar:?]
	at io.netty.handler.codec.ByteToMessageDecoder.channelRead(ByteToMessageDecoder.java:276) ~[netty-all-4.1.68.Final.jar:?]
	at io.netty.channel.AbstractChannelHandlerContext.invokeChannelRead(AbstractChannelHandlerContext.java:379) [netty-all-4.1.68.Final.jar:?]
	at io.netty.channel.AbstractChannelHandlerContext.invokeChannelRead(AbstractChannelHandlerContext.java:365) [netty-all-4.1.68.Final.jar:?]
	at io.netty.channel.AbstractChannelHandlerContext.fireChannelRead(AbstractChannelHandlerContext.java:357) [netty-all-4.1.68.Final.jar:?]
	at io.netty.handler.codec.ByteToMessageDecoder.fireChannelRead(ByteToMessageDecoder.java:324) [netty-all-4.1.68.Final.jar:?]
	at io.netty.handler.codec.ByteToMessageDecoder.fireChannelRead(ByteToMessageDecoder.java:311) [netty-all-4.1.68.Final.jar:?]
	at io.netty.handler.codec.ByteToMessageDecoder.callDecode(ByteToMessageDecoder.java:432) [netty-all-4.1.68.Final.jar:?]
	at io.netty.handler.codec.ByteToMessageDecoder.channelRead(ByteToMessageDecoder.java:276) [netty-all-4.1.68.Final.jar:?]
	at io.netty.channel.AbstractChannelHandlerContext.invokeChannelRead(AbstractChannelHandlerContext.java:379) [netty-all-4.1.68.Final.jar:?]
	at io.netty.channel.AbstractChannelHandlerContext.invokeChannelRead(AbstractChannelHandlerContext.java:365) [netty-all-4.1.68.Final.jar:?]
	at io.netty.channel.AbstractChannelHandlerContext.fireChannelRead(AbstractChannelHandlerContext.java:357) [netty-all-4.1.68.Final.jar:?]
	at net.minecraft.class_3238.channelRead(class_3238.java:94) [server-intermediary.jar:?]
	at io.netty.channel.AbstractChannelHandlerContext.invokeChannelRead(AbstractChannelHandlerContext.java:379) [netty-all-4.1.68.Final.jar:?]
	at io.netty.channel.AbstractChannelHandlerContext.invokeChannelRead(AbstractChannelHandlerContext.java:365) [netty-all-4.1.68.Final.jar:?]
	at io.netty.channel.AbstractChannelHandlerContext.fireChannelRead(AbstractChannelHandlerContext.java:357) [netty-all-4.1.68.Final.jar:?]
	at io.netty.handler.timeout.IdleStateHandler.channelRead(IdleStateHandler.java:286) [netty-all-4.1.68.Final.jar:?]
	at io.netty.channel.AbstractChannelHandlerContext.invokeChannelRead(AbstractChannelHandlerContext.java:379) [netty-all-4.1.68.Final.jar:?]
	at io.netty.channel.AbstractChannelHandlerContext.invokeChannelRead(AbstractChannelHandlerContext.java:365) [netty-all-4.1.68.Final.jar:?]
	at io.netty.channel.AbstractChannelHandlerContext.fireChannelRead(AbstractChannelHandlerContext.java:357) [netty-all-4.1.68.Final.jar:?]
	at io.netty.channel.DefaultChannelPipeline$HeadContext.channelRead(DefaultChannelPipeline.java:1410) [netty-all-4.1.68.Final.jar:?]
	at io.netty.channel.AbstractChannelHandlerContext.invokeChannelRead(AbstractChannelHandlerContext.java:379) [netty-all-4.1.68.Final.jar:?]
	at io.netty.channel.AbstractChannelHandlerContext.invokeChannelRead(AbstractChannelHandlerContext.java:365) [netty-all-4.1.68.Final.jar:?]
	at io.netty.channel.DefaultChannelPipeline.fireChannelRead(DefaultChannelPipeline.java:919) [netty-all-4.1.68.Final.jar:?]
	at io.netty.channel.epoll.AbstractEpollStreamChannel$EpollStreamUnsafe.epollInReady(AbstractEpollStreamChannel.java:795) [netty-all-4.1.68.Final.jar:?]
	at io.netty.channel.epoll.EpollEventLoop.processReady(EpollEventLoop.java:480) [netty-all-4.1.68.Final.jar:?]
	at io.netty.channel.epoll.EpollEventLoop.run(EpollEventLoop.java:378) [netty-all-4.1.68.Final.jar:?]
	at io.netty.util.concurrent.SingleThreadEventExecutor$4.run(SingleThreadEventExecutor.java:986) [netty-all-4.1.68.Final.jar:?]
	at io.netty.util.internal.ThreadExecutorMap$2.run(ThreadExecutorMap.java:74) [netty-all-4.1.68.Final.jar:?]
	at java.lang.Thread.run(Thread.java:840) [?:?]
Caused by: java.lang.IndexOutOfBoundsException: Index 3 out of bounds for length 1
	at jdk.internal.util.Preconditions.outOfBounds(Preconditions.java:64) ~[?:?]
	at jdk.internal.util.Preconditions.outOfBoundsCheckIndex(Preconditions.java:70) ~[?:?]
	at jdk.internal.util.Preconditions.checkIndex(Preconditions.java:266) ~[?:?]
	at java.util.Objects.checkIndex(Objects.java:361) ~[?:?]
	at java.util.ArrayList.get(ArrayList.java:427) ~[?:?]
	at net.minecraft.class_2539$class_4532.method_22310(class_2539.java:418) ~[server-intermediary.jar:?]
	at net.minecraft.class_2539.method_10783(class_2539.java:471) ~[server-intermediary.jar:?]
	at net.minecraft.class_2543.decode(class_2543.java:32) ~[server-intermediary.jar:?]
	at io.netty.handler.codec.ByteToMessageDecoder.decodeRemovalReentryProtection(ByteToMessageDecoder.java:507) ~[netty-all-4.1.68.Final.jar:?]
	at io.netty.handler.codec.ByteToMessageDecoder.callDecode(ByteToMessageDecoder.java:446) ~[netty-all-4.1.68.Final.jar:?]
	... 29 more
[15:15:10] [Netty Epoll Server IO #0/ERROR]: Exception occurred in netty pipeline
io.netty.handler.codec.DecoderException: java.lang.IndexOutOfBoundsException: Index 50 out of bounds for length 1
	at io.netty.handler.codec.ByteToMessageDecoder.callDecode(ByteToMessageDecoder.java:477) ~[netty-all-4.1.68.Final.jar:?]
	at io.netty.handler.codec.ByteToMessageDecoder.channelRead(ByteToMessageDecoder.java:276) ~[netty-all-4.1.68.Final.jar:?]
	at io.netty.channel.AbstractChannelHandlerContext.invokeChannelRead(AbstractChannelHandlerContext.java:379) [netty-all-4.1.68.Final.jar:?]
	at io.netty.channel.AbstractChannelHandlerContext.invokeChannelRead(AbstractChannelHandlerContext.java:365) [netty-all-4.1.68.Final.jar:?]
	at io.netty.channel.AbstractChannelHandlerContext.fireChannelRead(AbstractChannelHandlerContext.java:357) [netty-all-4.1.68.Final.jar:?]
	at io.netty.handler.codec.ByteToMessageDecoder.fireChannelRead(ByteToMessageDecoder.java:324) [netty-all-4.1.68.Final.jar:?]
	at io.netty.handler.codec.ByteToMessageDecoder.fireChannelRead(ByteToMessageDecoder.java:311) [netty-all-4.1.68.Final.jar:?]
	at io.netty.handler.codec.ByteToMessageDecoder.callDecode(ByteToMessageDecoder.java:432) [netty-all-4.1.68.Final.jar:?]
	at io.netty.handler.codec.ByteToMessageDecoder.channelRead(ByteToMessageDecoder.java:276) [netty-all-4.1.68.Final.jar:?]
	at io.netty.channel.AbstractChannelHandlerContext.invokeChannelRead(AbstractChannelHandlerContext.java:379) [netty-all-4.1.68.Final.jar:?]
	at io.netty.channel.AbstractChannelHandlerContext.invokeChannelRead(AbstractChannelHandlerContext.java:365) [netty-all-4.1.68.Final.jar:?]
	at io.netty.channel.AbstractChannelHandlerContext.fireChannelRead(AbstractChannelHandlerContext.java:357) [netty-all-4.1.68.Final.jar:?]
	at net.minecraft.class_3238.channelRead(class_3238.java:94) [server-intermediary.jar:?]
	at io.netty.channel.AbstractChannelHandlerContext.invokeChannelRead(AbstractChannelHandlerContext.java:379) [netty-all-4.1.68.Final.jar:?]
	at io.netty.channel.AbstractChannelHandlerContext.invokeChannelRead(AbstractChannelHandlerContext.java:365) [netty-all-4.1.68.Final.jar:?]
	at io.netty.channel.AbstractChannelHandlerContext.fireChannelRead(AbstractChannelHandlerContext.java:357) [netty-all-4.1.68.Final.jar:?]
	at io.netty.handler.timeout.IdleStateHandler.channelRead(IdleStateHandler.java:286) [netty-all-4.1.68.Final.jar:?]
	at io.netty.channel.AbstractChannelHandlerContext.invokeChannelRead(AbstractChannelHandlerContext.java:379) [netty-all-4.1.68.Final.jar:?]
	at io.netty.channel.AbstractChannelHandlerContext.invokeChannelRead(AbstractChannelHandlerContext.java:365) [netty-all-4.1.68.Final.jar:?]
	at io.netty.channel.AbstractChannelHandlerContext.fireChannelRead(AbstractChannelHandlerContext.java:357) [netty-all-4.1.68.Final.jar:?]
	at io.netty.channel.DefaultChannelPipeline$HeadContext.channelRead(DefaultChannelPipeline.java:1410) [netty-all-4.1.68.Final.jar:?]
	at io.netty.channel.AbstractChannelHandlerContext.invokeChannelRead(AbstractChannelHandlerContext.java:379) [netty-all-4.1.68.Final.jar:?]
	at io.netty.channel.AbstractChannelHandlerContext.invokeChannelRead(AbstractChannelHandlerContext.java:365) [netty-all-4.1.68.Final.jar:?]
	at io.netty.channel.DefaultChannelPipeline.fireChannelRead(DefaultChannelPipeline.java:919) [netty-all-4.1.68.Final.jar:?]
	at io.netty.channel.epoll.AbstractEpollStreamChannel$EpollStreamUnsafe.epollInReady(AbstractEpollStreamChannel.java:795) [netty-all-4.1.68.Final.jar:?]
	at io.netty.channel.epoll.EpollEventLoop.processReady(EpollEventLoop.java:480) [netty-all-4.1.68.Final.jar:?]
	at io.netty.channel.epoll.EpollEventLoop.run(EpollEventLoop.java:378) [netty-all-4.1.68.Final.jar:?]
	at io.netty.util.concurrent.SingleThreadEventExecutor$4.run(SingleThreadEventExecutor.java:986) [netty-all-4.1.68.Final.jar:?]
	at io.netty.util.internal.ThreadExecutorMap$2.run(ThreadExecutorMap.java:74) [netty-all-4.1.68.Final.jar:?]
	at java.lang.Thread.run(Thread.java:840) [?:?]
Caused by: java.lang.IndexOutOfBoundsException: Index 50 out of bounds for length 1
	at jdk.internal.util.Preconditions.outOfBounds(Preconditions.java:64) ~[?:?]
	at jdk.internal.util.Preconditions.outOfBoundsCheckIndex(Preconditions.java:70) ~[?:?]
	at jdk.internal.util.Preconditions.checkIndex(Preconditions.java:266) ~[?:?]
	at java.util.Objects.checkIndex(Objects.java:361) ~[?:?]
	at java.util.ArrayList.get(ArrayList.java:427) ~[?:?]
	at net.minecraft.class_2539$class_4532.method_22310(class_2539.java:418) ~[server-intermediary.jar:?]
	at net.minecraft.class_2539.method_10783(class_2539.java:471) ~[server-intermediary.jar:?]
	at net.minecraft.class_2543.decode(class_2543.java:32) ~[server-intermediary.jar:?]
	at io.netty.handler.codec.ByteToMessageDecoder.decodeRemovalReentryProtection(ByteToMessageDecoder.java:507) ~[netty-all-4.1.68.Final.jar:?]
	at io.netty.handler.codec.ByteToMessageDecoder.callDecode(ByteToMessageDecoder.java:446) ~[netty-all-4.1.68.Final.jar:?]
	... 29 more
[15:23:59] [Server thread/INFO]: Stopping the server
[15:23:59] [Server thread/INFO]: Shutdown Complete
[15:23:59] [Server thread/INFO]: Stopping server
[15:23:59] [Server thread/INFO]: Saving players
[15:23:59] [Server thread/INFO]: Saving worlds
[15:23:59] [Server thread/INFO]: Saving chunks for level 'ServerLevel[world]'/minecraft:overworld
[15:23:59] [Server thread/INFO]: Saving block-graph for 'ServerLevel[world]'/minecraft:overworld
[15:23:59] [Server thread/INFO]: Saving chunks for level 'ServerLevel[world]'/ad_astra:mars
[15:23:59] [Server thread/INFO]: Saving block-graph for 'ServerLevel[world]'/ad_astra:mars
[15:23:59] [Server thread/INFO]: Saving chunks for level 'ServerLevel[world]'/ad_astra:venus_orbit
[15:23:59] [Server thread/INFO]: Saving block-graph for 'ServerLevel[world]'/ad_astra:venus_orbit
[15:23:59] [Server thread/INFO]: Saving chunks for level 'ServerLevel[world]'/minecraft:the_nether
[15:23:59] [Server thread/INFO]: Saving block-graph for 'ServerLevel[world]'/minecraft:the_nether
[15:23:59] [Server thread/INFO]: Saving chunks for level 'ServerLevel[world]'/ad_astra:mars_orbit
[15:23:59] [Server thread/INFO]: Saving block-graph for 'ServerLevel[world]'/ad_astra:mars_orbit
[15:23:59] [Server thread/INFO]: Saving chunks for level 'ServerLevel[world]'/ad_astra:glacio_orbit
[15:23:59] [Server thread/INFO]: Saving block-graph for 'ServerLevel[world]'/ad_astra:glacio_orbit
[15:23:59] [Server thread/INFO]: Saving chunks for level 'ServerLevel[world]'/ad_astra:mercury_orbit
[15:23:59] [Server thread/INFO]: Saving block-graph for 'ServerLevel[world]'/ad_astra:mercury_orbit
[15:23:59] [Server thread/INFO]: Saving chunks for level 'ServerLevel[world]'/minecraft:the_end
[15:23:59] [Server thread/INFO]: Saving block-graph for 'ServerLevel[world]'/minecraft:the_end
[15:23:59] [Server thread/INFO]: Saving chunks for level 'ServerLevel[world]'/ad_astra:mercury
[15:23:59] [Server thread/INFO]: Saving block-graph for 'ServerLevel[world]'/ad_astra:mercury
[15:23:59] [Server thread/INFO]: Saving chunks for level 'ServerLevel[world]'/ad_astra:moon
[15:23:59] [Server thread/INFO]: Saving block-graph for 'ServerLevel[world]'/ad_astra:moon
[15:23:59] [Server thread/INFO]: Saving chunks for level 'ServerLevel[world]'/ad_astra:earth_orbit
[15:23:59] [Server thread/INFO]: Saving block-graph for 'ServerLevel[world]'/ad_astra:earth_orbit
[15:23:59] [Server thread/INFO]: Saving chunks for level 'ServerLevel[world]'/ad_astra:moon_orbit
[15:23:59] [Server thread/INFO]: Saving block-graph for 'ServerLevel[world]'/ad_astra:moon_orbit
[15:23:59] [Server thread/INFO]: Saving chunks for level 'ServerLevel[world]'/ae2:spatial_storage
[15:23:59] [Server thread/INFO]: Saving block-graph for 'ServerLevel[world]'/ae2:spatial_storage
[15:23:59] [Server thread/INFO]: Saving chunks for level 'ServerLevel[world]'/ad_astra:glacio
[15:23:59] [Server thread/INFO]: Saving block-graph for 'ServerLevel[world]'/ad_astra:glacio
[15:23:59] [Server thread/INFO]: Saving chunks for level 'ServerLevel[world]'/ad_astra:venus
[15:23:59] [Server thread/INFO]: Saving block-graph for 'ServerLevel[world]'/ad_astra:venus
[15:23:59] [Server thread/INFO]: ThreadedAnvilChunkStorage (world): All chunks are saved
[15:23:59] [Server thread/INFO]: ThreadedAnvilChunkStorage (mars): All chunks are saved
[15:23:59] [Server thread/INFO]: ThreadedAnvilChunkStorage (venus_orbit): All chunks are saved
[15:23:59] [Server thread/INFO]: ThreadedAnvilChunkStorage (DIM-1): All chunks are saved
[15:23:59] [Server thread/INFO]: ThreadedAnvilChunkStorage (mars_orbit): All chunks are saved
[15:23:59] [Server thread/INFO]: ThreadedAnvilChunkStorage (glacio_orbit): All chunks are saved
[15:23:59] [Server thread/INFO]: ThreadedAnvilChunkStorage (mercury_orbit): All chunks are saved
[15:23:59] [Server thread/INFO]: ThreadedAnvilChunkStorage (DIM1): All chunks are saved
[15:23:59] [Server thread/INFO]: ThreadedAnvilChunkStorage (mercury): All chunks are saved
[15:23:59] [Server thread/INFO]: ThreadedAnvilChunkStorage (moon): All chunks are saved
[15:23:59] [Server thread/INFO]: ThreadedAnvilChunkStorage (earth_orbit): All chunks are saved
[15:23:59] [Server thread/INFO]: ThreadedAnvilChunkStorage (moon_orbit): All chunks are saved
[15:23:59] [Server thread/INFO]: ThreadedAnvilChunkStorage (spatial_storage): All chunks are saved
[15:23:59] [Server thread/INFO]: ThreadedAnvilChunkStorage (glacio): All chunks are saved
[15:23:59] [Server thread/INFO]: ThreadedAnvilChunkStorage (venus): All chunks are saved
[15:23:59] [Server thread/INFO]: ThreadedAnvilChunkStorage: All dimensions are saved
[15:23:59] [Server thread/INFO]: Saving block-graph for 'ServerLevel[world]'/minecraft:overworld
[15:23:59] [Server thread/INFO]: Saving block-graph for 'ServerLevel[world]'/ad_astra:mars
[15:23:59] [Server thread/INFO]: Saving block-graph for 'ServerLevel[world]'/ad_astra:venus_orbit
[15:23:59] [Server thread/INFO]: Saving block-graph for 'ServerLevel[world]'/minecraft:the_nether
[15:23:59] [Server thread/INFO]: Saving block-graph for 'ServerLevel[world]'/ad_astra:mars_orbit
[15:23:59] [Server thread/INFO]: Saving block-graph for 'ServerLevel[world]'/ad_astra:glacio_orbit
[15:23:59] [Server thread/INFO]: Saving block-graph for 'ServerLevel[world]'/ad_astra:mercury_orbit
[15:23:59] [Server thread/INFO]: Saving block-graph for 'ServerLevel[world]'/minecraft:the_end
[15:23:59] [Server thread/INFO]: Saving block-graph for 'ServerLevel[world]'/ad_astra:mercury
[15:23:59] [Server thread/INFO]: Saving block-graph for 'ServerLevel[world]'/ad_astra:moon
[15:23:59] [Server thread/INFO]: Saving block-graph for 'ServerLevel[world]'/ad_astra:earth_orbit
[15:23:59] [Server thread/INFO]: Saving block-graph for 'ServerLevel[world]'/ad_astra:moon_orbit
[15:23:59] [Server thread/INFO]: Saving block-graph for 'ServerLevel[world]'/ae2:spatial_storage
[15:23:59] [Server thread/INFO]: Saving block-graph for 'ServerLevel[world]'/ad_astra:glacio
[15:23:59] [Server thread/INFO]: Saving block-graph for 'ServerLevel[world]'/ad_astra:venus
[15:23:59] [Server thread/INFO]: closing rrp automobility:data
[15:23:59] [Server thread/INFO]: closing rrp minecraft:phonos_data
[15:23:59] [Server thread/INFO]: closing rrp automobility:data
[15:23:59] [Server thread/INFO]: closing rrp minecraft:phonos_data
[15:23:59] [Server thread/INFO]: Shutting down map thread
